id_client,nom,prenom,email,date_naissance,sexe,ville,telephone,date_inscription,canal_acquisition
CLI01580,Tahiri,Yasmine,yasmine.tahiri@outlook.com,1977-09-24,0,Rabat,0636702751,2023-10-09,Google SEO
CLI02728,Naciri,Houda,houda_naciri@menara.ma,1982-06-15,F,Agadir,0743189100,2025-01-03,Recommandation
CLI03267,Tahiri,Riad,riad.tahiri@yahoo.fr,2008-11-22,male,Safi,0746422730,2024-05-31,Google SEO
CLI97374,Bouyahia,Aicha,aicha_bouyahia@hotmail.com,1979-02-14,female,Fès,0613191075,2022-05-22,Facebook
CLI03363,Drissi,Reda,reda-drissi64@outlook.com,1995-06-08,1,Casablanca,0776238026,2022-07-21,Direct
CLI03971,Ksikes,Riad,riad-ksikes@outlook.com,2003-03-01,Homme,Marrakech,0797261424,2022-07-05,Recommandation
CLI04186,Zeroual,Aicha,aichazeroual@gmail.com,1960-10-01,0,rabat,0697673148,2023-10-06,Instagram
CLI00163,Moussaoui,Ayoub,ayoub-moussaoui@yahoo.fr,2009-09-17,1,Béni Mellal,0671296666,2023-02-06,Direct
CLI03280,Fennich,Hamid,hamidfennich@outlook.com,1982-06-25,m,Taza,0720892799,2023-09-12,Direct
CLI00428,Lahlou,Issam,issam_lahlou91@outlook.com,1985-03-17,M,El Jadida,0702374167,2023-12-21,Affichage
CLI00834,Rhazouani,Zakaria,zakariarhazouani@menara.ma,1990-05-23,male,Oujda,0671472463,2024-07-26,Google SEO
CLI02711,Errami,Oumaima,oumaima-errami@yahoo.fr,1979-11-12,female,Marrakech,0676471862,2024-05-31,TV
CLI04086,Moussaoui,Zineb,zinebmoussaoui@yahoo.fr,1994-12-27,female,Tanger,0615959318,2024-07-06,TikTok
CLI04849,Bouyahia,Rachid,rachid-bouyahia@outlook.com,1967-02-11,male,El Jadida,0745252416,2022-09-18,Instagram
CLI04346,Benjelloun,Khalid,khalid.benjelloun75@hotmail.com,1994-11-23,Homme,Tanger,0796160505,2025-04-11,Google SEO
CLI01983,El Mansouri,Oumaima,oumaima-elmansouri93@yahoo.fr,1890-01-01,Femme,meknes,0766847072,2024-12-15,Influenceur
CLI03176,Benali,Siham,siham-benali67@hotmail.com,2001-02-28,0,Tétouan,0715010239,2025-03-29,Recommandation
CLI03253,Lamrani,Riad,riad_lamrani47@menara.ma,1953-12-12,M,Taza,0717715564,2024-08-26,Affichage
CLI95855,Zeroual,Latifa,latifazeroual@outlook.com,2006-08-25,0,Marrakech,0714337004,2023-07-15,TV
CLI03427,Berrada,Latifa,latifa_berrada@yahoo.fr,2007-11-06,f,Marrakech,0690025587,2024-09-27,Affichage
CLI02138,Berrada,Latifa,latifaberrada@gmail.com,1964-01-11,female,Marrakech,0714119101,2024-05-09,Recommandation
CLI01598,Alaoui,Meryem,meryem_alaoui32@yahoo.fr,1945-05-31,0,KENITRA,0672094803,2024-05-11,Influenceur
CLI03913,Bouyahia,Ali,ali.bouyahia@yahoo.fr,2004-05-18,Homme,tangier,0603082736,2025-08-15,Email
CLI04971,Bensouda,Najat,najatbensouda50@outlook.com,1996-05-16,F,Tanger,0652331907,2025-12-13,Facebook
CLI00159,Mernissi,Ilham,ilham.mernissi@gmail.com,1962-08-04,female,Casablanca,0715454443,2022-06-30,Facebook
CLI00998,El Mansouri,Brahim,brahimelmansouri47@gmail.com,2004-06-09,m,Marrakech,0619839248,2025-06-15,Recommandation
CLI01043,Benkirane,Btissam,btissam_benkirane@hotmail.com,1980-09-18,F,Kenitra,0749426942,2026-04-19,Google SEO
CLI03290,Alaoui,Hicham,hicham.alaoui@menara.ma,1998-07-16,male,Casablanca,0745527537,2023-04-24,Google SEO
CLI04422,Benkirane,Hamid,hamid-benkirane62@yahoo.fr,2009-11-18,Homme,Kenitra,0766342833,2023-09-01,Facebook
CLI00693,Alaoui,Dounia,douniaalaoui@hotmail.com,2004-01-03,0,Marrakech,0705766194,2025-10-06,TikTok
CLI03783,El Khamlichi,Youssef,youssef.elkhamlichi36@gmail.com,1982-05-12,1,Oujda,0651210753,2023-12-04,TikTok
CLI01740,Ouazzani,Mariam,mariam.ouazzani@outlook.com,1996-11-27,F,Marrakech,0762164834,2024-08-31,Facebook
CLI03537,El Hamdouchi,Kawtar,kawtar-elhamdouchi@gmail.com,1995-01-05,0,Fès,0618087537,2024-09-02,Recommandation
CLI02370,Tazi,Youssef,yousseftazi@yahoo.fr,2001-06-16,male,Casablanca,0795458446,2025-08-23,TikTok
CLI03403,El Ghazi,Rim,rim-elghazi@yahoo.fr,1990-08-20,F,Oujda,0660771497,2025-07-28,Influenceur
CLI00154,Filali,Mustapha,mustaphafilali@outlook.com,1950-05-02,Homme,FES,0706530745,2022-12-02,Google SEO
CLI01124,Lahlou,Nabil,nabil.lahlou42@yahoo.fr,1974-01-11,m,Kenitra,0608580018,2025-10-19,Direct
CLI01815,Ouazzani,Nassim,nassim.ouazzani@outlook.com,2008-10-31,male,Tanger,0773213678,2023-06-03,Affichage
CLI04701,Naciri,Siham,sihamnaciri3@yahoo.fr,1954-12-09,f,Marrakech,0785277130,2025-06-20,TikTok
CLI04973,El Amrani,Fatima,fatima_elamrani@menara.ma,1964-03-23,female,agadir,0749513498,2024-02-26,TikTok
CLI02288,El Hajjaji,Souad,souad-elhajjaji@gmail.com,1998-04-23,0,Oujda,0708332710,2023-04-21,Recommandation
CLI99416,El Ouafi,Manal,manalelouafi44@outlook.com,1967-07-19,f,Marrakech,0644991615,2023-01-31,TV
CLI00248,Idrissi,Sanaa,sanaa.idrissi@menara.ma,1998-09-04,female,Marrakech,0795489952,2022-05-15,TV
CLI02624,El Hamdouchi,Manal,manal-elhamdouchi@menara.ma,1999-08-21,f,Agadir,0673984855,2022-04-11,Google SEO
CLI01437,El Hajjaji,Zineb,zineb-elhajjaji53@outlook.com,1989-12-17,F,RABAT,0612138078,2023-12-27,Facebook
CLI04442,Chakir,Houda,houdachakir@hotmail.com,1983-09-27,0,Tanger,0777793208,2024-09-05,Facebook
CLI94523,Drissi,Anass,anass.drissi@hotmail.com,1982-11-16,m,Tnja,0654825627,2023-01-20,Email
CLI00338,Hajji,Nabil,nabil-hajji@hotmail.com,1986-03-29,Homme,agadir,0622777079,2023-12-19,Email
CLI00688,Chraibi,Ilham,ilham.chraibi84@menara.ma,1987-12-16,f,Tanger,0691114281,2025-01-03,Direct
CLI00138,El Amrani,Abdellatif,abdellatif-elamrani@yahoo.fr,2003-05-27,M,Meknès,0788317121,2026-02-27,Google SEO
CLI00092,Benkirane,Riad,riadbenkirane@menara.ma,1983-01-07,1,tanja,0785191088,2025-11-15,Email
CLI04623,El Moussaoui,Walid,walid.elmoussaoui@menara.ma,1986-03-31,1,Béni Mellal,0793536103,2022-10-29,Affichage
CLI04619,Benjelloun,Younes,younes-benjelloun@outlook.com,1966-10-31,Homme,dar beida,0701366220,2024-07-22,Influenceur
CLI02644,Guerrouj,Hamid,hamid_guerrouj@gmail.com,1990-09-23,H,Meknès,0794147904,2022-08-21,Recommandation
CLI01938,El Amrani,Hajar,hajar-elamrani@outlook.com,1975-05-31,f,OUJDA,0697591448,2022-05-04,TV
CLI03143,El Hajjaji,Hafida,hafida-elhajjaji25@gmail.com,1947-06-17,0,El Jadida,0637242046,2025-06-09,TikTok
CLI03982,Kettani,Hamid,hamid-kettani@outlook.com,1890-01-01,1,Fès,0759106183,2022-08-20,TikTok
CLI00208,El Moussaoui,Reda,reda.elmoussaoui@menara.ma,1987-09-20,Homme,fez,0603691559,2024-07-24,Recommandation
CLI00260,Mernissi,Hicham,hicham.mernissi77@menara.ma,1961-12-02,1,MARRAKECH,0690227846,2025-02-10,TV
CLI04279,El Bakkali,Latifa,latifa-elbakkali@yahoo.fr,1947-12-16,female,Nador,0641759164,2025-08-27,Affichage
CLI00830,Ksikes,Issam,issamksikes@menara.ma,1999-09-21,1,Fès,0727203886,2025-03-05,Facebook
CLI02267,El Ouafi,Ilyas,ilyas_elouafi33@hotmail.com,1977-04-08,1,Béni Mellal,0608967604,2026-02-22,Google SEO
CLI01284,Tahiri,Ilham,ilhamtahiri@hotmail.com,1988-11-04,Femme,kenitra,0682801832,2025-04-16,Email
CLI04989,Chakir,Latifa,latifa_chakir@outlook.com,1977-06-08,f,Fès,0608465642,2023-04-18,Email
CLI02690,Saidi,Tarik,tarik.saidi36@yahoo.fr,1957-05-29,Homme,Taza,0697327860,2025-04-14,Facebook
CLI04571,Hajji,Yasmine,yasminehajji@gmail.com,1974-06-13,Femme,Meknès,0648292294,2023-05-08,Email
CLI04132,Mernissi,Houssam,houssam_mernissi76@gmail.com,1963-11-01,H,Tétouan,0611291974,2025-12-01,Facebook
CLI99304,Kettani,Nabil,nabil-kettani19@yahoo.fr,1974-07-23,H,Tétouan,0689119083,2022-03-31,Email
CLI00683,Bensouda,Rachid,rachidbensouda79@hotmail.com,1989-02-12,m,Safi,0769967331,2024-12-28,Instagram
CLI02383,El Andaloussi,Hicham,hichamelandaloussi@hotmail.com,1947-06-14,male,Rabat,0758701311,2024-04-27,Instagram
CLI03081,Hajji,Khadija,khadijahajji65@outlook.com,1979-10-13,Femme,Casablanca,0628296380,2022-05-01,Facebook
CLI04099,Bouyahia,Bilal,bilal-bouyahia@menara.ma,1986-02-23,M,Fès,0651589527,2024-10-08,Direct
CLI01701,Fennich,Malika,malika.fennich@gmail.com,1996-06-08,Femme,Meknès,0732448343,2023-09-26,Affichage
CLI02756,Ziani,Driss,driss_ziani22@outlook.com,2005-03-10,H,Taza,0640077160,2023-01-10,Instagram
CLI00114,Oulhaj,Ilyas,ilyas-oulhaj@outlook.com,1950-06-08,H,Oujda,0646112545,2026-03-12,Direct
CLI01403,Oulhaj,Simo,simo-oulhaj@gmail.com,1946-12-30,H,rabat,0799271560,2024-12-13,Email
CLI00794,Kettani,Sara,sara.kettani@menara.ma,2009-07-15,female,Tétouan,0719126022,2022-06-25,Instagram
CLI03108,Benjelloun,Youssef,youssef.benjelloun57@gmail.com,1975-07-21,1,Meknès,0712124987,2024-04-18,Influenceur
CLI02113,Belkadi,Ali,ali_belkadi@outlook.com,1986-08-14,H,Agadir,0728397830,2023-02-28,Instagram
CLI00329,Bakkali,Nour,nourbakkali7@gmail.com,1981-02-09,F,Meknès,0670758777,2023-09-18,Instagram
CLI02923,Benomar,Meryem,meryem_benomar52@hotmail.com,1890-01-01,0,Nador,0658198365,2026-02-03,Instagram
CLI01134,Tahiri,Simo,simo-tahiri91@hotmail.com,1960-09-08,H,Oujda,0627638354,2024-06-07,Email
CLI04367,Hajji,Houssam,houssam-hajji@gmail.com,2007-11-15,male,Oujda,0741814695,2024-05-25,Google SEO
CLI02166,Belkadi,Najat,najat_belkadi96@gmail.com,1970-08-15,Femme,Nador,0654722405,2025-07-15,TikTok
CLI02753,Benali,Omar,omar-benali@gmail.com,1966-08-10,1,Kenitra,0735062925,2022-08-13,Affichage
CLI00585,Bouazza,Hassan,hassan.bouazza@menara.ma,1989-08-22,male,Tétouan,0616477251,2023-09-15,Facebook
CLI02021,Tahiri,Walid,walid.tahiri59@yahoo.fr,1949-10-07,m,Tétouan,0767099608,2022-12-31,Direct
CLI04441,Benkirane,Hassan,hassanbenkirane89@yahoo.fr,1980-05-02,M,Fès,0734631847,2025-02-28,Influenceur
CLI04839,Bakkali,Zakaria,zakaria-bakkali@menara.ma,1985-06-06,m,Fès,0603574123,2023-02-13,Instagram
CLI03335,Bouyahia,Ghita,ghita_bouyahia@gmail.com,1973-04-16,female,casa,0745128272,2026-01-16,TV
CLI03405,El Khamlichi,Houda,houdaelkhamlichi@gmail.com,1998-02-17,0,Nador,0698402709,2025-05-18,Recommandation
CLI02953,Tahiri,Reda,reda.tahiri46@outlook.com,1998-03-25,m,rabat,0644079043,2024-10-14,Affichage
CLI01515,Tazi,Jamal,jamal.tazi@yahoo.fr,1947-03-16,m,Rabat,0723525600,2024-07-10,Affichage
CLI01705,El Hajjaji,Ali,ali.elhajjaji@gmail.com,1950-08-20,Homme,Rabat,0715386426,2026-04-17,Direct
CLI02869,Bensouda,Ali,ali_bensouda@hotmail.com,1966-01-03,1,Kenitra,0776600974,2022-07-07,TV
CLI00198,Ouazzani,Aicha,aicha-ouazzani@outlook.com,1961-11-20,female,Tétouan,0662473149,2022-06-05,Affichage
CLI02956,El Ouafi,Nassim,nassimelouafi@gmail.com,1983-04-02,male,Meknès,0791239449,2023-01-10,Recommandation
CLI00489,Kettani,Samir,samirkettani@menara.ma,1973-01-23,male,Safi,0766144942,2022-07-12,TV
CLI01940,Filali,Anass,anassfilali@hotmail.com,2004-11-24,Homme,Tétouan,0687162897,2025-09-15,Recommandation
CLI00521,El Khamlichi,Dounia,douniaelkhamlichi@hotmail.com,1975-03-27,Femme,Kenitra,0745652203,2023-03-03,Influenceur
CLI03481,Guerrouj,Jamal,jamal-guerrouj@outlook.com,1974-04-10,m,Taza,0660634051,2022-04-22,Email
CLI00088,Hajji,Kawtar,kawtar-hajji@yahoo.fr,2003-03-24,Femme,Tétouan,0626206724,2022-04-12,Google SEO
CLI01801,Errami,Rim,rim_errami@outlook.com,1975-09-07,female,Tanger,0799096781,2023-09-26,TV
CLI03351,El Ouafi,Soufiane,soufianeelouafi@yahoo.fr,1979-01-10,male,Safi,0682270697,2023-06-10,Direct
CLI01984,El Khamlichi,Houda,houdaelkhamlichi@menara.ma,1956-02-06,Femme,marrakech,0688233097,2023-08-11,Google SEO
CLI03635,Bensouda,Adil,adilbensouda53@gmail.com,1982-04-24,M,El Jadida,0706198780,2023-11-02,Instagram
CLI00806,Benali,Naima,naima.benali76@gmail.com,1947-06-15,female,El Jadida,0793881949,2026-03-22,Google SEO
CLI00977,Errami,Hamid,hamid-errami@outlook.com,1951-07-09,male,Meknès,0686746300,2024-06-11,Google SEO
CLI04452,Lahlou,Salma,salma-lahlou@gmail.com,1990-05-30,F,Oujda,0686502136,2025-05-07,Google SEO
CLI00142,Chraibi,Malika,malika.chraibi61@yahoo.fr,1964-07-22,female,Fès,0780396522,2022-08-25,Email
CLI02442,El Khamlichi,Omar,omar_elkhamlichi@hotmail.com,1967-09-27,m,fes,0791488151,2023-08-21,Recommandation
CLI02513,Benkirane,Mehdi,mehdi_benkirane@menara.ma,1985-10-30,H,Casablanca,0736771775,2024-01-03,Facebook
CLI03992,Cherkaoui,Jamal,jamal-cherkaoui@yahoo.fr,2007-10-17,Homme,Safi,0740791370,2023-12-13,TikTok
CLI02009,Belkadi,Youssef,youssef-belkadi@outlook.com,1946-09-11,Homme,Fès,0736918454,2022-09-05,Recommandation
CLI01063,Benkirane,Amina,amina-benkirane@hotmail.com,2002-05-06,female,Béni Mellal,0670851732,2025-11-26,Affichage
CLI04081,El Ouafi,Laila,lailaelouafi@menara.ma,1948-04-30,0,Oujda,0709061435,2024-03-03,Influenceur
CLI00900,El Ghazi,Riad,riad_elghazi@yahoo.fr,1974-01-20,M,Tanger,0623095862,2024-11-07,TV
CLI04550,Ksikes,Houda,houda-ksikes37@hotmail.com,1987-01-15,Femme,Safi,0701268213,2023-01-18,Email
CLI03470,Guerrouj,Hind,hindguerrouj72@hotmail.com,1996-09-09,female,tng,0790177069,2025-07-03,Google SEO
CLI01621,El Amrani,Nabil,nabil_elamrani@menara.ma,1984-01-11,m,Kenitra,0723065940,2023-05-02,Google SEO
CLI00061,Hajji,Ali,ali-hajji57@gmail.com,1953-08-25,H,Meknès,0759051518,2024-09-29,Influenceur
CLI03236,El Hajjaji,Karim,karimelhajjaji68@yahoo.fr,2001-09-07,m,Nador,0739125525,2025-08-09,Google SEO
CLI02518,El Hamdouchi,Jamal,jamal-elhamdouchi@gmail.com,2004-07-07,M,Casablanca,0773079099,2023-12-26,Instagram
CLI03515,Saidi,Nadia,@sansdomaine,1975-04-15,Femme,Taza,0676097137,2024-07-31,Direct
CLI01145,Alaoui,Hassan,hassanalaoui@outlook.com,1962-09-09,H,Casablanca,0681074916,2022-12-09,Instagram
CLI01313,Bakkali,Zineb,zineb.bakkali@yahoo.fr,1998-02-02,f,Oujda,0674215319,2024-02-20,Email
CLI03074,Oulhaj,Youssef,youssef.oulhaj@hotmail.com,1963-01-18,m,Tétouan,0708953897,2025-07-30,Google SEO
CLI02049,Fennich,Hicham,hicham.fennich@menara.ma,2000-12-18,m,Fès,0707727204,2022-05-20,TikTok
CLI04711,Benomar,Amina,amina-benomar@gmail.com,2004-09-12,Femme,Taza,0690852594,2023-04-10,Influenceur
CLI03354,Fennich,Simo,simo-fennich@outlook.com,1969-06-03,1,Tanger,0602315218,2023-07-04,Google SEO
CLI01755,Moussaoui,Ahmed,ahmedmoussaoui@outlook.com,1980-10-25,M,Kenitra,0632659845,2025-05-08,Google SEO
CLI04093,El Hamdouchi,Hind,hind-elhamdouchi@hotmail.com,1967-09-02,0,Tanger,0621244641,2023-07-19,Influenceur
CLI04103,El Moussaoui,Simo,simo.elmoussaoui@gmail.com,1996-09-02,M,Agadir,0758868022,2025-09-07,Influenceur
CLI03749,Fennich,Ayoub,ayoubfennich@yahoo.fr,1946-10-12,1,Béni Mellal,0713008710,2022-07-12,Influenceur
CLI00251,Tahiri,Dounia,douniatahiri@outlook.com,2002-08-15,female,Kenitra,0639551240,2023-03-21,TikTok
CLI01129,El Andaloussi,Widad,widadelandaloussi@hotmail.com,1997-06-04,f,béni mellal,0648433913,2025-11-28,Email
CLI02088,Ksikes,Salma,salma.ksikes@outlook.com,1995-10-14,f,Safi,0731766024,2025-12-16,Recommandation
CLI04536,El Ghazi,Sara,saraelghazi@outlook.com,1959-10-30,Femme,Casablanca,0721162442,2024-12-20,Instagram
CLI04195,El Fassi,Ali,ali-elfassi36@gmail.com,1990-07-22,Homme,Fès,0602725752,2025-10-23,Facebook
CLI04474,Rhazouani,Ilyas,ilyas_rhazouani@menara.ma,1982-06-26,m,kénitra,0733511552,2024-12-28,Recommandation
CLI02607,Bouazza,Rania,rania.bouazza97@hotmail.com,2002-09-08,female,Tanger,0780192271,2024-06-30,Influenceur
CLI02205,Ziani,Amine,amineziani@gmail.com,2006-07-16,1,Béni Mellal,0716619076,2023-05-02,Recommandation
CLI01095,Idrissi,Jamal,jamal_idrissi@gmail.com,1965-01-07,male,Nador,0741899740,2024-11-22,Facebook
CLI03590,El Ghazi,Younes,younes_elghazi22@menara.ma,1965-05-28,male,Fès,0709420659,2024-04-22,TV
CLI03387,Alaoui,Salma,salma.alaoui@menara.ma,2009-09-26,female,Marrakech,0687443730,2025-09-04,TikTok
CLI03037,Bouyahia,Sara,sarabouyahia38@menara.ma,1962-06-25,0,Agadir,0628163799,2026-01-25,Influenceur
CLI03069,Kettani,Zakaria,zakaria_kettani95@menara.ma,1965-09-01,1,Oujda,0645919878,2024-10-01,Instagram
CLI04025,El Amrani,Hanane,hanane.elamrani@hotmail.com,1953-10-12,Femme,Tétouan,0615730452,2026-04-01,Email
CLI04499,Tazi,Mohammed,mohammedtazi@yahoo.fr,1954-10-27,male,Nador,0730016388,2025-01-03,Instagram
CLI01459,Chraibi,Dounia,dounia.chraibi@outlook.com,1984-03-13,F,Safi,0610570399,2023-07-18,Influenceur
CLI04716,Hajji,Mariam,mariam_hajji@gmail.com,1977-02-26,Femme,marrakesh,0664068580,2023-03-31,Influenceur
CLI02082,Benhaddou,Hind,hind.benhaddou@outlook.com,1977-06-19,Femme,Fès,0675618453,2022-05-12,TikTok
CLI03235,El Moussaoui,Nadia,nadiaelmoussaoui@outlook.com,1972-11-23,0,Kenitra,0668089880,2023-07-10,TV
CLI03489,Benhaddou,Siham,siham.benhaddou@menara.ma,2008-04-01,0,Marrakech,0650995756,2022-03-25,Affichage
CLI02436,Hajji,Widad,widad.hajji59@yahoo.fr,1970-08-18,Femme,Fès,0605609446,2025-06-22,Instagram
CLI03096,El Ghazi,Sara,saraelghazi1@outlook.com,1956-08-28,Femme,Nador,0752889737,2025-04-23,Affichage
CLI03040,El Moussaoui,Tarik,tarikelmoussaoui@gmail.com,1986-08-14,male,Safi,0702456453,2022-08-05,Instagram
CLI00519,El Hamdouchi,Yasmine,yasmineelhamdouchi5@gmail.com,1955-05-08,0,Taza,0765268341,2023-05-13,TikTok
CLI03263,Lahlou,Adil,adil-lahlou@hotmail.com,2009-03-18,H,Tnja,0618689383,2025-03-15,TV
CLI01148,Belkadi,Manal,manal-belkadi14@gmail.com,1966-10-08,0,Agadir,0784227172,2025-03-01,Influenceur
CLI02931,El Mansouri,Hanane,hanane_elmansouri72@menara.ma,1974-01-04,F,Meknès,0607481335,2025-03-18,Email
CLI03940,Belkadi,Nassim,nassim-belkadi@menara.ma,1949-12-24,1,Rabat,0646929783,2022-05-03,Direct
CLI01226,Fennich,Amine,amine.fennich@outlook.com,2015-06-01,H,Rabat,0600521410,2023-08-18,Direct
CLI00937,Ksikes,Btissam,btissam-ksikes@outlook.com,1972-10-06,0,Taza,0618726001,2023-08-23,Email
CLI03950,Lahlou,Sanaa,sanaa-lahlou@hotmail.com,1992-08-06,0,Oujda,0779630235,2022-09-10,TV
CLI04066,Kettani,Sanaa,sanaa.kettani76@menara.ma,2005-10-15,Femme,Nador,0690410406,2025-11-12,Email
CLI04254,Bensouda,Mustapha,mustapha_bensouda@outlook.com,1960-11-25,male,Meknès,0613176158,2023-12-02,Influenceur
CLI03799,Boulahia,Simo,simo-boulahia@gmail.com,2010-05-06,H,Nador,0722612471,2022-04-20,Email
CLI01200,Tazi,Hicham,hicham-tazi@outlook.com,1953-08-30,H,El Jadida,0676165228,2022-05-30,TV
CLI00316,Ksikes,Latifa,latifaksikes@menara.ma,2002-08-14,female,El Jadida,0766513644,2025-06-27,Facebook
CLI04263,El Khamlichi,Adil,adil_elkhamlichi@menara.ma,1995-03-29,1,Marrakech,0742219914,2022-09-09,Email
CLI03416,Lamrani,Hamid,hamid.lamrani@yahoo.fr,1970-05-02,Homme,Nador,0720696577,2022-10-20,Influenceur
CLI01075,Chakir,Houssam,houssam_chakir@yahoo.fr,1973-05-25,M,Casablanca,0681896558,2025-10-28,Email
CLI03029,El Amrani,Rim,rimelamrani@hotmail.com,1966-10-07,F,Meknès,0672772365,2026-01-07,Direct
CLI02470,El Hajjaji,Soufiane,soufiane-elhajjaji22@yahoo.fr,1950-05-04,M,Meknès,0768685843,2022-12-10,Instagram
CLI02664,El Moussaoui,Riad,riad.elmoussaoui@gmail.com,2008-04-20,m,Taza,0682637419,2025-01-02,Affichage
CLI02503,Chraibi,Ilham,ilham-chraibi@yahoo.fr,2002-12-27,female,Fès,0630766170,2025-11-05,Influenceur
CLI02680,Kettani,Nassim,nassimkettani@menara.ma,1948-08-19,1,Safi,0696511988,2022-05-06,Affichage
CLI04524,Belkadi,Houda,houda_belkadi@gmail.com,1992-02-25,f,beni mellal,0773842918,2023-04-20,Recommandation
CLI02006,Tahiri,Loubna,loubna_tahiri@hotmail.com,1952-08-17,female,Tétouan,0673128211,2024-07-03,Instagram
CLI02849,Guerrouj,Houssam,houssam-guerrouj@gmail.com,1979-08-13,m,Béni Mellal,0731189230,2025-12-16,Direct
CLI00493,Alaoui,Omar,omar-alaoui@menara.ma,1947-03-14,male,Marrakech,0707931102,2025-06-19,TV
CLI02133,Cherkaoui,Latifa,latifa_cherkaoui53@hotmail.com,1973-09-02,Femme,Casablanca,0648709295,2025-07-19,Instagram
CLI04100,Idrissi,Tarik,tarik_idrissi@outlook.com,1965-04-19,1,El Jadida,0682823266,2022-08-27,Affichage
CLI02209,Ksikes,Naima,naimaksikes@menara.ma,1960-01-29,F,Rabat,0602492785,2024-11-25,Facebook
CLI01618,Oulhaj,Hafida,hafidaoulhaj@hotmail.com,1965-03-22,f,Casablanca,0774513636,2025-10-10,TikTok
CLI04797,Boulahia,Nour,nour.boulahia@hotmail.com,2015-06-01,F,Nador,0731824670,2023-04-25,Instagram
CLI00223,El Khamlichi,Zakaria,zakariaelkhamlichi@yahoo.fr,1990-04-06,1,Kenitra,0770862095,2024-11-08,TV
CLI00242,Rhazouani,Youssef,youssef.rhazouani51@hotmail.com,1971-12-21,H,El Jadida,0677181298,2026-01-10,Facebook
CLI01120,El Ouafi,Siham,sihamelouafi4@gmail.com,1989-01-23,0,Marrakech,0756426018,2023-10-07,Influenceur
CLI03247,Boulahia,Ali,aliboulahia50@menara.ma,1988-03-15,male,Safi,0757076214,2024-04-18,Instagram
CLI03780,Ziani,Younes,younes-ziani@hotmail.com,1980-10-21,m,Oujda,0796126907,2025-01-22,Facebook
CLI01010,Oulhaj,Laila,laila.oulhaj@hotmail.com,1988-02-06,Femme,Béni Mellal,0614264710,2023-02-22,Influenceur
CLI04046,Errami,Latifa,latifa.errami72@gmail.com,1975-08-09,Femme,Kenitra,0635676115,2022-10-28,Influenceur
CLI01372,Idrissi,Hafida,hafida_idrissi67@outlook.com,1958-09-24,f,Safi,0784817036,2022-10-08,Instagram
CLI00297,Guerrouj,Samir,malformé@,2001-07-10,M,Rabat,0792326487,2024-01-04,Google SEO
CLI03238,Belkadi,Rim,rim_belkadi@menara.ma,1955-09-24,F,Tanger,0789883362,2024-03-05,Affichage
CLI01901,El Hamdouchi,Fatima,fatima_elhamdouchi@outlook.com,1980-06-21,f,Agadir,0717635241,2025-01-24,Email
CLI02674,El Mansouri,Abdellatif,abdellatif-elmansouri@gmail.com,1969-08-10,male,eljadida,0639677839,2023-09-13,Google SEO
CLI00957,El Bakkali,Houda,houdaelbakkali@outlook.com,1967-01-10,female,Marrakech,0661019753,2024-11-25,TikTok
CLI03160,Tazi,Nadia,nadia_tazi76@hotmail.com,1979-08-09,female,Fès,0614231154,2022-11-18,Direct
CLI03117,Benhaddou,Aicha,aichabenhaddou@yahoo.fr,1968-07-06,0,Nador,0700175504,2025-05-17,TV
CLI01144,Oulhaj,Meryem,meryem_oulhaj@gmail.com,1971-09-21,f,Kenitra,0641128745,2023-05-31,Facebook
CLI01799,Cherkaoui,Nabil,nabil.cherkaoui61@outlook.com,2001-09-15,male,Casablanca,0653764298,2023-03-25,Email
CLI00452,Benkirane,Khalid,khalid.benkirane@menara.ma,1991-04-29,1,Marrakech,0627113322,2026-02-14,Affichage
CLI02407,Filali,Abdellatif,abdellatif.filali22@gmail.com,2004-09-23,M,Fès,0729495760,2025-01-30,Email
CLI04394,Ksikes,Naima,naima.ksikes21@outlook.com,1975-08-08,Femme,Casablanca,0728727651,2022-06-24,Instagram
CLI00844,Lahlou,Houssam,houssamlahlou19@yahoo.fr,1948-12-01,Homme,Taza,0754218545,2022-05-14,Direct
CLI00433,Tahiri,Badr,badr_tahiri@yahoo.fr,1963-01-17,M,Taza,0629109337,2025-11-04,Instagram
CLI00897,Saidi,Yasmine,yasmine_saidi@hotmail.com,2005-07-10,F,Rabat,0771195296,2022-11-16,Email
CLI03673,El Bakkali,Amina,amina-elbakkali@gmail.com,1949-06-25,0,Kenitra,0612269951,2023-09-15,TV
CLI02519,Hajji,Simo,simo_hajji@outlook.com,2015-06-01,H,Fès,0762576210,2026-02-09,TV
CLI03704,Benjelloun,Widad,widad.benjelloun@hotmail.com,1958-12-25,female,Taza,0606841160,2024-06-16,Facebook
CLI00799,Ouazzani,Kawtar,kawtar.ouazzani@yahoo.fr,1949-01-23,f,Tétouan,0671669063,2022-12-22,Facebook
CLI01654,Zeroual,Nadia,nadiazeroual47@yahoo.fr,1952-07-07,0,Kenitra,0660941750,2023-03-30,Facebook
CLI04552,Benjelloun,Adil,adilbenjelloun38@menara.ma,1956-02-29,M,Rabat,0775888714,2025-06-22,Email
CLI04402,Bouyahia,Btissam,btissam.bouyahia76@menara.ma,1977-02-08,F,Agadir,0729987260,2024-09-27,Direct
CLI00884,Kettani,Mehdi,mehdikettani@menara.ma,1990-08-19,m,Tétouan,0697352595,2026-03-08,Email
CLI04655,Guerrouj,Siham,siham_guerrouj@outlook.com,1973-07-09,f,casablanca,0665227204,2024-02-16,Email
CLI00439,El Fassi,Mariam,mariamelfassi@gmail.com,1952-02-16,0,TANGER,0640422693,2023-08-01,Instagram
CLI01044,Bouyahia,Chaimae,chaimae-bouyahia@gmail.com,1979-11-28,female,Casablanca,0759967069,2026-03-23,Facebook
CLI00454,Bakkali,Samir,samir.bakkali41@outlook.com,1988-12-11,1,Casablanca,0627474721,2024-05-08,TV
CLI01016,Chakir,Amine,amine_chakir@yahoo.fr,2005-07-12,H,Fès,0620235102,2025-04-02,TikTok
CLI00498,Oulhaj,Malika,malika_oulhaj@menara.ma,1959-04-15,female,Casablanca,0677533126,2025-01-12,Influenceur
CLI02868,Errami,Hamid,hamid.errami@menara.ma,1973-03-26,m,Safi,0670704373,2023-12-28,Direct
CLI04438,Benhaddou,Hajar,hajar.benhaddou@menara.ma,2009-02-16,f,Tnja,0640729488,2025-11-18,Email
CLI00754,El Hajjaji,Ahmed,ahmed_elhajjaji@menara.ma,1958-07-17,male,Béni Mellal,0748997184,2023-12-22,Facebook
CLI03085,Oulhaj,Omar,omar.oulhaj@gmail.com,1951-03-23,m,Safi,0611504122,2024-04-01,TikTok
CLI02612,El Ghazi,Mariam,mariam.elghazi66@outlook.com,1991-03-30,female,agadir,0741251218,2024-06-16,Affichage
CLI03258,Moussaoui,Hamid,hamidmoussaoui@gmail.com,1962-11-08,male,AGADIR,0653688908,2025-06-15,TV
CLI00005,El Ghazi,Mohammed,mohammed.elghazi5@hotmail.com,1968-04-10,m,Kenitra,0699737631,2025-02-17,Instagram
CLI01703,El Mansouri,Loubna,loubna-elmansouri@yahoo.fr,1996-02-08,female,mkch,0605932418,2022-08-06,Email
CLI03543,Bakkali,Hafida,hafida_bakkali24@gmail.com,2008-06-27,0,Meknès,0690019907,2025-05-17,Email
CLI02780,Boulahia,Hind,hind-boulahia58@outlook.com,1890-01-01,F,El Jadida,0683890117,2025-09-10,TikTok
CLI03789,Berrada,Souad,souad-berrada@hotmail.com,1987-03-30,F,Taza,0705516297,2025-11-13,Direct
CLI00279,Tazi,Hind,hindtazi@hotmail.com,2005-02-28,female,Béni Mellal,0607100219,2024-03-22,Recommandation
CLI00991,Benali,Widad,widad.benali79@outlook.com,1956-05-17,F,El Jadida,0700320319,2025-10-08,Direct
CLI04559,Tahiri,Nassim,nassimtahiri@menara.ma,1964-11-21,M,Béni Mellal,0787904806,2025-09-20,Google SEO
CLI00761,Drissi,Abdellatif,abdellatifdrissi@hotmail.com,1984-07-18,m,Tanger,0734407779,2025-07-11,Recommandation
CLI02420,El Bakkali,Amine,amineelbakkali@menara.ma,1978-06-12,H,Béni Mellal,0638338768,2025-01-28,Affichage
CLI02191,Chakir,Adil,adilchakir@gmail.com,2015-06-01,m,BENI MELLAL,0731073712,2025-04-14,Facebook
CLI00701,Idrissi,Samira,samira.idrissi18@outlook.com,1972-11-09,F,Safi,0602451091,2024-04-30,Google SEO
CLI04518,Tazi,Ghita,ghita_tazi17@outlook.com,1952-02-26,F,Nador,0604005129,2022-03-28,Recommandation
CLI01022,El Mansouri,Aziz,aziz_elmansouri93@gmail.com,1993-03-20,1,el jadida,0687797247,2022-08-06,TV
CLI04742,Tazi,Mehdi,mehdi-tazi@gmail.com,1982-02-20,H,Rabat,0621878542,2023-10-18,Direct
CLI01512,Benhaddou,Rim,rim_benhaddou@outlook.com,1953-10-12,f,Kenitra,0776691953,2022-10-25,Google SEO
CLI00756,Zeroual,Omar,omar.zeroual@menara.ma,1959-06-26,Homme,Safi,0723483893,2026-02-28,TikTok
CLI04868,El Andaloussi,Aziz,aziz_elandaloussi@gmail.com,1978-07-20,male,Marrakech,0613974245,2023-12-12,Affichage
CLI01774,Kettani,Walid,walidkettani@yahoo.fr,1956-09-17,m,FES,0753752574,2022-06-09,Recommandation
CLI00323,El Amrani,Abdellatif,abdellatif.elamrani92@hotmail.com,1993-07-10,H,Oujda,0642954316,2023-10-20,TikTok
CLI03718,Zeroual,Rachid,rachid.zeroual@hotmail.com,1981-04-27,Homme,Agadir,0630121709,2023-08-17,TV
CLI01623,Naciri,Aicha,aicha_naciri82@outlook.com,1949-08-22,F,Béni Mellal,0649997032,2025-04-20,Google SEO
CLI03418,Ksikes,Rabha,rabha-ksikes@outlook.com,2007-09-29,female,Taza,0700381404,2023-07-24,Email
CLI03679,Rhazouani,Adil,adil-rhazouani@outlook.com,1961-01-20,male,Tanger,0680732189,2026-01-19,TikTok
CLI01306,Benomar,Yasmine,yasminebenomar@menara.ma,2002-02-25,F,Meknès,0612232142,2024-02-22,TikTok
CLI04342,Saidi,Ahmed,ahmedsaidi43@yahoo.fr,1946-11-15,m,beni mellal,0689668106,2024-09-27,Email
CLI02290,Moussaoui,Nabil,nabil-moussaoui@yahoo.fr,1947-10-24,M,Tanger,0782994580,2025-07-04,Facebook
CLI01785,Errami,Jamal,jamal_errami12@menara.ma,1955-01-18,male,Tanger,0610166366,2022-07-09,Facebook
CLI02096,Naciri,Sara,saranaciri@menara.ma,1959-07-15,female,Meknès,0691418359,2023-06-05,Google SEO
CLI01987,Ksikes,Reda,reda.ksikes@outlook.com,1989-06-22,H,Tétouan,0703108083,2023-10-10,Recommandation
CLI02263,Errami,Khadija,khadija-errami@gmail.com,1977-03-22,f,MEKNES,0629856724,2023-01-14,Google SEO
CLI00817,Bouazza,Ali,ali-bouazza@gmail.com,1978-11-12,1,oujda,0661337605,2025-06-01,Facebook
CLI00875,El Azzouzi,Hicham,hicham.elazzouzi@yahoo.fr,1982-01-08,1,TAZA,0611587605,2026-02-19,Recommandation
CLI04110,Benjelloun,Latifa,latifa.benjelloun@outlook.com,1976-03-07,Femme,Tanger,0688947578,2022-07-28,Influenceur
CLI03517,Lahlou,Nadia,nadialahlou@menara.ma,1969-01-12,F,Kenitra,0705098221,2025-08-25,Influenceur
CLI02801,El Mansouri,Ilyas,ilyas_elmansouri@hotmail.com,1968-06-30,m,El Jadida,0745085548,2024-07-16,Affichage
CLI03817,Rhazouani,Widad,widad_rhazouani@outlook.com,1988-05-09,F,Safi,0718028823,2022-05-19,TV
CLI03411,Alaoui,Btissam,btissam_alaoui72@outlook.com,1945-06-18,Femme,Marrakech,0638825823,2024-08-31,TikTok
CLI04007,Moussaoui,Rabha,rabha-moussaoui@outlook.com,1990-02-08,0,TAZA,0767781732,2025-07-10,Facebook
CLI02777,Oulhaj,Sanaa,sanaa.oulhaj@outlook.com,1983-06-07,female,Rabat,0618781626,2022-11-04,TV
CLI01593,El Hajjaji,Adil,adil_elhajjaji@outlook.com,1979-11-04,H,Safi,0784383569,2022-08-05,TV
CLI01500,Zeroual,Rabha,rabha_zeroual@outlook.com,1971-07-20,Femme,Oujda,0776911612,2024-11-16,Facebook
CLI04059,Zeroual,Ilyas,ilyas-zeroual@menara.ma,1958-03-17,male,Agadir,0743405416,2023-01-11,Facebook
CLI00602,Berrada,Amina,aminaberrada97@hotmail.com,1966-12-29,0,Casablanca,0769274381,2024-11-24,Instagram
CLI04699,Zeroual,Othmane,othmane.zeroual51@outlook.com,1960-04-13,H,Nador,0665937930,2022-05-31,Instagram
CLI00652,Benali,Ghita,ghitabenali@yahoo.fr,1968-07-07,female,Tétouan,0680271122,2024-07-07,Instagram
CLI00847,Boulahia,Driss,driss.boulahia@gmail.com,2003-03-23,m,Rabat,0711526105,2022-11-28,Email
CLI01289,Boulahia,Abdellatif,abdellatif-boulahia@hotmail.com,1992-03-07,H,Marrakech,0676680984,2025-02-15,Influenceur
CLI03961,El Khamlichi,Amine,amine_elkhamlichi@outlook.com,1949-06-26,M,Oujda,0787806686,2024-05-31,Influenceur
CLI03384,Ksikes,Nadia,nadia-ksikes81@menara.ma,1977-05-09,f,Meknès,0789564598,2024-05-11,Instagram
CLI03504,Tazi,Ilham,ilhamtazi25@yahoo.fr,1995-09-29,F,Béni Mellal,0734188157,2023-08-27,Influenceur
CLI02754,El Ouafi,Riad,riad.elouafi@menara.ma,1978-01-12,H,Rabat,0686556850,2025-12-15,Facebook
CLI00148,Tazi,Houda,houda.tazi@menara.ma,1998-11-17,Femme,FES,0729620153,2022-05-20,Email
CLI02373,Saidi,Simo,simo-saidi@menara.ma,1988-01-22,1,El Jadida,0635668228,2024-06-19,TV
CLI01139,Benhaddou,Brahim,brahimbenhaddou@gmail.com,1952-06-10,male,Fès,0739101612,2025-01-27,TikTok
CLI01305,Naciri,Nadia,nadia.naciri@hotmail.com,2008-05-31,0,Béni Mellal,0765826082,2025-01-19,TikTok
CLI03458,Boulahia,Omar,omar.boulahia@menara.ma,1946-10-12,Homme,EL JADIDA,0760648588,2025-12-17,Affichage
CLI02001,El Khamlichi,Nadia,nadia-elkhamlichi@menara.ma,1989-01-15,0,meknes,0603297744,2024-10-18,Recommandation
CLI04570,Ksikes,Othmane,othmane-ksikes@menara.ma,1983-09-08,Homme,Béni Mellal,0649623402,2022-10-11,Instagram
CLI02107,Bouyahia,Yasmine,yasmine-bouyahia87@outlook.com,2004-03-30,Femme,casa,0643535425,2022-11-14,Influenceur
CLI01851,Lahlou,Hind,hind_lahlou@menara.ma,2006-09-26,0,Kenitra,0693352878,2025-07-03,TV
CLI01175,Benali,Zineb,zineb-benali@hotmail.com,1993-03-24,Femme,Béni Mellal,0637209451,2025-07-11,Influenceur
CLI00766,Errami,Walid,walid-errami21@hotmail.com,1998-08-31,male,Casablanca,0648629857,2025-04-23,TV
CLI01658,Belkadi,Othmane,othmane_belkadi@menara.ma,1975-07-02,H,Safi,0772641879,2024-02-12,Email
CLI03601,Rhazouani,Hajar,hajar-rhazouani@hotmail.com,1948-01-07,0,Rabat,0650240905,2024-09-15,Google SEO
CLI04673,Chraibi,Salma,salma.chraibi@menara.ma,1954-07-23,Femme,Fès,0674025528,2022-08-06,Recommandation
CLI04165,El Hajjaji,Reda,redaelhajjaji@hotmail.com,1989-11-30,M,Rabat,0714529999,2024-08-29,Instagram
CLI04197,Lahlou,Rim,rim_lahlou@menara.ma,2003-05-21,f,Casablanca,0737701438,2025-01-02,TV
CLI00023,Benali,Samira,samira.benali9@yahoo.fr,2005-04-22,Femme,Rabat,0627193745,2022-11-06,Facebook
CLI02924,Idrissi,Soufiane,soufiane_idrissi@menara.ma,1980-09-09,H,Béni Mellal,0605783410,2023-02-06,Affichage
CLI01513,Lahlou,Hafida,hafidalahlou@gmail.com,1972-06-05,Femme,Taza,0626297611,2023-01-25,Influenceur
CLI04329,El Ouafi,Tarik,tarik.elouafi@outlook.com,1952-07-30,H,Tanger,0680768130,2024-11-22,Instagram
CLI03382,Berrada,Driss,drissberrada@hotmail.com,1948-08-10,m,Safi,0736253034,2024-05-07,Facebook
CLI03578,Belkadi,Riad,riad-belkadi8@gmail.com,1966-01-20,H,Casablanca,0730586548,2025-01-01,Email
CLI01770,Hajji,Fouad,fouad-hajji@menara.ma,1949-08-13,m,kénitra,0608183632,2022-07-31,TV
CLI04745,Bensouda,Hafida,hafida.bensouda@gmail.com,1949-12-20,0,Safi,0743913261,2022-06-22,Recommandation
CLI02643,Benkirane,Ahmed,ahmed-benkirane@hotmail.com,1971-12-26,H,Nador,0682903856,2024-04-24,TV
CLI00475,Benomar,Laila,laila_benomar@yahoo.fr,1965-10-25,Femme,Casablanca,0747715910,2022-11-24,Email
CLI00597,El Hamdouchi,Laila,laila_elhamdouchi@gmail.com,1955-06-26,0,Oujda,0618425476,2025-01-21,Affichage
CLI02733,Zeroual,Reda,reda_zeroual@outlook.com,1971-09-01,M,Tétouan,0746146994,2026-01-14,Affichage
CLI00339,Idrissi,Oumaima,oumaima_idrissi92@gmail.com,1954-10-20,Femme,TANGER,0707678997,2022-03-26,Email
CLI02451,Kettani,Kawtar,kawtarkettani@outlook.com,1976-05-11,F,Safi,0781090719,2025-12-06,TikTok
CLI91634,Benomar,Kawtar,kawtarbenomar@yahoo.fr,1991-08-18,f,Tanger,0671487271,2023-07-03,Direct
CLI03112,Bouazza,Youssef,youssef-bouazza64@menara.ma,1995-09-04,1,Marrakech,0728396324,2024-09-21,Direct
CLI02112,Belkadi,Brahim,brahim_belkadi@menara.ma,1960-11-23,M,Nador,0693994310,2025-02-06,TV
CLI01721,Hajji,Adil,adil.hajji36@menara.ma,1948-08-03,1,Agadir,0782453108,2026-01-22,Instagram
CLI03406,Tazi,Samira,samira.tazi@gmail.com,1948-03-20,0,AGADIR,0761563688,2022-04-16,Influenceur
CLI02061,Chakir,Amina,amina_chakir22@menara.ma,1995-09-24,female,El Jadida,0791082965,2022-11-27,Influenceur
CLI00006,Benkirane,Mustapha,mustaphabenkirane@gmail.com,1998-04-08,Homme,Fès,0638726247,2025-09-20,Email
CLI04764,Mernissi,Hind,hind-mernissi84@gmail.com,1993-07-15,0,Fès,0698948470,2025-10-17,Direct
CLI00460,Errami,Dounia,dounia_errami@gmail.com,1958-01-05,F,rabat,0791033682,2025-08-17,TV
CLI03478,Tahiri,Mohammed,mohammed_tahiri51@yahoo.fr,2009-06-28,H,RABAT,0700789493,2022-10-29,TikTok
CLI01185,Boulahia,Dounia,douniaboulahia@outlook.com,1982-01-03,F,Tanger,0652854613,2022-05-08,Google SEO
CLI01840,Mernissi,Hafida,hafidamernissi@yahoo.fr,1993-06-27,female,Agadir,0671972512,2026-01-30,Email
CLI04952,Oulhaj,Khalid,khalid_oulhaj@hotmail.com,1974-09-11,1,El Jadida,0717684151,2026-04-22,Direct
CLI02398,El Moussaoui,Naima,naima-elmoussaoui12@outlook.com,1985-12-16,0,Fès,0760749687,2025-04-12,TikTok
CLI03173,Benomar,Latifa,latifabenomar@outlook.com,1982-01-24,f,marrakesh,0764557531,2025-12-22,Google SEO
CLI04491,El Amrani,Rabha,rabha_elamrani@menara.ma,1992-08-14,f,Oujda,0629807195,2022-05-15,Influenceur
CLI04285,Chakir,Badr,badr.chakir@menara.ma,1989-06-17,m,Marrakech,0665947028,2025-02-18,Instagram
CLI03262,Boulahia,Imane,imane_boulahia@hotmail.com,1983-08-15,f,Oujda,0793359242,2026-04-12,Email
CLI00618,El Azzouzi,Issam,issam.elazzouzi19@yahoo.fr,1979-09-05,m,Tnja,0791815899,2026-01-01,Affichage
CLI02121,Drissi,Youssef,youssef-drissi85@menara.ma,1977-09-15,m,El Jadida,0617056476,2026-01-26,TikTok
CLI03931,Bouyahia,Zakaria,zakariabouyahia@menara.ma,1976-03-20,Homme,Oujda,0686847625,2023-01-04,TV
CLI04659,El Khamlichi,Hassan,hassanelkhamlichi90@hotmail.com,1948-08-29,H,Béni Mellal,0666765438,2026-04-21,Affichage
CLI00357,Benali,Abdellatif,abdellatif.benali@yahoo.fr,1970-03-05,M,Tanger,0639937886,2025-08-27,Instagram
CLI00580,El Hajjaji,Rania,rania_elhajjaji@outlook.com,1957-05-17,0,Agadir,0674033445,2024-01-15,Google SEO
CLI01523,Lahlou,Meryem,meryem.lahlou@gmail.com,1972-05-16,Femme,Kénitra,0610614452,2024-11-08,TV
CLI00315,Hajji,Rania,rania_hajji@menara.ma,1954-06-15,f,Tétouan,0782082973,2024-12-03,Direct
CLI00818,El Khamlichi,Youssef,youssef.elkhamlichi@outlook.com,2008-02-12,1,Rabat,0719165034,2023-07-22,Recommandation
CLI01431,El Azzouzi,Nabil,nabilelazzouzi@hotmail.com,2009-04-16,m,Marrakech,0659720554,2023-12-26,Affichage
CLI03833,El Mansouri,Laila,laila.elmansouri66@hotmail.com,1961-11-07,F,Béni Mellal,0709126671,2024-01-09,Direct
CLI03860,Naciri,Bilal,bilal.naciri@hotmail.com,1961-08-14,m,Rabat,0736138184,2024-03-18,Affichage
CLI03396,Ouazzani,Khalid,khalid_ouazzani98@menara.ma,1992-02-01,m,fes,0608814848,2023-06-25,TV
CLI02111,Boulahia,Rania,raniaboulahia44@hotmail.com,1985-07-19,f,Safi,0629262055,2024-10-22,TikTok
CLI03725,Guerrouj,Kawtar,kawtar.guerrouj33@menara.ma,2015-06-01,female,Tanger,0630223935,2025-06-24,Recommandation
CLI02089,Drissi,Brahim,brahim.drissi28@menara.ma,1980-05-25,H,Oujda,0775546068,2022-11-09,Email
CLI04555,Idrissi,Hanane,hanane.idrissi@hotmail.com,1979-11-18,Femme,Nador,0752297828,2022-09-23,Google SEO
CLI00898,Oulhaj,Zineb,zineboulhaj45@gmail.com,1996-02-17,0,Meknès,0731594898,2025-03-05,TV
CLI00901,El Azzouzi,Nabil,nabil_elazzouzi14@gmail.com,2008-07-18,H,tng,0707548534,2025-09-08,Influenceur
CLI03311,Ksikes,Ghita,ghita_ksikes@outlook.com,1960-05-28,female,casa,0768808596,2022-12-27,Influenceur
CLI03972,Ziani,Younes,younesziani@yahoo.fr,1990-01-21,1,Rabat,0794465517,2022-07-04,Email
CLI04815,Berrada,Dounia,dounia.berrada42@yahoo.fr,1969-09-10,female,Taza,0616282308,2022-04-21,Affichage
CLI91649,Errami,Hicham,hichamerrami@yahoo.fr,2015-06-01,M,Safi,0653251218,2025-08-27,Google SEO
CLI03685,Belkadi,Latifa,latifa_belkadi16@outlook.com,1967-11-09,0,fez,0662308172,2023-01-12,Influenceur
CLI02649,El Hamdouchi,Souad,souad_elhamdouchi34@hotmail.com,1965-06-13,Femme,Rabat,0700489974,2025-08-06,Recommandation
CLI01004,Guerrouj,Jamal,jamal_guerrouj@outlook.com,1961-04-23,m,Safi,0727288407,2024-02-14,Influenceur
CLI04286,Chraibi,Hicham,hichamchraibi@yahoo.fr,1967-10-12,male,Casablanca,0768574945,2023-08-26,Facebook
CLI03640,El Azzouzi,Najat,najat.elazzouzi27@gmail.com,1988-08-07,F,casablanca,0662241748,2024-10-30,Influenceur
CLI04561,Errami,Mehdi,mehdi_errami@outlook.com,1947-08-06,1,Rabat,0758314091,2023-12-13,Direct
CLI04478,El Ouafi,Othmane,othmaneelouafi@hotmail.com,1890-01-01,H,Casablanca,0773971263,2022-07-14,Direct
CLI01107,Bouyahia,Chaimae,chaimae.bouyahia81@hotmail.com,2006-06-18,Femme,Casablanca,0698861820,2023-04-08,Direct
CLI03334,Chraibi,Nabil,nabil-chraibi@gmail.com,1995-05-17,m,Nador,0656100726,2024-08-22,Google SEO
CLI00709,Mernissi,Issam,issam.mernissi10@outlook.com,1974-08-14,M,Kenitra,0790793884,2026-03-29,Instagram
CLI04200,Chraibi,Chaimae,chaimae_chraibi@outlook.com,1955-07-24,F,Rabat,0790873338,2022-05-06,Instagram
CLI02015,Berrada,Manal,manalberrada@yahoo.fr,1961-02-17,0,Tanger,0677157368,2024-10-09,TikTok
CLI02879,Guerrouj,Latifa,latifa.guerrouj@hotmail.com,1995-04-26,F,oujda,0760653493,2023-06-02,Google SEO
CLI03057,Bouyahia,Badr,badr_bouyahia17@yahoo.fr,1954-06-26,M,Agadir,0743540858,2025-01-26,Recommandation
CLI03871,Moussaoui,Loubna,loubna_moussaoui@outlook.com,1971-09-19,f,Fès,0673329996,2022-10-07,Google SEO
CLI02594,Saidi,Salma,salma-saidi@gmail.com,1950-02-19,F,Casablanca,0758866314,2022-10-17,Email
CLI01699,Rhazouani,Khadija,khadija-rhazouani@gmail.com,1964-02-15,f,Casablanca,0723133631,2023-01-30,Recommandation
CLI01798,Lahlou,Samir,samir_lahlou@gmail.com,1978-11-09,1,Béni Mellal,0777526684,2022-12-04,Affichage
CLI02925,Oulhaj,Rania,rania_oulhaj@gmail.com,1982-11-29,f,Marrakech,0629422085,2023-12-03,TV
CLI01080,El Ghazi,Mehdi,mehdielghazi@yahoo.fr,1951-10-31,1,Tanger,0637718430,2023-09-15,Instagram
CLI00118,Bensouda,Abdellatif,abdellatif_bensouda89@gmail.com,1991-08-23,m,TANGER,0678282742,2024-03-07,Facebook
CLI00745,El Khamlichi,Adil,adil.elkhamlichi@outlook.com,1992-03-19,H,Nador,0680933913,2023-05-20,Direct
CLI03512,Bouyahia,Houssam,houssam-bouyahia@yahoo.fr,1958-06-01,M,Taza,0738999680,2023-05-26,Instagram
CLI03539,Lahlou,Walid,walid.lahlou@hotmail.com,1991-11-14,H,Béni Mellal,0722053848,2024-05-19,Google SEO
CLI02501,Chakir,Issam,issam_chakir98@gmail.com,1977-09-14,male,Tanger,0682131148,2023-03-22,Facebook
CLI01441,El Moussaoui,Amina,aminaelmoussaoui@hotmail.com,1967-02-11,Femme,Tanger,0620877834,2024-03-17,Direct
CLI01925,El Mansouri,Nour,nour_elmansouri@hotmail.com,1968-06-18,f,casablanca,0781180829,2025-03-09,Email
CLI02697,Lamrani,Souad,souadlamrani@hotmail.com,1967-04-18,F,Fès,0732301464,2023-05-13,Influenceur
CLI00463,Ziani,Rim,rimziani@menara.ma,2005-05-31,female,Kenitra,0713715766,2023-10-13,Google SEO
CLI02273,Bouazza,Rabha,rabhabouazza@menara.ma,2005-11-29,Femme,Tétouan,0754419043,2025-07-01,Direct
CLI00608,Oulhaj,Hanane,hanane_oulhaj@menara.ma,1972-08-02,F,Fès,0619642585,2025-11-27,Influenceur
CLI04935,Alaoui,Abdellatif,abdellatif.alaoui30@menara.ma,1993-04-16,H,Safi,0714884660,2026-03-02,Influenceur
CLI04905,Tazi,Loubna,loubna_tazi9@menara.ma,1951-07-29,F,Oujda,0640806392,2024-08-26,Affichage
CLI00923,Benhaddou,Nadia,nadia-benhaddou28@menara.ma,1995-12-17,f,Nador,0617972699,2023-02-23,TV
CLI01286,El Khamlichi,Bilal,bilalelkhamlichi30@yahoo.fr,1964-06-26,H,Safi,0792897487,2024-05-26,Recommandation
CLI00447,Benomar,Samir,samir.benomar@outlook.com,1996-06-04,Homme,Tanger,0652131096,2025-06-12,Facebook
CLI04313,El Moussaoui,Hind,hind.elmoussaoui@yahoo.fr,2003-06-26,0,Kenitra,0705293541,2023-11-30,Google SEO
CLI00605,Oulhaj,Loubna,loubnaoulhaj@outlook.com,2004-11-11,0,Nador,0666039205,2023-02-12,Instagram
CLI04018,El Bakkali,Bilal,bilal.elbakkali39@menara.ma,1968-11-12,H,Rabat,0720092996,2023-11-04,TV
CLI04645,Zeroual,Sara,sara.zeroual76@hotmail.com,1994-01-14,F,Nador,0635480719,2023-08-10,TV
CLI03804,Benhaddou,Rabha,rabha_benhaddou@menara.ma,2004-11-22,female,Safi,0799049511,2022-09-23,Recommandation
CLI00992,El Bakkali,Houssam,houssam.elbakkali36@gmail.com,2006-05-01,H,Fès,0671978601,2025-09-04,Influenceur
CLI01015,Guerrouj,Zakaria,zakaria.guerrouj@outlook.com,1963-10-19,Homme,Nador,0692902215,2023-04-10,Recommandation
CLI01302,Drissi,Aicha,aicha_drissi70@menara.ma,1954-05-27,Femme,Casablanca,0721593896,2022-07-09,Direct
CLI04316,Benhaddou,Ilham,ilham.benhaddou@yahoo.fr,1974-03-28,F,Tétouan,0749489709,2024-11-11,Influenceur
CLI04861,Mernissi,Houssam,houssam.mernissi@hotmail.com,1983-05-26,m,Casablanca,0673537771,2022-08-26,Facebook
CLI02534,El Ouafi,Hicham,hicham_elouafi@outlook.com,1979-04-02,1,Safi,0692749390,2025-07-19,TV
CLI95184,Lamrani,Rabha,rabha.lamrani@gmail.com,1979-10-21,Femme,Nador,0764264939,2022-08-05,Google SEO
CLI00550,Zeroual,Ahmed,ahmedzeroual@menara.ma,1954-10-28,Homme,Agadir,0776403816,2024-03-28,Influenceur
CLI02570,Filali,Zineb,zineb.filali@outlook.com,1959-09-28,female,Rabat,0701321566,2024-03-15,Direct
CLI02951,Bouyahia,Issam,issam-bouyahia71@gmail.com,2002-03-11,H,Taza,0695311695,2022-09-04,Instagram
CLI01096,Naciri,Mehdi,mehdinaciri@menara.ma,2007-08-18,M,Nador,0617036309,2023-09-12,Recommandation
CLI03041,Mernissi,Omar,omar.mernissi99@outlook.com,1961-04-28,Homme,Fès,0793457161,2024-11-07,TikTok
CLI03698,Berrada,Ahmed,ahmedberrada@menara.ma,1983-04-22,1,Oujda,0760028550,2025-02-15,Email
CLI95443,Alaoui,Zakaria,zakaria.alaoui1@menara.ma,2004-01-02,H,Kenitra,0790140565,2024-05-26,Google SEO
CLI01865,Zeroual,Ahmed,ahmed-zeroual@hotmail.com,1991-10-16,Homme,Marrakech,0730594156,2024-05-24,Direct
CLI04642,El Hamdouchi,Oumaima,oumaima_elhamdouchi@yahoo.fr,1997-08-27,0,Nador,0620798273,2024-10-21,Google SEO
CLI02922,Fennich,Amina,amina.fennich@hotmail.com,1996-10-20,0,Marrakech,0632422164,2022-04-05,TikTok
CLI03693,Ouazzani,Khalid,khalid-ouazzani@menara.ma,2007-04-25,M,Nador,0704313455,2023-09-10,Instagram
CLI01280,Chakir,Imane,imane.chakir@outlook.com,1964-10-09,F,Kenitra,0765699313,2023-07-29,Influenceur
CLI03389,Oulhaj,Ali,ali.oulhaj2@yahoo.fr,1980-08-31,M,Casablanca,0731401398,2024-08-04,Affichage
CLI02946,Moussaoui,Zineb,zineb.moussaoui95@outlook.com,1964-11-16,f,Rabat,0716621567,2025-04-10,Recommandation
CLI03939,Fennich,Nour,nour_fennich@hotmail.com,1984-04-20,f,Béni Mellal,0618716345,2023-10-23,Direct
CLI01592,Benomar,Walid,walid-benomar64@yahoo.fr,1965-03-24,1,Kenitra,0773581821,2022-04-13,Direct
CLI03609,Chakir,Mustapha,mustapha.chakir@menara.ma,1951-10-31,M,Oujda,0730286653,2022-12-22,TikTok
CLI04101,Kettani,Ghita,ghita.kettani63@yahoo.fr,1997-09-24,Femme,Rabat,0635660944,2024-02-23,Influenceur
CLI03837,Guerrouj,Walid,walid.guerrouj61@outlook.com,1971-09-08,1,Tétouan,0771834499,2023-12-14,Affichage
CLI04901,El Azzouzi,Ayoub,ayoubelazzouzi49@gmail.com,1964-12-26,Homme,Fès,0789026218,2025-08-07,Instagram
CLI02757,Benomar,Badr,badr-benomar@gmail.com,1954-01-17,male,Fès,0615533975,2023-12-02,Email
CLI03829,Lamrani,Rim,rim_lamrani@menara.ma,1949-03-03,female,Meknès,0741728855,2022-12-24,Instagram
CLI03579,Chakir,Nassim,nassimchakir14@outlook.com,1946-12-28,H,Meknès,0756671752,2022-08-21,Recommandation
CLI04350,Lamrani,Tarik,tarik_lamrani@yahoo.fr,1963-07-13,H,Agadir,0654736531,2022-04-20,TV
CLI01470,Bakkali,Ilham,ilham_bakkali@hotmail.com,1949-09-26,0,Taza,0795142954,2023-08-08,Recommandation
CLI03221,Moussaoui,Mehdi,mehdi_moussaoui15@yahoo.fr,1988-07-23,M,Béni Mellal,0640098936,2023-11-25,Affichage
CLI04009,Bouazza,Widad,widadbouazza@gmail.com,1996-04-01,f,Casablanca,0672603463,2023-03-14,Instagram
CLI01568,Benhaddou,Ali,ali-benhaddou@outlook.com,1948-12-30,M,Nador,0647832796,2024-10-16,Influenceur
CLI03542,Alaoui,Brahim,brahimalaoui@gmail.com,1987-03-18,Homme,Oujda,0732641722,2025-08-27,TikTok
CLI02670,Benhaddou,Hanane,hananebenhaddou@menara.ma,1956-10-11,F,Tanger,0617294099,2025-03-05,Email
CLI01874,Fennich,Ahmed,ahmed.fennich@outlook.com,1970-07-01,Homme,Nador,0636383647,2022-06-06,Facebook
CLI01533,Alaoui,Hind,hind_alaoui@menara.ma,1983-12-06,female,safi,0738088426,2025-12-03,Direct
CLI00445,Moussaoui,Othmane,othmane_moussaoui@hotmail.com,1978-10-30,H,Tétouan,0661968931,2023-07-28,Email
CLI03278,Lahlou,Zineb,zineb.lahlou36@yahoo.fr,1951-05-17,0,RABAT,0701367245,2024-09-02,Google SEO
CLI00555,Benhaddou,Reda,reda_benhaddou@outlook.com,1949-05-04,M,Safi,0671516025,2024-02-06,Facebook
CLI01718,El Andaloussi,Sara,sara_elandaloussi@gmail.com,1971-02-01,0,Casablanca,0675494495,2025-11-10,Direct
CLI04498,Zeroual,Nabil,nabilzeroual70@yahoo.fr,1990-05-18,H,Rabat,0773340533,2025-08-27,TV
CLI04736,Rhazouani,Latifa,latifa_rhazouani@outlook.com,1962-08-29,f,Tanger,0610192370,2024-10-11,Facebook
CLI00947,Mernissi,Karim,karim.mernissi51@yahoo.fr,1992-07-14,H,Béni Mellal,0745099990,2022-10-21,Google SEO
CLI00921,El Hamdouchi,Fatima,fatima.elhamdouchi@menara.ma,2002-10-21,f,Tanger,0662987787,2022-07-22,Email
CLI04469,Bouazza,Salma,salma-bouazza53@gmail.com,2010-03-13,Femme,Casablanca,0722478930,2025-03-31,Influenceur
CLI00266,Tazi,Hafida,hafida.tazi@menara.ma,1977-04-13,0,Safi,0790471281,2026-01-16,Recommandation
CLI02287,El Fassi,Laila,lailaelfassi60@hotmail.com,1950-01-02,Femme,Casablanca,0642197381,2025-07-08,TV
CLI01892,Bouazza,Rim,rim.bouazza@menara.ma,1948-06-27,female,Meknès,0750836816,2023-05-10,Affichage
CLI04965,Fennich,Othmane,othmane.fennich@gmail.com,1974-07-07,m,El Jadida,0715955471,2025-06-11,Direct
CLI04590,Ouazzani,Ahmed,ahmed-ouazzani85@hotmail.com,2002-10-10,male,Marrakech,0607121138,2023-12-28,Direct
CLI01388,Zeroual,Fatima,fatima_zeroual@yahoo.fr,1947-09-25,F,Fès,0779551924,2023-02-17,Direct
CLI02721,El Mansouri,Dounia,dounia_elmansouri@yahoo.fr,1996-04-03,Femme,Nador,0754765126,2026-02-26,Direct
CLI02920,Belkadi,Khadija,khadija_belkadi35@hotmail.com,1981-06-21,0,El Jadida,0764663971,2022-04-30,Affichage
CLI02652,Benjelloun,Houssam,houssam-benjelloun@menara.ma,1972-06-04,m,Safi,0761927812,2024-09-16,Google SEO
CLI00356,Benali,Aicha,aicha_benali4@outlook.com,1969-11-02,Femme,safi,0722412462,2023-04-18,Google SEO
CLI02793,Guerrouj,Yasmine,yasmine_guerrouj@gmail.com,1977-03-07,female,Tanger,0758623348,2026-04-03,Direct
CLI04357,Drissi,Salma,salma-drissi31@yahoo.fr,1956-03-29,0,Meknès,0648546008,2026-02-18,Instagram
CLI03880,Drissi,Salma,salmadrissi@menara.ma,2003-07-18,0,Béni Mellal,0766177200,2023-11-22,Facebook
CLI01857,Oulhaj,Bilal,bilaloulhaj53@outlook.com,1962-05-10,1,Tétouan,0698174736,2024-07-21,Influenceur
CLI00408,Hajji,Riad,riad_hajji@outlook.com,1961-06-18,m,Béni Mellal,0634141115,2023-11-19,TV
CLI03639,Chakir,Karim,karim.chakir@hotmail.com,2000-10-10,M,Rabat,0670997263,2025-07-20,Email
CLI00156,Bouazza,Nassim,nassim_bouazza@menara.ma,2007-02-08,M,Fès,0670534578,2026-01-03,Influenceur
CLI01602,Kettani,Nour,nour_kettani@outlook.com,2003-06-13,f,taza,0724554620,2022-06-24,Facebook
CLI04495,El Bakkali,Sara,sara-elbakkali38@hotmail.com,1968-03-31,female,Agadir,0676080794,2023-11-28,Influenceur
CLI00240,Hajji,Anass,anass_hajji@hotmail.com,1947-09-22,male,Béni Mellal,0646333127,2024-01-16,TV
CLI04927,Saidi,Rachid,rachid_saidi@gmail.com,1948-06-24,m,Agadir,0651565618,2023-07-31,Facebook
CLI04210,Bouyahia,Hind,hind_bouyahia@hotmail.com,1992-04-23,F,Oujda,0799391900,2022-07-03,Instagram
CLI02593,El Hamdouchi,Simo,simo_elhamdouchi@menara.ma,1968-09-10,male,Nador,0700719103,2022-07-26,TikTok
CLI03606,Lahlou,Karim,karim_lahlou66@outlook.com,1974-10-25,Homme,oujda,0705751943,2022-04-26,Recommandation
CLI03448,Errami,Ilyas,ilyaserrami@gmail.com,1966-10-22,M,Oujda,0761217744,2023-03-10,Recommandation
CLI03277,Tazi,Naima,naimatazi2@menara.ma,1950-12-16,F,Agadir,0602006865,2024-01-21,Facebook
CLI01585,Moussaoui,Amina,amina-moussaoui@gmail.com,2008-12-19,f,El Jadida,0683397178,2024-06-02,TikTok
CLI04871,Berrada,Rim,rimberrada@menara.ma,1953-06-25,Femme,Marrakech,0782072510,2024-12-30,Recommandation
CLI00753,Cherkaoui,Kawtar,kawtar-cherkaoui30@outlook.com,1962-07-08,female,nador,0690859914,2024-04-03,Recommandation
CLI03664,Kettani,Khalid,khalidkettani29@yahoo.fr,2001-10-25,1,Tanger,0645208235,2024-12-09,Google SEO
CLI00771,Bakkali,Rim,rim.bakkali58@gmail.com,1945-09-30,female,Safi,0715238676,2022-06-08,Direct
CLI01112,Zeroual,Issam,issamzeroual19@menara.ma,1980-06-20,Homme,Agadir,0784467940,2024-11-01,Email
CLI02475,Benkirane,Widad,widad_benkirane89@outlook.com,1975-05-28,F,Marrakech,0739604240,2025-05-01,Affichage
CLI03199,Naciri,Hassan,hassan.naciri@menara.ma,1960-11-15,1,Casablanca,0769211936,2024-03-10,Affichage
CLI01415,Chakir,Khalid,khalid.chakir@hotmail.com,1984-01-04,M,Oujda,0616218333,2022-12-21,TV
CLI03983,Ouazzani,Adil,adil_ouazzani@yahoo.fr,1996-05-08,H,Béni Mellal,0635955107,2022-08-21,Facebook
CLI01260,Bakkali,Nassim,nassimbakkali64@outlook.com,1962-07-09,H,Nador,0729537740,2024-09-24,Email
CLI04676,Boulahia,Hicham,hichamboulahia21@outlook.com,1983-02-17,M,Oujda,0768188195,2026-04-18,TikTok
CLI02419,El Hajjaji,Imane,imaneelhajjaji72@gmail.com,1990-05-28,Femme,tanja,0624588641,2025-12-09,Direct
CLI02385,Drissi,Anass,anass.drissi@hotmail.com,1982-11-16,m,RABAT,0654825627,2023-01-20,Email
CLI00912,Cherkaoui,Nassim,nassim-cherkaoui@hotmail.com,1985-09-23,male,Rabat,0610187803,2025-10-09,TikTok
CLI03867,Filali,Oumaima,oumaima_filali@outlook.com,1985-04-12,F,Béni Mellal,0799274033,2023-02-15,TV
CLI01679,Benhaddou,Omar,omar_benhaddou@hotmail.com,1966-04-22,M,oujda,0628099970,2022-12-19,Facebook
CLI04311,Alaoui,Manal,manalalaoui@outlook.com,2015-06-01,female,Agadir,0724012827,2023-06-01,Email
CLI04509,Zeroual,Fatima,fatima-zeroual@menara.ma,1976-03-23,0,Tétouan,0701361607,2024-09-14,TikTok
CLI02100,Ksikes,Anass,anass_ksikes@outlook.com,1998-09-06,male,Taza,0778616338,2025-04-25,Influenceur
CLI01444,El Bakkali,Yasmine,yasmine-elbakkali@menara.ma,1951-06-23,female,Kenitra,0659646738,2023-08-29,Influenceur
CLI01632,El Azzouzi,Amina,aminaelazzouzi@menara.ma,1975-03-28,0,Kenitra,0767186442,2024-08-03,Influenceur
CLI03023,El Mansouri,Salma,salmaelmansouri@yahoo.fr,1967-10-23,0,El Jadida,0735928396,2024-02-23,Facebook
CLI02533,Zeroual,Oumaima,oumaima.zeroual52@menara.ma,2006-07-18,female,Nador,0726465889,2026-01-10,TV
CLI00881,Filali,Hajar,hajar_filali64@outlook.com,1985-06-17,Femme,Tanger,0752377729,2022-07-16,Influenceur
CLI01033,Lamrani,Hicham,hicham-lamrani@gmail.com,1973-08-02,1,Casablanca,0723456538,2024-10-31,Influenceur
CLI04250,El Hajjaji,Bilal,bilal_elhajjaji@menara.ma,1961-02-19,male,Tétouan,0718752882,2023-04-14,Affichage
CLI02114,El Andaloussi,Badr,badr_elandaloussi@outlook.com,2007-09-19,Homme,Safi,0767032718,2025-06-13,Affichage
CLI01691,Bouazza,Aicha,aicha_bouazza@hotmail.com,1971-01-27,0,Kenitra,0637229821,2026-01-27,Google SEO
CLI02123,Benhaddou,Anass,anassbenhaddou99@yahoo.fr,2015-06-01,H,Taza,0604982070,2024-11-06,Google SEO
CLI02198,El Ouafi,Ahmed,ahmed.elouafi@hotmail.com,1986-06-09,H,safi,0708633399,2023-08-15,TikTok
CLI01665,Ouazzani,Hind,hindouazzani@gmail.com,1972-08-12,female,Taza,0731419887,2025-05-18,Facebook
CLI01962,Oulhaj,Omar,omar_oulhaj@menara.ma,1995-09-01,Homme,Rabat,0771148816,2023-06-05,Google SEO
CLI04135,Benomar,Latifa,latifa.benomar@yahoo.fr,1981-02-08,female,Safi,0655831062,2023-09-14,Instagram
CLI00026,El Khamlichi,Houssam,houssam-elkhamlichi58@gmail.com,1978-09-19,1,Oujda,0727354549,2026-03-04,Recommandation
CLI03142,Fennich,Rabha,rabha-fennich@outlook.com,2005-02-03,Femme,TAZA,0769482545,2023-10-13,Direct
CLI02977,Bensouda,Samira,samira-bensouda@menara.ma,2008-04-13,female,Rabat,0795737756,2022-09-09,Recommandation
CLI04523,Chakir,Anass,anasschakir60@hotmail.com,2008-07-11,1,Marrakech,0676644410,2023-07-24,Influenceur
CLI00060,Bouazza,Hind,hind.bouazza@menara.ma,1960-09-24,0,Oujda,0659782071,2026-02-06,TikTok
CLI00106,El Fassi,Sanaa,sanaaelfassi73@gmail.com,1979-07-28,female,Agadir,0721850163,2023-04-20,Instagram
CLI04057,El Ghazi,Reda,redaelghazi@gmail.com,1959-01-10,Homme,fès,0763800331,2025-06-07,Email
CLI00510,El Hamdouchi,Aziz,aziz-elhamdouchi@gmail.com,1954-10-14,1,Béni Mellal,0686487699,2026-01-05,Affichage
CLI01518,Belkadi,Zakaria,zakaria-belkadi@yahoo.fr,1984-05-29,Homme,Tétouan,0640211682,2023-08-19,Email
CLI00241,Bensouda,Malika,malikabensouda@outlook.com,1961-12-09,Femme,mkch,0681770388,2023-04-29,Influenceur
CLI02566,Fennich,Amine,amine-fennich@yahoo.fr,1973-05-27,M,Oujda,0757073854,2023-11-25,Influenceur
CLI02966,Fennich,Houda,houda.fennich70@yahoo.fr,1968-05-30,female,Nador,0788958993,2022-10-18,Facebook
CLI03099,Alaoui,Mustapha,mustaphaalaoui@gmail.com,2007-05-02,m,Kénitra,0782012021,2023-06-21,TikTok
CLI03797,Fennich,Houssam,houssam_fennich@gmail.com,1961-03-15,1,Nador,0782637406,2023-11-09,Affichage
CLI01349,Benomar,Samira,samira_benomar@gmail.com,1981-05-26,F,Tétouan,0715755716,2025-12-12,Influenceur
CLI01160,Rhazouani,Chaimae,chaimae-rhazouani@outlook.com,1962-05-11,f,Fès,0632959452,2025-12-27,Email
CLI01738,Belkadi,Nabil,nabil.belkadi@menara.ma,1978-01-31,1,Taza,0626939553,2025-09-23,Email
CLI04923,El Moussaoui,Aziz,aziz_elmoussaoui@gmail.com,1960-07-29,1,Rabat,0681341059,2022-04-14,Direct
CLI01824,Oulhaj,Badr,@sansdomaine,1961-05-16,1,tetouan,0765657166,2025-11-21,TikTok
CLI03815,El Ghazi,Mehdi,mehdi.elghazi16@outlook.com,1994-07-31,1,Casablanca,0723613280,2024-12-10,Google SEO
CLI00438,Chraibi,Mohammed,mohammed_chraibi3@hotmail.com,1996-05-22,1,Safi,0673543962,2022-10-27,Direct
CLI01070,El Ghazi,Sara,sara_elghazi@yahoo.fr,2002-08-09,0,Taza,0617146199,2022-09-28,TikTok
CLI00427,Kettani,Mariam,malformé@,1990-10-13,Femme,Oujda,0754562841,2025-01-23,Direct
CLI00474,Berrada,Othmane,othmaneberrada@hotmail.com,1961-01-17,m,Tanger,0742608805,2023-02-07,Google SEO
CLI02959,Lamrani,Sara,sara_lamrani@yahoo.fr,1980-06-03,0,Nador,0695110945,2025-10-30,Facebook
CLI00403,Oulhaj,Naima,naima-oulhaj@outlook.com,1998-05-05,f,Tétouan,0613806984,2022-08-08,Direct
CLI00264,El Mansouri,Mariam,mariamelmansouri@hotmail.com,1975-10-17,female,Tétouan,0751971284,2026-02-13,Direct
CLI02013,Benkirane,Omar,omar-benkirane@gmail.com,2009-11-18,male,Tétouan,0628792746,2024-03-08,Facebook
CLI02862,Benomar,Hanane,hanane.benomar@gmail.com,1956-04-14,Femme,Taza,0740695805,2022-04-01,Instagram
CLI91221,El Fassi,Loubna,loubna-elfassi@hotmail.com,2003-05-01,f,Tétouan,0682435097,2023-05-19,TV
CLI00132,Fennich,Adil,adil.fennich@outlook.com,1964-04-19,male,Marrakech,0691380003,2025-06-13,Google SEO
CLI04236,Chraibi,Hind,hind-chraibi@hotmail.com,1956-10-10,f,Tanger,0670569490,2023-04-20,Recommandation
CLI01875,El Khamlichi,Fouad,fouad.elkhamlichi94@outlook.com,1982-01-13,1,Nador,0644966390,2024-09-01,Google SEO
CLI02952,El Hamdouchi,Meryem,meryem-elhamdouchi@yahoo.fr,2002-07-31,F,Béni Mellal,0637667080,2023-08-22,Influenceur
CLI04371,Filali,Oumaima,oumaimafilali@yahoo.fr,1975-04-15,F,Casablanca,0604078443,2025-07-18,Direct
CLI02293,Boulahia,Loubna,loubna.boulahia@hotmail.com,2015-06-01,Femme,Casablanca,0789406972,2025-05-10,TV
CLI02945,Tazi,Jamal,jamal.tazi65@yahoo.fr,1953-02-18,M,Rabat,0773353706,2025-09-17,Email
CLI03650,Benjelloun,Rabha,rabha.benjelloun@yahoo.fr,1985-03-03,F,Agadir,0754496324,2022-06-05,Facebook
CLI00174,Hajji,Badr,badrhajji@yahoo.fr,2004-01-14,M,Tétouan,0757113055,2022-11-09,Recommandation
CLI01502,El Moussaoui,Hind,hindelmoussaoui29@outlook.com,1969-12-06,F,Tétouan,0773801012,2025-05-24,Recommandation
CLI04553,Bouyahia,Aziz,aziz-bouyahia@yahoo.fr,1950-04-24,M,Marrakech,0765659483,2026-01-22,Influenceur
CLI02617,Ksikes,Ahmed,ahmed_ksikes43@outlook.com,1986-06-15,male,Taza,0786510389,2024-02-29,TikTok
CLI02495,Ziani,Houda,houda-ziani@menara.ma,2010-02-23,Femme,Marrakech,0661693624,2022-09-09,Google SEO
CLI03530,Mernissi,Tarik,tarik-mernissi@menara.ma,1949-06-29,H,Safi,0759372751,2022-09-26,Email
CLI03291,Chakir,Adil,adil-chakir50@hotmail.com,1989-07-28,m,tanja,0770389313,2022-12-12,Influenceur
CLI03051,El Ouafi,Hassan,hassan.elouafi@outlook.com,1947-04-20,H,TAZA,0741056632,2023-03-29,Influenceur
CLI01769,El Hajjaji,Abdellatif,abdellatif.elhajjaji@hotmail.com,1993-01-04,H,fès,0760628951,2023-12-26,Email
CLI02415,Tahiri,Bilal,bilal-tahiri@outlook.com,1890-01-01,1,Kenitra,0664659491,2023-07-19,Affichage
CLI02428,Rhazouani,Abdellatif,abdellatif_rhazouani@menara.ma,1998-04-08,M,Oujda,0772222646,2022-12-09,Instagram
CLI01560,Cherkaoui,Samir,samir-cherkaoui@outlook.com,2006-04-29,1,Taza,0794849674,2024-06-23,Instagram
CLI02090,Benali,Widad,widad_benali68@hotmail.com,1989-06-23,Femme,Tétouan,0760818758,2023-11-22,Affichage
CLI04890,Tazi,Youssef,youssef.tazi@hotmail.com,2000-02-11,H,TAZA,0610784669,2025-06-03,TikTok
CLI03294,Mernissi,Kawtar,kawtar-mernissi43@hotmail.com,1953-10-27,F,Tétouan,0726693185,2026-01-19,Affichage
CLI01725,Mernissi,Omar,omar.mernissi@yahoo.fr,1973-03-04,H,Béni Mellal,0799784200,2024-02-12,Instagram
CLI02394,Alaoui,Rachid,rachid-alaoui13@outlook.com,1945-07-23,H,Tétouan,0792165018,2025-09-27,Instagram
CLI01596,El Bakkali,Omar,omar_elbakkali@menara.ma,1977-09-11,M,Meknès,0645173922,2025-06-13,Facebook
CLI00985,Benali,Fouad,fouad.benali31@menara.ma,2009-10-31,Homme,El Jadida,0772435861,2025-03-08,Direct
CLI01081,El Bakkali,Karim,karim_elbakkali@outlook.com,1983-02-05,m,El Jadida,0732396440,2022-12-12,Facebook
CLI02122,El Hamdouchi,Driss,driss_elhamdouchi@outlook.com,1982-01-18,Homme,Safi,0779109999,2024-07-15,Email
CLI01339,Benhaddou,Ahmed,ahmed-benhaddou@yahoo.fr,1957-04-24,male,Tanger,0665737624,2024-09-21,Facebook
CLI04019,Errami,Latifa,latifa.errami@outlook.com,1952-04-15,f,Kenitra,0627935625,2024-07-25,TikTok
CLI04724,Errami,Nadia,nadia.errami@outlook.com,1950-10-30,female,Oujda,0766376373,2024-03-18,Email
CLI02657,Lamrani,Oumaima,oumaima.lamrani@yahoo.fr,1996-06-28,0,Oujda,0622927809,2023-02-27,TV
CLI01997,Chakir,Rabha,rabha.chakir@gmail.com,1975-10-23,F,Marrakech,0605225898,2022-04-03,Direct
CLI04138,Fennich,Bilal,bilal_fennich@outlook.com,1964-03-30,M,Oujda,0675458143,2022-11-17,Google SEO
CLI02821,Benkirane,Latifa,latifa-benkirane@menara.ma,1964-03-08,female,Tanger,0751066605,2026-02-10,Affichage
CLI02357,El Khamlichi,Nour,nour.elkhamlichi@outlook.com,1954-09-16,female,Béni Mellal,0658086789,2026-01-05,Recommandation
CLI04911,El Moussaoui,Kawtar,kawtar.elmoussaoui@menara.ma,1946-10-09,0,Casablanca,0734517929,2022-11-23,Influenceur
CLI03974,Boulahia,Bilal,bilal-boulahia@yahoo.fr,1995-08-11,M,Béni Mellal,0799476627,2023-07-09,Email
CLI03092,Idrissi,Abdellatif,abdellatifidrissi@yahoo.fr,1997-12-28,1,Marrakech,0769266263,2023-01-08,TV
CLI04369,El Andaloussi,Omar,omarelandaloussi54@yahoo.fr,2015-06-01,M,Marrakech,0631059532,2022-05-19,TikTok
CLI04390,Moussaoui,Imane,imanemoussaoui54@gmail.com,1950-04-17,0,Nador,0731786489,2022-04-14,Direct
CLI04387,El Amrani,Reda,reda.elamrani@outlook.com,1890-01-01,Homme,FES,0704986111,2022-07-07,Direct
CLI03415,Berrada,Othmane,othmane.berrada@menara.ma,1982-01-14,male,Safi,0682235375,2025-07-03,TikTok
CLI02320,Bouyahia,Hicham,hicham_bouyahia@yahoo.fr,1962-03-11,H,Casablanca,0787497151,2022-04-20,Facebook
CLI00084,El Fassi,Rim,rim-elfassi@gmail.com,2015-06-01,Femme,Fès,0789702838,2022-06-17,TikTok
CLI03538,Benali,Widad,widad.benali@hotmail.com,1955-07-01,Femme,Béni Mellal,0718942062,2022-07-01,Recommandation
CLI03292,Bensouda,Houssam,houssambensouda@yahoo.fr,1955-08-23,m,Fès,0690101855,2022-09-07,Recommandation
CLI04684,Oulhaj,Mariam,mariam.oulhaj@outlook.com,1979-08-11,F,Kenitra,0705276837,2022-10-01,Email
CLI00677,Boulahia,Simo,simo_boulahia@gmail.com,1966-08-18,M,Marrakech,0749835539,2022-10-21,Email
CLI01642,Ksikes,Imane,imane_ksikes@menara.ma,1979-04-27,0,Meknès,0669882648,2026-01-22,Influenceur
CLI00589,Benomar,Nassim,nassim.benomar@hotmail.com,1994-09-02,H,Meknès,0631857481,2024-07-22,Direct
CLI04763,El Hamdouchi,Rania,rania-elhamdouchi@menara.ma,1945-05-23,f,Casablanca,0740649220,2025-07-05,Direct
CLI02828,Ouazzani,Mehdi,mehdi_ouazzani@yahoo.fr,2007-05-31,H,Agadir,0795573815,2024-08-18,Influenceur
CLI02270,Benhaddou,Soufiane,soufiane-benhaddou@menara.ma,2006-03-26,Homme,Safi,0787388011,2022-06-16,Instagram
CLI02248,Guerrouj,Hafida,hafida_guerrouj@outlook.com,1987-08-27,F,Safi,0653890595,2022-12-14,Google SEO
CLI03587,Ouazzani,Samira,samira-ouazzani42@gmail.com,1970-06-03,Femme,Oujda,0669361756,2024-10-27,Affichage
CLI01406,Mernissi,Khalid,khalid.mernissi75@yahoo.fr,1983-07-05,male,El Jadida,0679965857,2023-02-24,Affichage
CLI00126,Lamrani,Mohammed,mohammed_lamrani@gmail.com,1955-05-30,m,El Jadida,0615542622,2025-10-31,Instagram
CLI00050,Ouazzani,Kawtar,kawtar.ouazzani@outlook.com,1954-04-13,Femme,Rabat,0799856984,2025-12-18,Direct
CLI02139,Fennich,Walid,walid.fennich@hotmail.com,1945-06-23,M,Marrakech,0612771277,2024-12-05,Instagram
CLI04788,Chakir,Jamal,jamal.chakir73@outlook.com,2002-04-16,M,El Jadida,0758099741,2023-09-12,Influenceur
CLI04690,El Hajjaji,Simo,simo_elhajjaji71@outlook.com,1965-10-30,M,Nador,0655642927,2025-11-03,Direct
CLI03314,El Ghazi,Khadija,khadijaelghazi@gmail.com,1964-05-15,Femme,El Jadida,0661198095,2023-09-09,Influenceur
CLI04953,Benkirane,Khadija,khadijabenkirane@hotmail.com,1966-11-21,f,Béni Mellal,0616722216,2025-12-23,Influenceur
CLI02045,Belkadi,Rabha,rabha_belkadi76@hotmail.com,1949-08-03,F,Kenitra,0721818018,2024-03-23,Direct
CLI03456,El Azzouzi,Jamal,jamal.elazzouzi16@gmail.com,1960-03-17,M,Casablanca,0704047873,2025-09-26,Direct
CLI02482,Mernissi,Samira,samira_mernissi@outlook.com,1984-11-25,F,Rabat,0632534852,2025-05-21,TV
CLI00861,Saidi,Yasmine,yasmine-saidi@gmail.com,1957-08-31,f,tétouan,0767329045,2025-09-05,Direct
CLI02987,Saidi,Hassan,hassansaidi@outlook.com,1972-12-10,Homme,Marrakech,0689571070,2022-08-04,Influenceur
CLI03692,Naciri,Ilyas,ilyas.naciri@outlook.com,1952-01-21,male,Oujda,0672352881,2023-06-28,TikTok
CLI01619,Benomar,Mohammed,mohammed.benomar31@yahoo.fr,1947-03-11,1,Oujda,0703238128,2022-05-25,Instagram
CLI00226,Alaoui,Fouad,fouad.alaoui@gmail.com,1961-02-10,m,Rabat,0719576122,2022-10-29,Affichage
CLI04356,Bensouda,Mohammed,mohammedbensouda@gmail.com,1999-05-25,m,Marrakech,0756613961,2024-01-28,Instagram
CLI02525,Benhaddou,Nadia,nadiabenhaddou@outlook.com,1953-10-24,0,beni mellal,0631887277,2022-04-16,TV
CLI03851,El Khamlichi,Samir,samirelkhamlichi22@menara.ma,2004-04-06,Homme,Agadir,0651782733,2024-04-05,TikTok
CLI00128,Hajji,Amine,amine.hajji@hotmail.com,1973-05-27,1,Fès,0664037613,2024-08-22,Direct
CLI01065,El Bakkali,Hind,hind.elbakkali63@outlook.com,1950-05-20,F,El Jadida,0754184039,2026-04-06,Affichage
CLI01943,Idrissi,Amina,amina-idrissi@yahoo.fr,2007-05-16,Femme,Tétouan,0709985752,2024-11-23,TikTok
CLI02797,Lahlou,Houssam,houssam-lahlou@gmail.com,1992-04-02,M,Marrakech,0703860729,2026-02-28,Recommandation
CLI03304,El Azzouzi,Hafida,hafidaelazzouzi@hotmail.com,1890-01-01,female,Nador,0612407667,2024-05-01,Affichage
CLI04534,Benhaddou,Nadia,nadia_benhaddou@outlook.com,1974-01-27,F,Nador,0707353532,2022-08-08,Recommandation
CLI00473,Bouazza,Tarik,tarikbouazza@yahoo.fr,1983-03-22,H,Casablanca,0765533077,2022-07-27,Google SEO
CLI01247,Boulahia,Widad,widadboulahia@outlook.com,1955-07-17,F,Fès,0719411839,2025-01-08,Google SEO
CLI01447,Lahlou,Zineb,zineb.lahlou@hotmail.com,1978-07-24,f,Kenitra,0716283356,2022-04-15,Affichage
CLI04997,Ksikes,Imane,imane.ksikes47@yahoo.fr,1978-07-13,f,Béni Mellal,0684194956,2025-04-07,Email
CLI03948,Lahlou,Imane,imanelahlou@yahoo.fr,1995-07-28,female,Rabat,0602107963,2022-08-24,Influenceur
CLI01733,Chraibi,Samir,samir_chraibi1@yahoo.fr,2002-07-26,m,Casablanca,0642695753,2022-04-29,Affichage
CLI02976,Drissi,Zineb,zineb_drissi@hotmail.com,2001-02-07,F,Safi,0718912415,2022-08-18,Facebook
CLI01517,Zeroual,Ahmed,ahmed-zeroual@yahoo.fr,1979-02-27,1,Tétouan,0629443141,2026-04-18,Recommandation
CLI03617,Lahlou,Aicha,aichalahlou64@hotmail.com,1965-12-10,0,Oujda,0615260748,2023-09-07,Influenceur
CLI04507,El Amrani,Simo,simo_elamrani@hotmail.com,2001-10-15,1,Agadir,0775448160,2024-04-22,Direct
CLI01640,Idrissi,Rim,rim.idrissi@yahoo.fr,1971-04-30,0,Kenitra,0793580352,2024-05-20,Affichage
CLI03274,Fennich,Oumaima,oumaima.fennich@outlook.com,2006-06-07,female,Rabat,0673722638,2024-07-21,Influenceur
CLI02895,Tahiri,Loubna,loubna-tahiri@hotmail.com,1976-07-24,female,Fès,0676810132,2026-03-23,Recommandation
CLI02127,El Amrani,Driss,driss_elamrani@hotmail.com,1949-02-07,M,kénitra,0668686464,2026-04-06,Instagram
CLI01516,Guerrouj,Ilham,ilhamguerrouj@gmail.com,1996-11-05,female,Tanger,0735313184,2025-06-28,TikTok
CLI00470,El Amrani,Meryem,meryem-elamrani26@yahoo.fr,1998-11-12,F,Meknès,0734234619,2023-07-21,TV
CLI03286,El Bakkali,Karim,karim_elbakkali@yahoo.fr,1964-12-08,male,Tanger,0754139074,2024-04-19,Recommandation
CLI02768,El Moussaoui,Ayoub,ayoub.elmoussaoui@hotmail.com,1991-12-11,m,El Jadida,0761335473,2025-12-06,Email
CLI04378,Bouyahia,Nassim,nassimbouyahia@outlook.com,1957-04-17,Homme,Nador,0759110724,2023-09-05,Affichage
CLI03889,Bouazza,Meryem,meryembouazza99@yahoo.fr,1994-06-29,F,Safi,0608759860,2024-02-06,Direct
CLI04036,Naciri,Driss,drissnaciri@outlook.com,1952-07-02,M,El Jadida,0654756080,2025-11-02,Google SEO
CLI01535,Tazi,Ayoub,ayoub.tazi@yahoo.fr,2015-06-01,H,kenitra,0779049915,2024-03-05,Direct
CLI00257,Drissi,Dounia,dounia_drissi@outlook.com,1982-03-01,f,Meknès,0655770171,2024-04-17,TikTok
CLI04848,Alaoui,Othmane,othmane-alaoui@gmail.com,2000-06-16,Homme,Taza,0766133926,2023-04-08,Facebook
CLI02682,El Andaloussi,Fouad,fouadelandaloussi@yahoo.fr,1981-02-17,H,Casablanca,0765277015,2025-11-14,Influenceur
CLI00059,El Hamdouchi,Nour,nourelhamdouchi@menara.ma,1968-06-29,Femme,Safi,0749058147,2023-11-08,Direct
CLI04822,Ouazzani,Rachid,rachid.ouazzani@yahoo.fr,1975-01-23,m,Safi,0688107910,2025-10-01,Affichage
CLI93004,Idrissi,Bilal,bilalidrissi54@outlook.com,1955-02-06,m,Marrakech,0603183933,2025-11-03,Google SEO
CLI01246,El Khamlichi,Meryem,meryem.elkhamlichi23@menara.ma,1961-04-10,0,Safi,0656594299,2026-03-07,Facebook
CLI03506,El Mansouri,Rania,rania-elmansouri46@gmail.com,1981-11-05,0,Fès,0720560064,2024-04-23,Facebook
CLI01821,El Mansouri,Manal,manal.elmansouri@menara.ma,1968-08-26,F,Agadir,0681403340,2026-04-07,TikTok
CLI01749,El Bakkali,Driss,drisselbakkali@gmail.com,2000-02-24,Homme,Nador,0786978487,2023-10-21,TV
CLI04946,El Amrani,Driss,driss_elamrani16@outlook.com,1981-07-10,male,Béni Mellal,0785563903,2024-01-03,Email
CLI00513,Filali,Imane,imanefilali23@hotmail.com,1991-06-29,0,Rabat,0795083044,2026-02-12,Google SEO
CLI00480,Ziani,Simo,simo-ziani@outlook.com,2015-06-01,male,mkch,0754181563,2023-08-30,Facebook
CLI01836,Naciri,Amina,amina.naciri@menara.ma,1955-01-30,Femme,Nador,0794592118,2025-01-26,TikTok
CLI04429,El Ouafi,Laila,laila_elouafi66@yahoo.fr,1969-01-01,F,Kenitra,0709784838,2023-03-01,TV
CLI03646,Hajji,Mehdi,mehdi.hajji@outlook.com,1996-01-03,H,El Jadida,0739540022,2023-09-01,Google SEO
CLI00010,Filali,Sanaa,sanaa-filali@yahoo.fr,1978-11-06,female,Marrakech,0684124118,2022-05-22,Facebook
CLI02102,Bensouda,Rabha,rabha_bensouda@menara.ma,1974-03-24,0,Tanger,0612893482,2025-05-18,Affichage
CLI01066,Benali,Samira,samira-benali@menara.ma,1990-04-21,female,Kenitra,0740788026,2023-04-13,TikTok
CLI04906,Mernissi,Latifa,latifamernissi@yahoo.fr,2000-02-04,F,Nador,0750784902,2024-08-10,TV
CLI02388,Ziani,Amine,amine.ziani@gmail.com,1969-12-08,M,Casablanca,0660363235,2025-08-18,Instagram
CLI01315,Kettani,Nassim,nassim.kettani@gmail.com,1953-01-18,1,Marrakech,0746935102,2023-08-22,Instagram
CLI00293,El Hajjaji,Simo,simo_elhajjaji72@yahoo.fr,2005-06-01,M,Agadir,0684106727,2023-10-26,TikTok
CLI03901,Guerrouj,Kawtar,kawtarguerrouj2@outlook.com,1978-06-15,f,Fès,0661244337,2026-03-09,Recommandation
CLI01312,Oulhaj,Rabha,rabha.oulhaj92@outlook.com,1980-07-06,f,Béni Mellal,0697034251,2024-12-05,TV
CLI03914,Benkirane,Brahim,brahimbenkirane@yahoo.fr,1960-11-19,1,kénitra,0627504465,2024-07-01,Influenceur
CLI02686,Mernissi,Houda,houdamernissi@gmail.com,2008-08-19,Femme,MEKNES,0662776502,2024-11-22,TV
CLI00013,Benjelloun,Amine,aminebenjelloun43@gmail.com,1957-06-11,M,Béni Mellal,0660733754,2025-06-09,Email
CLI04573,El Ouafi,Younes,younes.elouafi@yahoo.fr,1957-05-29,m,Kenitra,0640045525,2024-12-28,Facebook
CLI04477,Idrissi,Bilal,bilal.idrissi@yahoo.fr,1995-12-12,Homme,Béni Mellal,0788689657,2026-01-26,Instagram
CLI04131,Benomar,Rim,rim_benomar@hotmail.com,1983-04-16,0,El Jadida,0724696371,2025-09-20,Google SEO
CLI00748,El Andaloussi,Nabil,nabil_elandaloussi@hotmail.com,2000-11-30,Homme,Safi,0718433687,2023-05-20,TikTok
CLI01958,Chraibi,Khadija,khadija.chraibi@hotmail.com,1954-01-31,Femme,Béni Mellal,0610149262,2023-08-20,Instagram
CLI04082,Benali,Amine,amine-benali10@hotmail.com,1996-03-08,m,Béni Mellal,0786114163,2025-04-14,TikTok
CLI00041,Benjelloun,Hicham,hicham.benjelloun@menara.ma,1979-09-02,M,Marrakech,0740748217,2022-10-03,TikTok
CLI01239,Benkirane,Aziz,aziz-benkirane@menara.ma,1995-02-21,male,Tétouan,0625517419,2025-02-09,Facebook
CLI01853,Saidi,Rachid,rachid.saidi@menara.ma,1948-12-11,H,Béni Mellal,0658105801,2024-05-13,Google SEO
CLI02355,Moussaoui,Adil,adilmoussaoui@menara.ma,2002-05-13,M,Oujda,0658558364,2023-05-10,TikTok
CLI00960,El Hamdouchi,Nassim,nassim_elhamdouchi@yahoo.fr,1966-03-21,Homme,Kenitra,0727174306,2024-06-27,Affichage
CLI02671,El Amrani,Anass,anass-elamrani@outlook.com,1976-08-16,1,TAZA,0779918451,2022-05-02,TV
CLI04267,Berrada,Latifa,latifa.berrada88@hotmail.com,1965-03-02,F,El Jadida,0684404380,2024-11-24,Direct
CLI02804,Benali,Aziz,aziz-benali26@menara.ma,1960-09-22,M,Tétouan,0653841279,2023-07-26,Instagram
CLI03434,Alaoui,Yasmine,yasminealaoui4@gmail.com,1973-07-09,f,El Jadida,0627439391,2024-07-20,TV
CLI01413,El Mansouri,Naima,naimaelmansouri@outlook.com,1971-01-26,Femme,Tétouan,0646008236,2025-04-04,TV
CLI01737,Bouazza,Karim,karim.bouazza54@menara.ma,1947-10-23,male,Fès,0757645545,2023-10-13,TV
CLI98306,El Ghazi,Latifa,latifaelghazi@outlook.com,1998-12-06,f,oujda,0667704110,2024-09-03,Affichage
CLI04185,Bouyahia,Rania,rania-bouyahia@outlook.com,1973-06-02,Femme,Agadir,0714957228,2023-02-20,Instagram
CLI02921,Benomar,Samira,samira.benomar46@outlook.com,1946-11-21,F,Marrakech,0756756466,2022-11-10,Direct
CLI00903,Mernissi,Walid,walid_mernissi@menara.ma,1960-02-11,1,Tanger,0719931458,2023-09-09,Recommandation
CLI04306,El Khamlichi,Samir,samir.elkhamlichi@outlook.com,1972-08-16,1,Tétouan,0659517743,2022-07-05,Recommandation
CLI02653,El Ouafi,Salma,salma.elouafi@menara.ma,1965-02-25,F,Agadir,0717372017,2023-10-14,Google SEO
CLI03663,Cherkaoui,Naima,naima.cherkaoui@outlook.com,1966-12-03,Femme,Agadir,0642750901,2025-09-23,Influenceur
CLI01023,Cherkaoui,Driss,driss_cherkaoui12@hotmail.com,1945-08-16,male,FES,0692048770,2022-07-18,Influenceur
CLI00490,Lahlou,Malika,malika-lahlou71@yahoo.fr,1984-12-09,female,Oujda,0666128758,2022-10-23,TikTok
CLI02272,Bakkali,Rim,rim_bakkali15@outlook.com,1988-10-09,Femme,Safi,0727933997,2024-07-05,Google SEO
CLI00791,El Hamdouchi,Riad,riadelhamdouchi91@gmail.com,1969-03-07,Homme,Fès,0620125608,2023-06-04,Email
CLI04960,El Andaloussi,Hind,hindelandaloussi95@hotmail.com,1959-11-30,F,Tétouan,0728061591,2022-09-05,Influenceur
CLI04961,Bouyahia,Othmane,othmane-bouyahia@menara.ma,1962-06-03,m,Meknès,0689824042,2026-02-13,TikTok
CLI04125,El Bakkali,Ali,ali_elbakkali@outlook.com,1967-09-15,1,Béni Mellal,0740114320,2025-05-12,TikTok
CLI01083,Fennich,Widad,widad.fennich@yahoo.fr,2010-04-03,f,Kenitra,0742347199,2025-05-08,Affichage
CLI02443,El Bakkali,Yasmine,yasmine_elbakkali12@yahoo.fr,2006-05-06,f,Nador,0666688545,2024-01-03,TikTok
CLI03240,Kettani,Yasmine,yasmine.kettani71@outlook.com,1961-02-03,Femme,Tanger,0781277949,2025-11-26,Instagram
CLI03482,Benjelloun,Rania,rania-benjelloun@menara.ma,1986-09-23,Femme,Fès,0667162996,2025-01-22,Affichage
CLI00576,Boulahia,Hassan,hassan.boulahia26@outlook.com,1997-08-05,M,Tanger,0717399704,2023-02-21,Influenceur
CLI01336,Tahiri,Ahmed,ahmedtahiri@yahoo.fr,1995-12-03,Homme,Nador,0696262591,2023-09-17,Affichage
CLI03986,Oulhaj,Ilyas,ilyasoulhaj@outlook.com,1990-09-29,H,Taza,0646358080,2022-08-08,TikTok
CLI01042,Benjelloun,Salma,salma.benjelloun@gmail.com,1989-07-20,F,Oujda,0699289198,2026-04-01,Facebook
CLI04854,Moussaoui,Laila,laila_moussaoui@menara.ma,2008-10-03,f,Fès,0636705361,2022-11-03,Google SEO
CLI01965,Benhaddou,Issam,issam-benhaddou93@yahoo.fr,1946-03-24,m,Oujda,0781700681,2026-04-20,Recommandation
CLI02146,Zeroual,Samira,samira-zeroual@hotmail.com,1963-11-14,f,Taza,0646389161,2025-07-01,TV
CLI01179,Naciri,Kawtar,kawtar.naciri@menara.ma,1982-08-18,0,El Jadida,0644104043,2022-04-01,Instagram
CLI03583,Lamrani,Omar,omar.lamrani@outlook.com,1999-09-09,Homme,Meknès,0705742050,2022-09-21,Google SEO
CLI04556,Saidi,Malika,malika_saidi64@menara.ma,2000-06-13,F,Fès,0685166318,2025-12-23,Recommandation
CLI01806,El Ghazi,Souad,souad_elghazi@hotmail.com,1957-02-04,f,Oujda,0671694481,2024-01-26,Recommandation
CLI03722,Zeroual,Zakaria,zakaria.zeroual@yahoo.fr,1972-03-14,Homme,tangier,0615340524,2024-03-13,Facebook
CLI03193,El Fassi,Youssef,youssefelfassi@hotmail.com,1968-03-17,male,Tanger,0614806810,2024-01-11,Influenceur
CLI00696,Chraibi,Bilal,bilal.chraibi@gmail.com,1993-01-31,Homme,Meknès,0730120471,2025-06-25,Email
CLI02942,Alaoui,Hanane,hananealaoui@gmail.com,2004-05-09,female,Safi,0650682120,2025-08-22,Email
CLI00752,Errami,Ayoub,ayouberrami@menara.ma,1991-06-27,male,KENITRA,0613480873,2024-09-14,TikTok
CLI03721,Saidi,Hassan,hassan-saidi@menara.ma,2001-10-11,m,MARRAKECH,0618552567,2023-12-15,Influenceur
CLI04925,Cherkaoui,Nabil,nabil-cherkaoui@yahoo.fr,1972-05-27,H,Tétouan,0633536438,2022-06-12,Influenceur
CLI04137,Oulhaj,Manal,manal.oulhaj@outlook.com,1960-10-09,f,Agadir,0724555381,2023-03-16,Google SEO
CLI04317,El Khamlichi,Simo,simo_elkhamlichi@yahoo.fr,2003-04-28,Homme,Fès,0701534842,2023-08-04,TV
CLI00239,Guerrouj,Othmane,othmaneguerrouj25@yahoo.fr,1997-03-03,Homme,nador,0693305172,2022-11-15,Affichage
CLI02972,Mernissi,Abdellatif,abdellatif.mernissi54@outlook.com,1950-04-21,M,El Jadida,0720164854,2022-06-01,Direct
CLI01715,Ouazzani,Soufiane,soufiane-ouazzani@menara.ma,1970-11-01,male,Oujda,0698356523,2022-07-14,TV
CLI01121,Alaoui,Meryem,meryem.alaoui@menara.ma,1964-06-22,Femme,Tétouan,0627764149,2024-05-02,Google SEO
CLI03824,Naciri,Sanaa,sanaa_naciri@yahoo.fr,1957-06-13,Femme,El Jadida,0713192993,2025-09-01,Facebook
CLI04230,Zeroual,Najat,najatzeroual@hotmail.com,1958-09-13,Femme,Béni Mellal,0619622314,2023-03-16,Facebook
CLI03896,Benkirane,Fatima,fatima.benkirane86@hotmail.com,1948-05-31,0,Oujda,0678835994,2024-12-04,Recommandation
CLI00963,Filali,Houda,houda.filali@hotmail.com,1981-03-31,f,Oujda,0604410079,2023-10-22,Recommandation
CLI04323,Lahlou,Ayoub,ayoublahlou68@menara.ma,1963-10-31,male,Meknès,0621623926,2023-06-13,TikTok
CLI03390,Tazi,Btissam,btissam_tazi@hotmail.com,1984-09-18,0,béni mellal,0708885638,2025-04-13,Google SEO
CLI03200,El Ouafi,Hind,hind.elouafi@hotmail.com,1949-10-14,Femme,Taza,0718694139,2024-08-08,Google SEO
CLI02362,El Hajjaji,Simo,simo_elhajjaji40@menara.ma,1958-04-25,M,Tétouan,0774009701,2022-10-04,Affichage
CLI00672,Benali,Hamid,hamid-benali@gmail.com,1984-09-26,m,Oujda,0629618033,2024-11-09,Facebook
CLI01272,Cherkaoui,Simo,simo-cherkaoui@gmail.com,1997-02-10,Homme,Marrakech,0614613315,2025-04-01,TikTok
CLI00668,Boulahia,Nour,nour_boulahia32@menara.ma,1997-09-19,f,Tanger,0748739610,2023-09-13,Facebook
CLI04777,Berrada,Amine,amine.berrada97@outlook.com,1955-01-25,m,Fès,0610906929,2023-05-04,TikTok
CLI04835,Benomar,Hajar,hajar.benomar@outlook.com,2003-08-06,0,Casablanca,0661741352,2023-10-02,Direct
CLI03432,Fennich,Hicham,hicham-fennich@outlook.com,1970-06-22,M,Béni Mellal,0666057965,2022-04-05,Facebook
CLI00097,Benomar,Jamal,jamal_benomar@menara.ma,1969-01-15,M,Fès,0744089268,2023-05-30,Direct
CLI04522,Cherkaoui,Chaimae,chaimae.cherkaoui59@gmail.com,2009-08-05,Femme,FES,0685547684,2025-07-16,Direct
CLI01833,El Andaloussi,Imane,imaneelandaloussi@outlook.com,1986-09-21,F,Tanger,0618852114,2024-06-06,Affichage
CLI02154,Bensouda,Rania,rania-bensouda@outlook.com,1986-08-29,Femme,Agadir,0752586856,2023-10-24,Affichage
CLI00077,Lahlou,Btissam,btissam_lahlou@menara.ma,1945-06-28,0,Tétouan,0790010943,2022-08-21,TV
CLI02726,El Azzouzi,Adil,adil-elazzouzi@outlook.com,1946-06-14,m,taza,0653987405,2022-06-26,Recommandation
CLI03580,Drissi,Youssef,youssef_drissi@menara.ma,1978-06-13,H,Marrakech,0749500441,2025-01-15,Affichage
CLI03461,Guerrouj,Salma,salma_guerrouj@menara.ma,1956-06-01,F,Marrakech,0768826342,2026-04-29,Recommandation
CLI03192,Ksikes,Salma,salmaksikes@outlook.com,1948-08-24,F,Tanger,0764131066,2023-11-24,Influenceur
CLI02346,El Andaloussi,Ali,alielandaloussi@menara.ma,1954-07-17,M,Tétouan,0672449520,2025-09-15,Direct
CLI03388,Benkirane,Rania,rania-benkirane@outlook.com,2009-04-19,female,Taza,0652739767,2025-01-17,Recommandation
CLI99154,Moussaoui,Ghita,ghita.moussaoui@hotmail.com,1992-04-06,female,Safi,0753460605,2024-12-12,Influenceur
CLI00692,El Khamlichi,Hind,hindelkhamlichi@hotmail.com,1982-10-03,f,Béni Mellal,0646320374,2023-01-08,Direct
CLI01274,Cherkaoui,Mariam,mariam_cherkaoui@yahoo.fr,1972-03-15,F,Tétouan,0626994520,2022-12-25,Influenceur
CLI01844,El Ghazi,Simo,simo-elghazi@yahoo.fr,1952-11-07,1,Kenitra,0607283947,2023-09-03,Influenceur
CLI03054,Cherkaoui,Houda,houdacherkaoui@hotmail.com,2002-08-20,Femme,Agadir,0702339804,2026-03-06,Direct
CLI04640,Boulahia,Amina,amina-boulahia@hotmail.com,1962-08-29,f,Safi,0770163943,2025-12-15,Influenceur
CLI02204,Kettani,Ayoub,ayoub-kettani14@outlook.com,1989-04-12,1,Tanger,0678101032,2022-04-28,Google SEO
CLI04188,Kettani,Siham,sihamkettani@hotmail.com,1954-07-17,Femme,Agadir,0765481901,2025-06-20,Instagram
CLI03133,Ouazzani,Yasmine,yasmine.ouazzani80@gmail.com,1948-03-07,f,Fès,0612101510,2022-10-17,Influenceur
CLI01428,Naciri,Brahim,brahim_naciri@yahoo.fr,1998-09-17,m,Kenitra,0796881449,2024-04-18,TV
CLI01996,Ouazzani,Nadia,nadiaouazzani@yahoo.fr,2005-07-12,F,Tétouan,0600916659,2026-02-16,TikTok
CLI03098,Berrada,Mehdi,mehdi-berrada68@yahoo.fr,1955-12-27,m,Tanger,0631374471,2024-07-20,TikTok
CLI01496,El Azzouzi,Jamal,jamal_elazzouzi37@menara.ma,1965-09-08,male,Tétouan,0747338780,2023-11-22,TikTok
CLI00495,Cherkaoui,Hicham,hicham-cherkaoui@hotmail.com,1984-09-11,M,Oujda,0746617662,2023-01-12,Google SEO
CLI03436,Kettani,Riad,riad-kettani54@gmail.com,1890-01-01,M,Marrakech,0728134978,2023-06-22,TikTok
CLI04811,El Fassi,Abdellatif,abdellatif_elfassi@menara.ma,2000-07-08,Homme,Taza,0656370082,2023-09-03,TikTok
CLI02883,Benjelloun,Hassan,hassanbenjelloun@hotmail.com,2005-03-13,male,Fès,0646989847,2024-08-15,Email
CLI01319,Chraibi,Youssef,youssef-chraibi@yahoo.fr,1956-09-30,M,Nador,0710484809,2024-11-07,Recommandation
CLI04294,El Khamlichi,Reda,redaelkhamlichi@menara.ma,1952-08-18,M,Kenitra,0708086105,2024-06-27,Direct
CLI00135,Moussaoui,Latifa,latifa.moussaoui85@yahoo.fr,1961-12-12,0,Oujda,0624103865,2023-12-24,Direct
CLI03266,Cherkaoui,Simo,simo-cherkaoui@menara.ma,1980-01-10,male,Oujda,0635805829,2023-05-30,TV
CLI01269,Bouyahia,Hassan,hassan-bouyahia66@gmail.com,1963-02-07,H,Nador,0653988521,2023-05-03,Direct
CLI00537,Tazi,Naima,naimatazi@gmail.com,1988-02-25,F,Fès,0687510979,2025-04-12,Facebook
CLI04129,Bensouda,Hicham,hicham_bensouda61@gmail.com,1984-09-28,m,Meknès,0620215442,2023-07-21,Email
CLI03881,Bensouda,Hanane,hanane.bensouda12@hotmail.com,1974-12-05,female,Marrakech,0740090372,2025-07-28,Facebook
CLI00592,Alaoui,Ahmed,ahmed_alaoui@outlook.com,1976-06-30,Homme,Taza,0702608698,2026-03-04,Facebook
CLI02044,Ksikes,Jamal,jamal_ksikes@hotmail.com,1948-03-14,1,Nador,0776383191,2023-11-30,Affichage
CLI04944,Hajji,Ali,ali.hajji@menara.ma,1948-04-19,M,RABAT,0719411236,2025-01-20,Email
CLI04407,Moussaoui,Aziz,aziz_moussaoui74@gmail.com,1959-10-19,M,CASABLANCA,0673707434,2023-11-05,Affichage
CLI02837,Ziani,Mariam,mariam-ziani50@hotmail.com,1966-08-31,Femme,Tétouan,0616658136,2024-04-14,Influenceur
CLI04687,Benomar,Mehdi,mehdi-benomar42@menara.ma,1965-05-09,Homme,Fes,0747429057,2025-08-18,Affichage
CLI00848,Fennich,Issam,issam-fennich60@hotmail.com,2000-09-30,m,Marrakech,0689485432,2023-08-15,TV
CLI04625,Fennich,Hassan,hassanfennich@outlook.com,1890-01-01,1,Safi,0683797857,2022-12-24,Google SEO
CLI03135,Benomar,Nadia,nadia_benomar28@hotmail.com,1960-12-02,female,Marrakech,0725076233,2025-11-20,Facebook
CLI00918,Oulhaj,Karim,karim_oulhaj99@gmail.com,1958-01-28,M,El Jadida,0736372629,2022-08-09,Recommandation
CLI02271,Saidi,Youssef,youssef-saidi27@menara.ma,1981-11-08,male,Oujda,0704480632,2023-09-21,Recommandation
CLI02893,Moussaoui,Rim,rim-moussaoui@yahoo.fr,1970-10-29,Femme,Marrakech,0749659131,2024-03-08,Instagram
CLI00150,Berrada,Ali,ali_berrada@outlook.com,1977-03-29,Homme,Agadir,0670477434,2024-03-11,TV
CLI03300,Saidi,Fatima,fatimasaidi@outlook.com,1948-06-27,0,Agadir,0669251911,2022-11-10,TikTok
CLI00527,El Hamdouchi,Souad,souad_elhamdouchi@outlook.com,1969-01-10,f,meknes,0656277963,2024-07-17,Google SEO
CLI00717,Fennich,Hanane,hanane-fennich@menara.ma,1981-04-18,F,Taza,0689848416,2023-04-19,Google SEO
CLI00792,El Hamdouchi,Aicha,aichaelhamdouchi@menara.ma,1950-08-29,0,Kénitra,0658523860,2024-05-16,Google SEO
CLI04515,Saidi,Karim,karim.saidi@gmail.com,1961-02-08,Homme,Safi,0688834025,2025-05-13,Affichage
CLI04271,Cherkaoui,Latifa,latifacherkaoui@yahoo.fr,1998-09-13,f,TANGER,0689466629,2024-12-24,Affichage
CLI04454,Benhaddou,Hind,hind.benhaddou@gmail.com,1968-11-12,f,Kenitra,0688346909,2026-03-15,Google SEO
CLI00112,Ksikes,Hicham,hicham.ksikes@outlook.com,1983-10-01,male,Safi,0724342661,2024-01-15,Direct
CLI04203,Ouazzani,Issam,issamouazzani67@gmail.com,1959-06-29,male,Agadir,0705550834,2023-09-27,Affichage
CLI01300,El Hajjaji,Sanaa,sanaa.elhajjaji14@yahoo.fr,1977-10-21,0,Marrakech,0797341855,2025-10-17,TV
CLI01627,Zeroual,Oumaima,oumaimazeroual65@hotmail.com,1950-01-26,F,Tnja,0786817341,2024-11-30,Affichage
CLI01355,El Moussaoui,Souad,souad-elmoussaoui@gmail.com,1953-08-27,f,Agadir,0645498367,2023-02-20,Instagram
CLI03122,El Ghazi,Nassim,nassim-elghazi@yahoo.fr,1991-12-19,m,taza,0797522883,2023-11-18,Facebook
CLI00107,Mernissi,Rim,rim_mernissi@gmail.com,1952-09-11,female,Rabat,0719431142,2023-11-29,Influenceur
CLI01546,Drissi,Adil,adildrissi@menara.ma,1984-08-20,H,Meknès,0644357547,2026-03-18,Affichage
CLI02764,Tahiri,Imane,imane_tahiri@gmail.com,1992-01-14,Femme,Casablanca,0713719588,2023-03-15,Google SEO
CLI00916,Bouyahia,Hind,hindbouyahia@menara.ma,2000-06-29,female,Oujda,0749266329,2022-07-05,TikTok
CLI00511,Cherkaoui,Ghita,ghita-cherkaoui@hotmail.com,1974-05-31,Femme,Marrakech,0796094544,2023-04-16,TV
CLI03249,Filali,Hamid,hamid_filali@gmail.com,1970-10-20,1,Rabat,0687983232,2022-10-30,Email
CLI04080,El Andaloussi,Latifa,latifa-elandaloussi@yahoo.fr,1977-03-21,0,Casablanca,0685332319,2023-10-31,TikTok
CLI04577,Idrissi,Adil,adil_idrissi@hotmail.com,1954-05-03,male,Meknès,0625206057,2026-04-11,TV
CLI02180,Zeroual,Ali,ali.zeroual5@yahoo.fr,1975-11-22,male,eljadida,0657232300,2025-12-31,Direct
CLI02190,Drissi,Sara,saradrissi@gmail.com,2001-11-14,F,Fes,0611627143,2025-09-29,TikTok
CLI02342,Drissi,Mehdi,mehdi_drissi@yahoo.fr,1987-10-12,male,Tétouan,0751088589,2023-05-17,TV
CLI03755,Filali,Samir,samir.filali@menara.ma,1979-12-07,M,Oujda,0775228155,2022-12-15,Instagram
CLI00444,El Fassi,Samir,samir_elfassi@hotmail.com,1949-04-17,male,Rabat,0652265576,2024-10-08,Direct
CLI04996,Chraibi,Ilham,incomplet,2002-08-28,f,Fès,0747534357,2022-05-10,Influenceur
CLI01342,Guerrouj,Bilal,bilal-guerrouj@hotmail.com,1978-06-17,Homme,Taza,0771539022,2024-01-02,Influenceur
CLI00273,Zeroual,Reda,reda.zeroual@outlook.com,1997-04-22,M,dar beida,0720064256,2023-10-31,TV
CLI00882,Kettani,Malika,malika-kettani36@outlook.com,2002-06-12,Femme,Agadir,0678105580,2022-05-28,Google SEO
CLI02859,Berrada,Oumaima,oumaima_berrada@hotmail.com,1995-10-30,Femme,Taza,0753928403,2024-10-01,Recommandation
CLI95238,Moussaoui,Ayoub,ayoub-moussaoui@yahoo.fr,2009-09-17,1,Béni Mellal,0671296666,2023-02-06,Direct
CLI04720,El Bakkali,Souad,souad.elbakkali@yahoo.fr,1997-11-17,female,Taza,0719229153,2023-09-02,Recommandation
CLI00098,Naciri,Rania,rania_naciri@outlook.com,1971-11-05,Femme,Marrakech,0670866882,2025-01-25,Influenceur
CLI00863,Bouazza,Ilham,ilham_bouazza@outlook.com,2006-05-17,F,Casablanca,0723802362,2025-09-09,Instagram
CLI03151,Zeroual,Btissam,btissam-zeroual@outlook.com,1992-11-25,Femme,Taza,0694508906,2024-08-16,Influenceur
CLI04147,Errami,Younes,youneserrami24@gmail.com,1965-06-17,Homme,Tanger,0606956945,2023-01-21,TV
CLI02985,Filali,Ayoub,ayoub-filali@hotmail.com,1976-08-04,1,Meknès,0663915965,2023-09-25,Affichage
CLI04618,Rhazouani,Aziz,aziz_rhazouani10@hotmail.com,1971-12-18,male,Oujda,0625803972,2025-12-19,Direct
CLI04631,Rhazouani,Aziz,azizrhazouani@hotmail.com,1961-08-21,male,Marrakech,0645174906,2026-03-10,Recommandation
CLI02340,El Fassi,Driss,driss-elfassi41@yahoo.fr,2010-01-22,1,Rabat,0772237207,2025-10-13,Recommandation
CLI02229,El Azzouzi,Kawtar,kawtar-elazzouzi51@gmail.com,1971-12-07,Femme,Rabat,0750353321,2024-09-02,Google SEO
CLI01499,Ksikes,Souad,souad-ksikes52@yahoo.fr,1968-02-16,0,Agadir,0703871088,2022-06-27,Google SEO
CLI03687,Idrissi,Bilal,bilal.idrissi@menara.ma,1987-10-27,male,Fès,0774086560,2023-02-07,Google SEO
CLI03380,Berrada,Nassim,nassim.berrada@outlook.com,2008-07-25,m,Marrakech,0733433578,2023-05-17,Recommandation
CLI02430,Rhazouani,Loubna,loubna.rhazouani@gmail.com,2001-02-18,female,Nador,0600699155,2024-05-31,Affichage
CLI02211,El Andaloussi,Hind,hind-elandaloussi43@menara.ma,1977-05-20,Femme,El Jadida,0750398638,2024-08-24,Email
CLI02200,El Andaloussi,Youssef,youssefelandaloussi@yahoo.fr,2000-07-13,1,Marrakech,0661605029,2025-08-15,TV
CLI02283,Mernissi,Zineb,zineb-mernissi@hotmail.com,1954-01-11,f,Agadir,0660862495,2024-02-13,Instagram
CLI00596,Boulahia,Oumaima,oumaima_boulahia@hotmail.com,1958-09-30,Femme,Oujda,0648552457,2023-04-10,Affichage
CLI01537,Fennich,Ghita,ghitafennich@hotmail.com,1963-07-05,female,Agadir,0779327701,2022-09-17,Instagram
CLI03676,Drissi,Jamal,jamaldrissi73@menara.ma,1956-02-29,1,kenitra,0707217699,2024-08-31,TV
CLI01031,Guerrouj,Samira,samira-guerrouj@hotmail.com,1960-11-21,Femme,Nador,0677685760,2025-03-25,Influenceur
CLI02202,Berrada,Oumaima,oumaimaberrada@outlook.com,1963-05-07,f,Fès,0753157522,2024-10-07,TV
CLI00243,Benali,Malika,malika-benali@outlook.com,1984-09-22,Femme,Béni Mellal,0611175186,2022-05-05,Affichage
CLI04235,Chraibi,Amina,malformé@,2006-10-12,Femme,Oujda,0670612455,2023-01-21,TikTok
CLI02622,Lahlou,Souad,souadlahlou@outlook.com,1960-03-20,female,Agadir,0745259137,2022-12-17,Facebook
CLI03147,El Khamlichi,Meryem,meryem_elkhamlichi@outlook.com,1949-05-02,Femme,Casablanca,0723877870,2024-08-18,Google SEO
CLI02249,Naciri,Bilal,bilal.naciri@outlook.com,1960-03-01,M,Tanger,0727410591,2025-11-07,TikTok
CLI03423,El Fassi,Zineb,zinebelfassi@menara.ma,1993-03-21,Femme,Agadir,0613257044,2025-01-28,Instagram
CLI00001,Drissi,Soufiane,soufiane-drissi96@yahoo.fr,1976-07-19,male,Rabat,0710122691,2025-02-06,Influenceur
CLI00259,Bouazza,Anass,anass_bouazza@hotmail.com,1954-10-10,Homme,Rabat,0697199758,2025-01-03,Instagram
CLI00706,Chakir,Aziz,aziz-chakir@hotmail.com,1946-12-31,M,Béni Mellal,0655955017,2026-02-12,Affichage
CLI03652,Hajji,Reda,reda.hajji@yahoo.fr,2009-02-13,Homme,Taza,0708054233,2025-02-14,TikTok
CLI03741,El Khamlichi,Hajar,hajar-elkhamlichi41@gmail.com,1975-08-23,Femme,Marrakech,0684446204,2023-02-16,Facebook
CLI03409,Fennich,Ilham,ilham.fennich@yahoo.fr,1949-07-15,F,casa,0679916185,2022-03-26,Google SEO
CLI01552,Drissi,Widad,widad_drissi92@outlook.com,1967-02-27,f,El Jadida,0723029996,2025-08-20,Influenceur
CLI00541,El Fassi,Bilal,bilalelfassi@menara.ma,1977-05-29,male,Rabat,0657563983,2024-05-18,Influenceur
CLI04801,Benkirane,Yasmine,yasmine.benkirane29@yahoo.fr,2001-12-01,F,Oujda,0763952466,2024-09-11,Email
CLI04987,El Hajjaji,Chaimae,chaimae_elhajjaji@yahoo.fr,2002-03-02,female,Nador,0602542003,2024-01-30,Instagram
CLI00955,Alaoui,Amina,amina_alaoui@menara.ma,1958-08-02,f,tangier,0658561547,2022-11-11,Email
CLI03028,El Mansouri,Ayoub,ayoub_elmansouri@outlook.com,1970-10-09,Homme,Taza,0624286622,2024-03-23,Direct
CLI02581,El Amrani,Amina,aminaelamrani86@menara.ma,1988-04-02,Femme,Kenitra,0616362970,2024-03-02,Email
CLI02713,El Hajjaji,Meryem,meryemelhajjaji@outlook.com,1994-03-22,F,Nador,0725279344,2023-11-25,Recommandation
CLI00376,Benjelloun,Ilham,ilham_benjelloun@yahoo.fr,1948-09-10,Femme,RABAT,0633373634,2023-01-22,Influenceur
CLI03802,Benkirane,Mehdi,mehdi-benkirane@hotmail.com,2004-01-19,1,mkch,0752576875,2025-02-04,Facebook
CLI03835,Bensouda,Najat,najatbensouda@outlook.com,1948-12-20,Femme,Tanger,0619124164,2026-01-23,Recommandation
CLI01772,Idrissi,Nassim,nassim_idrissi@outlook.com,1958-09-30,Homme,Béni Mellal,0603028757,2022-05-20,Recommandation
CLI01837,Moussaoui,Hicham,hicham_moussaoui36@gmail.com,1952-02-01,M,Safi,0689654997,2024-01-31,Direct
CLI04767,El Ouafi,Dounia,douniaelouafi@hotmail.com,2004-02-14,f,Safi,0693729981,2025-10-15,Affichage
CLI02261,Hajji,Nour,nour-hajji@yahoo.fr,1950-12-25,Femme,Agadir,0673318815,2024-09-11,Influenceur
CLI00093,El Khamlichi,Samir,samirelkhamlichi@gmail.com,1948-04-05,M,Rabat,0779087406,2023-10-16,Recommandation
CLI04963,Hajji,Fatima,fatima.hajji@gmail.com,1960-02-02,Femme,Casablanca,0651594728,2024-03-17,Recommandation
CLI01164,Idrissi,Ali,ali.idrissi@gmail.com,1986-05-15,H,Rabat,0656471855,2024-03-21,TV
CLI04680,Belkadi,Brahim,brahim-belkadi@gmail.com,1981-10-02,1,kenitra,0750765673,2025-10-23,Affichage
CLI03674,El Bakkali,Yasmine,yasmine_elbakkali48@yahoo.fr,1988-04-30,F,Taza,0712875334,2024-06-10,Affichage
CLI04621,Moussaoui,Amine,amine.moussaoui@outlook.com,1948-07-02,m,Taza,0745983051,2023-10-06,Facebook
CLI02596,Chraibi,Kawtar,kawtarchraibi@outlook.com,1994-12-19,F,Tanger,0619801106,2024-11-07,Email
CLI02677,Benjelloun,Bilal,bilal-benjelloun42@menara.ma,1959-05-02,H,Agadir,0617486369,2025-01-07,Email
CLI01573,Belkadi,Driss,drissbelkadi@menara.ma,2003-11-09,Homme,Safi,0764494363,2024-02-11,Facebook
CLI00053,Ziani,Kawtar,kawtar_ziani@menara.ma,1974-07-26,F,Tétouan,0694024455,2022-11-05,Google SEO
CLI04744,Bensouda,Amina,amina-bensouda@gmail.com,1998-01-30,0,Rabat,0713397450,2022-12-08,Facebook
CLI01422,El Hamdouchi,Rachid,rachid_elhamdouchi@hotmail.com,1964-01-17,M,Nador,0701991984,2025-11-12,Affichage
CLI00860,Benhaddou,Salma,salma.benhaddou@outlook.com,1986-07-18,F,El Jadida,0633451100,2023-02-14,TV
CLI04768,El Fassi,Loubna,loubna.elfassi@gmail.com,1998-12-18,F,Taza,0669482721,2025-02-17,Recommandation
CLI04567,El Andaloussi,Imane,imaneelandaloussi@menara.ma,1972-06-20,Femme,Agadir,0693298632,2023-07-12,Direct
CLI00595,Fennich,Ilyas,ilyas_fennich@hotmail.com,1962-06-14,H,El Jadida,0703202032,2026-02-20,Influenceur
CLI04945,El Khamlichi,Sanaa,sanaa-elkhamlichi96@outlook.com,1957-03-01,0,Safi,0665333902,2024-12-15,TV
CLI00514,El Ghazi,Mustapha,mustapha.elghazi14@menara.ma,2000-08-22,H,Agadir,0761642059,2025-03-10,TikTok
CLI01382,Idrissi,Sanaa,sanaa_idrissi@yahoo.fr,1946-06-10,f,rabat,0755619221,2024-12-16,Affichage
CLI02085,Oulhaj,Nabil,nabil_oulhaj66@gmail.com,2006-12-03,M,Meknès,0686551086,2025-06-14,Instagram
CLI02142,Tazi,Ilyas,ilyas-tazi@menara.ma,1969-10-14,m,Kenitra,0659801888,2026-04-04,Google SEO
CLI03367,Chraibi,Mohammed,mohammed.chraibi@menara.ma,1986-01-24,1,Taza,0646715118,2026-02-15,Affichage
CLI01862,Ksikes,Amine,amineksikes48@yahoo.fr,1985-11-05,m,meknès,0696282196,2023-01-19,Google SEO
CLI02491,Chraibi,Btissam,btissam-chraibi@menara.ma,1965-04-13,F,Béni Mellal,0773879278,2022-10-26,Direct
CLI03584,Bouazza,Mohammed,mohammed-bouazza@outlook.com,1959-02-14,m,Tanger,0788709090,2022-12-13,Recommandation
CLI04897,El Ouafi,Samira,samira-elouafi@yahoo.fr,1960-12-02,f,Béni Mellal,0681288614,2023-12-27,TV
CLI01207,Errami,Ghita,ghita-errami@yahoo.fr,1977-11-05,female,Meknès,0788658348,2024-10-04,Email
CLI00757,Hajji,Riad,riad-hajji72@menara.ma,2007-12-13,1,Meknès,0629965082,2024-01-18,Influenceur
CLI00737,El Khamlichi,Siham,sihamelkhamlichi@gmail.com,1945-06-26,0,tetouan,0699874781,2025-11-08,Facebook
CLI00205,Drissi,Walid,walid.drissi9@outlook.com,1961-06-28,male,agadir,0765880434,2025-01-16,Instagram
CLI02839,El Mansouri,Bilal,bilal-elmansouri@yahoo.fr,1972-05-08,Homme,Taza,0644417566,2024-08-20,Influenceur
CLI02683,Fennich,Salma,salma.fennich48@menara.ma,1993-09-22,female,marrakech,0746316460,2026-01-29,Influenceur
CLI04525,Lahlou,Khalid,khalid-lahlou65@menara.ma,1992-12-08,M,El Jadida,0706534029,2025-10-15,Facebook
CLI02301,Benali,Aicha,aicha_benali@hotmail.com,1947-07-01,0,Agadir,0776630779,2025-03-16,TV
CLI04636,Bouazza,Siham,siham_bouazza@hotmail.com,1974-05-26,F,Oujda,0614108878,2025-12-16,Email
CLI01338,Errami,Walid,walid-errami@menara.ma,1961-11-14,H,Nador,0738029903,2022-05-06,Recommandation
CLI01295,Benjelloun,Younes,younes-benjelloun@menara.ma,1966-06-12,H,Agadir,0759070554,2023-11-24,TV
CLI01351,Idrissi,Hafida,hafida_idrissi@menara.ma,1960-09-04,F,Oujda,0714336080,2022-12-29,TV
CLI02476,El Ghazi,Walid,walid_elghazi@hotmail.com,1979-07-26,1,Fes,0727682091,2024-02-02,Affichage
CLI03850,Bensouda,Walid,walid.bensouda39@outlook.com,1964-10-18,M,Oujda,0783218673,2023-09-03,Email
CLI04190,Zeroual,Nadia,nadiazeroual@hotmail.com,1950-03-28,F,tanja,0742890056,2023-06-14,Direct
CLI03004,Chraibi,Abdellatif,abdellatif_chraibi@hotmail.com,1970-03-22,Homme,MARRAKECH,0798056022,2025-07-25,Facebook
CLI02588,Moussaoui,Siham,siham_moussaoui@yahoo.fr,2000-01-21,F,Rabat,0625100227,2023-01-28,TV
CLI03637,El Azzouzi,Rachid,rachid.elazzouzi@hotmail.com,1966-10-25,Homme,El Jadida,0643648936,2023-11-10,Instagram
CLI03838,El Fassi,Hafida,hafida_elfassi94@yahoo.fr,1955-12-10,Femme,Agadir,0705923389,2024-04-07,Facebook
CLI04358,Benhaddou,Hassan,hassanbenhaddou17@yahoo.fr,2006-09-18,H,Agadir,0784933147,2025-10-28,Influenceur
CLI02374,Ksikes,Othmane,othmaneksikes@yahoo.fr,1890-01-01,1,Tanger,0633761915,2023-04-07,Direct
CLI03177,Idrissi,Meryem,meryem.idrissi@menara.ma,1994-09-26,female,Safi,0692832495,2022-11-01,Instagram
CLI92402,Guerrouj,Houssam,houssam-guerrouj@gmail.com,1979-08-13,m,Béni Mellal,0731189230,2025-12-16,Direct
CLI03049,Filali,Yasmine,yasminefilali@gmail.com,1960-09-07,F,Safi,0654452925,2023-11-04,Affichage
CLI00483,Benhaddou,Hafida,hafida.benhaddou90@gmail.com,1948-12-16,female,Safi,0622572076,2024-07-25,TikTok
CLI04347,Alaoui,Samira,samiraalaoui98@gmail.com,2008-04-27,female,TANGER,0683280065,2025-07-26,TikTok
CLI90606,Benkirane,Ali,ali-benkirane64@menara.ma,1973-09-30,1,Fès,0660107867,2025-02-14,Influenceur
CLI04024,Mernissi,Hassan,hassanmernissi@outlook.com,1977-03-15,male,Meknès,0697494979,2023-07-15,Instagram
CLI04266,Idrissi,Houssam,houssam.idrissi45@hotmail.com,1997-10-08,m,Agadir,0642105589,2024-11-15,Instagram
CLI03391,El Fassi,Latifa,latifa.elfassi@hotmail.com,2003-12-13,0,Taza,0715596487,2023-03-23,Google SEO
CLI02918,Filali,Siham,siham-filali4@gmail.com,1950-06-20,f,Safi,0749290703,2023-11-19,Affichage
CLI03146,Idrissi,Btissam,btissamidrissi69@hotmail.com,1963-12-24,f,Oujda,0746290651,2024-02-25,Influenceur
CLI02055,Mernissi,Riad,riad.mernissi63@menara.ma,1966-05-01,m,Taza,0667750461,2023-02-02,Influenceur
CLI00271,El Bakkali,Samira,samira-elbakkali@menara.ma,1995-03-27,f,Tétouan,0612447174,2022-09-13,Influenceur
CLI03447,Zeroual,Naima,naima-zeroual75@hotmail.com,2000-05-14,Femme,Taza,0691917701,2023-06-28,TV
CLI00383,Alaoui,Brahim,brahim-alaoui@yahoo.fr,2001-09-18,1,Nador,0762128671,2024-07-01,Influenceur
CLI01819,Tazi,Reda,reda.tazi@hotmail.com,1957-04-04,male,Rabat,0753222470,2024-07-15,Affichage
CLI04884,Bakkali,Samira,samirabakkali69@menara.ma,1965-08-09,f,Tétouan,0665001595,2022-12-11,Affichage
CLI04352,Berrada,Khalid,khalid_berrada@yahoo.fr,1979-10-07,m,Kenitra,0662329861,2024-11-14,Affichage
CLI01058,Zeroual,Aicha,aichazeroual@yahoo.fr,1960-12-17,female,Rabat,0705920823,2022-06-03,TikTok
CLI00990,Naciri,Hassan,hassan_naciri@menara.ma,2007-10-12,H,Nador,0610212543,2024-05-20,Recommandation
CLI00184,Belkadi,Najat,najat.belkadi99@gmail.com,2009-06-20,0,Nador,0713861207,2025-02-19,TikTok
CLI01849,Idrissi,Kawtar,kawtar-idrissi90@menara.ma,1997-01-21,f,Oujda,0760213688,2025-03-28,Recommandation
CLI02747,Moussaoui,Kawtar,kawtarmoussaoui@hotmail.com,1957-03-16,Femme,Oujda,0781014100,2023-01-16,Affichage
CLI02093,Lahlou,Btissam,btissam-lahlou@gmail.com,1983-10-11,Femme,Oujda,0651041367,2025-03-22,Direct
CLI04331,Boulahia,Laila,laila.boulahia@hotmail.com,1992-07-25,f,Tétouan,0732868717,2024-05-14,Direct
CLI00984,El Ghazi,Imane,imane_elghazi@gmail.com,1955-10-10,female,Taza,0746042276,2022-03-27,Email
CLI94554,Tahiri,Mohammed,mohammed-tahiri40@yahoo.fr,1973-10-01,M,Marrakech,0778726856,2024-11-14,TikTok
CLI02165,Bensouda,Ghita,ghita_bensouda91@outlook.com,1958-06-27,F,Tanger,0652151435,2023-07-22,Instagram
CLI01397,Tahiri,Najat,najat-tahiri@yahoo.fr,1978-05-23,f,Taza,0658837743,2023-03-27,TikTok
CLI04013,Filali,Soufiane,soufiane_filali@yahoo.fr,1989-04-07,1,Kenitra,0795448634,2026-04-13,Affichage
CLI96705,Guerrouj,Hamid,hamid.guerrouj@outlook.com,1988-03-11,m,Meknès,0670632503,2024-01-21,Instagram
CLI01079,Oulhaj,Malika,malika.oulhaj@yahoo.fr,1994-07-21,Femme,Safi,0764693656,2023-05-23,Instagram
CLI04703,Ouazzani,Anass,anassouazzani@hotmail.com,1890-01-01,1,Meknès,0617712280,2024-03-24,Recommandation
CLI01635,El Bakkali,Issam,issam-elbakkali@yahoo.fr,1989-12-17,H,Casablanca,0601864323,2025-08-26,Instagram
CLI01933,Chakir,Ali,ali_chakir81@menara.ma,1949-05-12,1,Meknès,0748400004,2024-10-22,Google SEO
CLI03086,Tazi,Nadia,nadiatazi67@yahoo.fr,1986-10-22,f,Tétouan,0738079914,2026-01-09,TV
CLI00179,Bouyahia,Karim,karim_bouyahia@hotmail.com,1973-01-31,1,Casablanca,0686384066,2023-10-18,Influenceur
CLI04895,Alaoui,Houda,houda_alaoui56@hotmail.com,1966-08-13,Femme,Casablanca,0730901913,2022-07-15,Recommandation
CLI02221,Bouyahia,Karim,karim.bouyahia5@menara.ma,1968-01-06,M,Kenitra,0690187692,2024-04-28,Direct
CLI02645,Bensouda,Samira,samirabensouda82@menara.ma,2007-09-29,0,Fès,0600029780,2025-08-10,Influenceur
CLI02296,Benkirane,Rania,rania.benkirane34@menara.ma,1993-11-09,Femme,tanja,0660385528,2024-05-09,Affichage
CLI04666,Chakir,Younes,youneschakir@menara.ma,1989-06-04,H,Béni Mellal,0618926500,2024-08-10,Email
CLI04909,Cherkaoui,Najat,najat-cherkaoui@menara.ma,1998-10-14,Femme,Rabat,0768551461,2024-08-12,Facebook
CLI00014,Tahiri,Najat,najat_tahiri@gmail.com,1974-11-17,Femme,Agadir,0614294019,2023-04-29,Influenceur
CLI04787,Lahlou,Widad,widad.lahlou74@outlook.com,1956-09-11,0,Fès,0651126833,2022-09-10,Instagram
CLI00660,Benomar,Hanane,hanane-benomar@outlook.com,1975-12-28,f,TAZA,0631660076,2022-03-26,Direct
CLI02352,Ouazzani,Imane,imaneouazzani@outlook.com,1994-02-14,Femme,Oujda,0779045522,2025-12-01,Recommandation
CLI03063,El Andaloussi,Driss,drisselandaloussi65@yahoo.fr,1993-11-16,male,Fès,0711718569,2022-06-23,Instagram
CLI00337,Drissi,Houda,houdadrissi@menara.ma,1971-07-04,Femme,El Jadida,0741220310,2022-07-22,Email
CLI00788,Hajji,Sanaa,sanaa-hajji@gmail.com,1988-02-22,female,El Jadida,0721659143,2025-02-17,Affichage
CLI01128,El Khamlichi,Aicha,aicha.elkhamlichi@yahoo.fr,1992-05-01,f,Fès,0622240053,2024-12-06,TV
CLI03119,Berrada,Nassim,nassim.berrada@menara.ma,1974-06-15,male,safi,0662843237,2024-12-01,Influenceur
CLI01561,Bouyahia,Meryem,meryem_bouyahia@outlook.com,1948-03-22,F,Taza,0627674906,2024-05-28,Recommandation
CLI00075,Lahlou,Rachid,rachid-lahlou71@outlook.com,1962-09-21,M,Casablanca,0767866912,2025-11-06,TikTok
CLI01745,Bouazza,Fouad,fouadbouazza@outlook.com,2005-06-16,male,casablanca,0616134079,2023-12-16,TV
CLI02877,Moussaoui,Rania,rania_moussaoui@hotmail.com,1960-11-23,f,Oujda,0780985683,2024-11-27,TikTok
CLI01939,Fennich,Ahmed,ahmed_fennich@outlook.com,1977-10-19,m,El Jadida,0788780737,2022-09-20,Influenceur
CLI01127,Kettani,Zineb,zineb.kettani@hotmail.com,1954-11-30,F,Tanger,0722411420,2022-06-07,Influenceur
CLI00173,Drissi,Loubna,loubnadrissi@menara.ma,1946-10-06,f,Casablanca,0760880199,2026-03-26,Recommandation
CLI03259,El Ghazi,Souad,souad-elghazi14@menara.ma,1949-09-13,0,Rabat,0711530912,2023-02-16,Direct
CLI02824,Ksikes,Ali,ali.ksikes29@yahoo.fr,1981-11-01,male,Marrakech,0647430342,2024-08-14,Influenceur
CLI03805,El Mansouri,Fatima,fatimaelmansouri@hotmail.com,2007-11-09,f,Fès,0739266695,2025-10-15,TV
CLI00351,Moussaoui,Houssam,houssammoussaoui@outlook.com,1947-10-21,Homme,El Jadida,0728813770,2023-08-13,Facebook
CLI03586,Hajji,Souad,souad_hajji53@hotmail.com,1976-05-31,female,Agadir,0718370157,2025-06-24,Direct
CLI00064,Tazi,Widad,widadtazi@gmail.com,1979-09-29,female,Fès,0647359774,2023-10-25,Influenceur
CLI04661,Errami,Younes,youneserrami@outlook.com,1992-08-10,m,Fès,0786742805,2023-07-13,Affichage
CLI04026,Kettani,Houssam,houssam_kettani@hotmail.com,1969-09-11,m,Meknès,0742098666,2024-03-24,Recommandation
CLI01663,Zeroual,Latifa,latifazeroual@outlook.com,2006-08-25,0,Rabat,0714337004,2023-07-15,TV
CLI01275,Benomar,Samira,samira.benomar@gmail.com,1996-05-19,female,Casablanca,0608224216,2022-11-17,Affichage
CLI00755,Rhazouani,Driss,driss-rhazouani@hotmail.com,1996-12-10,H,Tétouan,0623123426,2023-02-20,Influenceur
CLI03892,Mernissi,Driss,driss_mernissi39@yahoo.fr,1968-10-20,m,Casablanca,0685986468,2026-04-05,Recommandation
CLI03949,El Mansouri,Fatima,fatima_elmansouri77@gmail.com,1985-02-07,F,El Jadida,0728552029,2025-05-04,Affichage
CLI00149,Filali,Btissam,btissam_filali7@yahoo.fr,1959-07-31,female,Tanger,0714973103,2024-04-23,Facebook
CLI03518,Chraibi,Driss,driss-chraibi91@hotmail.com,2015-06-01,H,Fès,0716232528,2023-05-10,Direct
CLI04280,Moussaoui,Younes,younes.moussaoui@yahoo.fr,1972-05-06,Homme,Taza,0633709472,2024-10-14,Influenceur
CLI04255,El Ghazi,Fatima,fatimaelghazi@gmail.com,1953-02-26,0,Tanger,0776454056,2025-08-25,Google SEO
CLI03234,Naciri,Naima,naima-naciri79@hotmail.com,1975-07-06,Femme,Fès,0706262953,2023-04-17,Influenceur
CLI00334,Benjelloun,Driss,drissbenjelloun66@outlook.com,1966-09-22,H,Taza,0788147617,2025-06-18,Recommandation
CLI03531,Cherkaoui,Malika,malikacherkaoui@hotmail.com,1950-04-14,female,Oujda,0785407945,2024-12-02,Email
CLI00999,El Mansouri,Tarik,tarik_elmansouri@gmail.com,2001-05-01,m,Agadir,0667586463,2025-10-07,Email
CLI00627,Berrada,Malika,malika.berrada@outlook.com,2007-06-25,f,tangier,0613060906,2024-04-03,TV
CLI03734,El Khamlichi,Manal,manal-elkhamlichi@yahoo.fr,1996-12-27,female,Marrakech,0667363251,2023-02-07,TikTok
CLI00932,El Hamdouchi,Rabha,rabhaelhamdouchi@menara.ma,1948-05-10,f,Marrakech,0748599464,2023-10-08,Instagram
CLI03191,El Hamdouchi,Karim,karim_elhamdouchi@hotmail.com,1956-10-01,Homme,Nador,0652794340,2025-08-02,Direct
CLI01059,Errami,Ahmed,ahmederrami@outlook.com,1996-06-25,H,Rabat,0656820175,2024-02-01,Email
CLI03605,Chraibi,Nour,nour_chraibi@menara.ma,1980-01-08,f,eljadida,0618605423,2023-07-12,Instagram
CLI02432,El Andaloussi,Simo,simo.elandaloussi@outlook.com,1985-01-26,H,Meknès,0790705695,2024-07-22,Instagram
CLI01064,Saidi,Ali,alisaidi@hotmail.com,2005-07-02,1,eljadida,0758115744,2023-06-24,TV
CLI04182,Benhaddou,Houda,houdabenhaddou22@hotmail.com,1992-11-24,Femme,Nador,0696392669,2022-09-08,Instagram
CLI04852,Bensouda,Sanaa,sanaa-bensouda10@outlook.com,1982-12-06,Femme,Casablanca,0733988325,2022-12-17,TikTok
CLI00862,El Moussaoui,Oumaima,oumaimaelmoussaoui@yahoo.fr,1987-03-29,female,Marrakech,0660336202,2023-12-16,Direct
CLI03283,Berrada,Ilyas,ilyasberrada@gmail.com,1953-10-25,male,Taza,0688885037,2024-09-17,Facebook
CLI01594,Saidi,Rachid,rachid-saidi@gmail.com,1985-04-11,M,Tétouan,0626719196,2022-09-28,TV
CLI00874,Bouyahia,Ayoub,ayoub.bouyahia@menara.ma,1991-06-18,H,Casablanca,0743385324,2022-05-06,Direct
CLI03554,Bensouda,Simo,simo-bensouda@yahoo.fr,2009-03-29,male,Tanger,0719925751,2023-11-06,Instagram
CLI01387,Tazi,Rim,rim_tazi20@menara.ma,2007-12-22,f,casa,0666032358,2025-09-05,Recommandation
CLI03457,Lahlou,Zineb,zineb.lahlou@outlook.com,1994-04-17,0,Béni Mellal,0616316295,2023-08-16,Affichage
CLI01249,Ouazzani,Ilham,ilham_ouazzani@gmail.com,1963-12-22,Femme,Meknès,0685507435,2025-05-05,Google SEO
CLI03507,El Andaloussi,Widad,widadelandaloussi@hotmail.com,1956-09-24,F,Tanger,0701130322,2025-11-05,Email
CLI01167,Lahlou,Othmane,othmane.lahlou12@menara.ma,1968-09-14,m,Tétouan,0622311678,2022-04-15,Direct
CLI03269,Errami,Najat,incomplet,1953-04-30,Femme,Nador,0649191799,2023-12-03,Direct
CLI02996,Tahiri,Walid,walidtahiri@gmail.com,1953-02-15,1,Taza,0619807123,2022-12-29,Email
CLI03229,Rhazouani,Younes,younes-rhazouani@hotmail.com,1980-01-11,M,Tétouan,0749465920,2023-12-04,TikTok
CLI03307,El Mansouri,Hassan,hassanelmansouri@yahoo.fr,1958-09-06,M,agadir,0701280870,2023-09-02,Email
CLI02806,Hajji,Sara,sara_hajji39@gmail.com,1957-05-27,0,Nador,0607137797,2024-02-25,Email
CLI01029,El Amrani,Rabha,rabha.elamrani1@menara.ma,2004-10-05,Femme,Oujda,0656461607,2023-09-30,Influenceur
CLI03369,El Moussaoui,Fouad,fouad.elmoussaoui@menara.ma,1946-12-04,m,Kenitra,0677594792,2022-05-11,Facebook
CLI00373,Benali,Driss,driss-benali29@hotmail.com,1977-02-14,m,Tanger,0641026153,2025-03-26,Recommandation
CLI01061,Boulahia,Nadia,nadia_boulahia7@outlook.com,1946-09-14,F,Meknès,0636192025,2023-07-20,TV
CLI00432,El Ouafi,Sara,sara_elouafi7@outlook.com,2015-06-01,0,Taza,0662475541,2024-10-05,Instagram
CLI04696,Moussaoui,Hamid,hamid_moussaoui@hotmail.com,1982-01-20,M,Kenitra,0666126811,2025-05-15,Affichage
CLI02164,El Fassi,Nour,nour-elfassi@gmail.com,2006-03-02,f,Tanger,0763443346,2024-03-14,Google SEO
CLI01614,Cherkaoui,Nadia,nadia-cherkaoui56@menara.ma,1980-07-20,Femme,Safi,0682893632,2023-03-21,Direct
CLI01846,Mernissi,Manal,manalmernissi@hotmail.com,2002-06-09,0,NADOR,0651640787,2025-09-02,Google SEO
CLI03706,Ziani,Aicha,aicha-ziani@yahoo.fr,1950-05-25,female,casablanca,0721415709,2023-09-12,TV
CLI02225,Cherkaoui,Ali,alicherkaoui3@hotmail.com,1983-04-05,M,Meknès,0662469889,2023-12-13,Influenceur
CLI04213,Berrada,Hind,hindberrada58@outlook.com,1971-12-29,female,Oujda,0617389145,2024-11-16,TikTok
CLI03524,El Ghazi,Hajar,hajar_elghazi99@gmail.com,2004-03-20,0,MEKNES,0670554565,2026-01-07,Instagram
CLI01396,Benkirane,Laila,laila_benkirane@hotmail.com,1957-05-30,Femme,Casablanca,0650509699,2024-09-03,Influenceur
CLI04056,Tazi,Zineb,zineb_tazi@hotmail.com,2006-04-28,female,Oujda,0640492224,2022-09-08,Google SEO
CLI95091,El Andaloussi,Mehdi,mehdi.elandaloussi41@hotmail.com,1947-04-13,M,Béni Mellal,0743514928,2025-04-30,Influenceur
CLI02404,Mernissi,Fatima,fatimamernissi@yahoo.fr,1964-03-29,Femme,Kenitra,0797888458,2023-09-02,Direct
CLI03510,Ziani,Mohammed,mohammed_ziani@gmail.com,2001-06-21,1,Meknès,0735985153,2025-11-24,Facebook
CLI01039,Belkadi,Mariam,mariam-belkadi62@hotmail.com,1953-06-14,female,tanger,0682226679,2022-05-27,Recommandation
CLI04241,Alaoui,Sara,sara.alaoui@hotmail.com,1945-10-21,0,Taza,0784237405,2025-05-02,Instagram
CLI01424,Benomar,Houssam,houssambenomar@menara.ma,1990-06-14,1,Agadir,0610900701,2026-01-12,Direct
CLI04070,Ouazzani,Youssef,youssefouazzani@outlook.com,2004-07-22,Homme,el jadida,0654495176,2024-05-05,Recommandation
CLI04348,El Khamlichi,Houda,houda.elkhamlichi@menara.ma,1979-07-30,0,Safi,0626167336,2025-05-25,Influenceur
CLI04903,Berrada,Reda,redaberrada@gmail.com,2007-10-12,Homme,Nador,0722131550,2025-07-01,TV
CLI03090,El Hajjaji,Khadija,khadija_elhajjaji@outlook.com,1955-03-14,Femme,tanja,0604203073,2022-05-09,TikTok
CLI00636,Benhaddou,Najat,najat.benhaddou@yahoo.fr,1947-05-14,0,Agadir,0738480752,2025-05-20,Google SEO
CLI00751,El Amrani,Salma,salma.elamrani59@outlook.com,2000-11-25,female,Béni Mellal,0645506882,2025-05-07,Influenceur
CLI04345,Zeroual,Younes,younes-zeroual21@yahoo.fr,1952-10-15,H,Taza,0707723096,2023-09-23,Influenceur
CLI00405,Lamrani,Ilham,malformé@,1949-08-31,0,Safi,0705739769,2026-03-28,Instagram
CLI00079,Bakkali,Hind,hind.bakkali16@yahoo.fr,1975-09-27,female,Nador,0732595327,2024-03-06,Affichage
CLI01317,Saidi,Mehdi,mehdisaidi@menara.ma,2002-07-19,m,Meknès,0651648389,2022-06-01,TikTok
CLI03984,Drissi,Imane,imane.drissi@hotmail.com,1986-05-25,0,Oujda,0722898992,2024-08-09,Recommandation
CLI04432,Mernissi,Ilyas,ilyas-mernissi@gmail.com,1983-10-25,Homme,agadir,0634946702,2024-12-21,Direct
CLI03134,Belkadi,Riad,riad_belkadi@menara.ma,2006-12-14,Homme,tétouan,0776631009,2026-02-22,Recommandation
CLI01235,Errami,Meryem,meryem.errami53@gmail.com,1967-10-16,f,Kenitra,0606173563,2022-11-09,Instagram
CLI04792,Fennich,Meryem,meryem-fennich20@gmail.com,1997-08-30,f,Rabat,0626025324,2026-04-10,Affichage
CLI04278,Alaoui,Othmane,othmane-alaoui@yahoo.fr,1994-10-02,male,Tétouan,0637361798,2025-01-16,Recommandation
CLI03101,El Hajjaji,Naima,naima_elhajjaji@menara.ma,1984-03-12,female,Kenitra,0678313571,2022-10-13,TV
CLI02897,El Andaloussi,Walid,walidelandaloussi48@menara.ma,2000-10-05,Homme,Safi,0672864213,2024-06-13,Influenceur
CLI02582,Lamrani,Jamal,jamallamrani92@hotmail.com,1990-01-20,male,MEKNES,0783681254,2023-11-27,Instagram
CLI98772,Bouyahia,Tarik,tarik-bouyahia20@yahoo.fr,1969-12-22,M,Fès,0648536819,2022-04-11,Google SEO
CLI03327,El Ouafi,Karim,karimelouafi@hotmail.com,1956-09-28,Homme,Tétouan,0654157239,2024-04-22,Direct
CLI03565,Benjelloun,Ahmed,ahmed-benjelloun@hotmail.com,2004-03-16,m,TANGER,0641582212,2024-11-02,Instagram
CLI02600,Hajji,Simo,simohajji15@yahoo.fr,2002-10-28,m,Tétouan,0751059208,2023-11-09,Influenceur
CLI01218,Benhaddou,Ali,ali-benhaddou78@gmail.com,1978-10-21,male,Kenitra,0631342755,2025-07-09,Direct
CLI01895,Berrada,Souad,souad_berrada27@hotmail.com,1988-03-03,female,Rabat,0614938475,2024-06-29,Recommandation
CLI00657,Bouyahia,Fouad,fouad-bouyahia@menara.ma,1963-09-23,male,Fès,0640325376,2024-12-01,TikTok
CLI02553,Benjelloun,Badr,badr-benjelloun@hotmail.com,1974-12-01,1,Fès,0670106536,2023-10-25,Google SEO
CLI04102,El Andaloussi,Zakaria,zakaria_elandaloussi61@gmail.com,1958-03-03,H,tng,0716829689,2022-11-16,Affichage
CLI01454,Berrada,Riad,riad-berrada@yahoo.fr,1980-12-30,m,Fès,0699627686,2025-12-12,Instagram
CLI04783,Zeroual,Aicha,aicha_zeroual@gmail.com,1987-06-18,Femme,Tétouan,0792717693,2024-12-29,Recommandation
CLI01409,Benjelloun,Youssef,youssef-benjelloun@gmail.com,1992-05-26,male,Fès,0751497249,2023-10-05,Google SEO
CLI01097,Alaoui,Bilal,bilalalaoui89@gmail.com,1968-04-22,M,Tétouan,0713490961,2026-02-28,TV
CLI03675,Bouazza,Btissam,btissam-bouazza@outlook.com,1970-08-01,f,Casablanca,0725482718,2025-08-09,TV
CLI02998,Kettani,Salma,salma-kettani@hotmail.com,2005-10-15,0,Agadir,0748400421,2023-10-19,Google SEO
CLI03288,Idrissi,Reda,reda_idrissi98@hotmail.com,1996-04-24,m,Béni Mellal,0797775323,2026-03-13,Affichage
CLI04247,Zeroual,Sanaa,sanaa.zeroual88@gmail.com,1989-03-19,F,Fès,0707331256,2023-02-21,Influenceur
CLI00741,Bensouda,Anass,anass-bensouda@outlook.com,1985-08-15,Homme,Safi,0626942894,2025-06-18,Influenceur
CLI01423,Lamrani,Amina,amina.lamrani66@outlook.com,1958-09-13,f,Oujda,0710740433,2026-02-10,Influenceur
CLI03402,Chraibi,Rachid,rachid_chraibi@hotmail.com,1991-11-16,1,Safi,0605103415,2024-03-10,TV
CLI04161,El Hamdouchi,Zineb,zinebelhamdouchi38@yahoo.fr,1993-05-19,0,Casablanca,0776797717,2025-05-12,TikTok
CLI03244,Moussaoui,Hajar,hajarmoussaoui@gmail.com,1958-01-06,F,Meknès,0625798123,2022-03-28,Email
CLI04974,Drissi,Zakaria,zakaria-drissi58@hotmail.com,1956-06-06,M,El Jadida,0788621946,2025-05-29,Instagram
CLI00417,Filali,Ali,ali.filali@gmail.com,1945-12-21,H,AGADIR,0640848729,2022-08-23,Direct
CLI04226,Kettani,Walid,walid_kettani@outlook.com,1991-10-02,male,Tétouan,0651991773,2022-11-11,Direct
CLI01420,El Amrani,Omar,omar-elamrani@menara.ma,1952-03-03,Homme,Béni Mellal,0682616417,2025-12-27,Google SEO
CLI00640,Ouazzani,Ali,ali-ouazzani11@hotmail.com,1960-12-05,m,El Jadida,0792749072,2025-03-23,Affichage
CLI00057,Fennich,Nadia,nadiafennich@menara.ma,1956-12-22,0,KENITRA,0751613696,2025-05-15,Affichage
CLI02464,Benjelloun,Driss,driss.benjelloun@outlook.com,1982-03-05,m,Casablanca,0722632621,2024-11-16,Recommandation
CLI01648,Ksikes,Sara,sara_ksikes50@gmail.com,1966-06-12,f,Fès,0610502289,2024-03-19,Facebook
CLI00772,Zeroual,Widad,widadzeroual@yahoo.fr,2000-06-28,f,marrakech,0768299687,2023-09-30,Facebook
CLI00594,Boulahia,Rim,rimboulahia29@menara.ma,1994-02-26,f,Meknès,0791334245,2022-04-24,Direct
CLI02172,Mernissi,Samir,samir.mernissi@hotmail.com,1983-02-22,H,Marrakech,0624542249,2025-08-27,Facebook
CLI03902,Belkadi,Mustapha,mustaphabelkadi29@menara.ma,1977-09-09,Homme,Meknès,0659997989,2024-10-02,Influenceur
CLI00049,El Khamlichi,Loubna,loubna.elkhamlichi17@hotmail.com,1956-08-23,female,Kenitra,0678390847,2024-04-20,Google SEO
CLI03825,Guerrouj,Souad,souadguerrouj6@menara.ma,2003-11-09,female,Agadir,0763685688,2025-09-08,Google SEO
CLI01138,Lamrani,Karim,karim_lamrani@yahoo.fr,1984-02-05,Homme,Nador,0703694811,2023-01-19,Facebook
CLI01969,Kettani,Zakaria,zakariakettani@outlook.com,1974-05-28,M,Tétouan,0659944769,2025-10-04,Affichage
CLI04592,El Ghazi,Ali,ali_elghazi@menara.ma,1966-03-06,M,Béni Mellal,0765007449,2024-03-31,Instagram
CLI04545,El Ouafi,Loubna,loubna.elouafi66@menara.ma,1998-12-20,F,Nador,0715235882,2023-03-11,Affichage
CLI02791,Idrissi,Latifa,latifaidrissi@menara.ma,1950-08-31,female,Casablanca,0677905387,2022-12-22,TikTok
CLI01298,Belkadi,Hind,hind_belkadi29@outlook.com,1966-12-30,Femme,Casablanca,0785573952,2024-08-07,Email
CLI04985,Chraibi,Walid,walid-chraibi@gmail.com,1999-11-30,1,oujda,0701335746,2023-09-10,TikTok
CLI01491,Bouyahia,Simo,malformé@,1964-07-06,H,Marrakech,0676221559,2025-04-17,Influenceur
CLI00249,Moussaoui,Ilyas,pasdearobase.com,1980-05-16,male,Safi,0639660558,2023-09-22,Email
CLI00195,Bensouda,Othmane,othmane.bensouda@hotmail.com,1990-03-04,m,tangier,0642869904,2025-07-05,Instagram
CLI04653,Hajji,Manal,manalhajji@outlook.com,1961-06-05,0,Fès,0693338246,2025-03-12,Influenceur
CLI03975,Bakkali,Hamid,hamidbakkali@hotmail.com,1992-02-08,1,Taza,0637536143,2023-02-05,Facebook
CLI03921,Kettani,Mariam,mariamkettani@hotmail.com,1986-10-13,Femme,El Jadida,0688441425,2025-12-06,Email
CLI00069,Cherkaoui,Laila,laila_cherkaoui70@hotmail.com,1966-06-22,female,Oujda,0621704303,2022-06-07,Google SEO
CLI03980,El Ghazi,Rim,rim_elghazi64@yahoo.fr,1955-04-09,Femme,Casablanca,0776969391,2025-09-18,Instagram
CLI03821,Lahlou,Khalid,khalid_lahlou67@outlook.com,2003-09-20,male,fes,0707730983,2022-10-31,TV
CLI02081,Hajji,Amina,aminahajji@gmail.com,1982-03-08,female,El Jadida,0739513689,2026-03-11,TV
CLI03758,Tazi,Najat,najat.tazi@menara.ma,1996-06-25,female,Meknès,0729189358,2024-12-03,Google SEO
CLI02625,Berrada,Salma,salma_berrada@gmail.com,1976-10-14,female,Meknès,0617627243,2022-10-10,Affichage
CLI01411,El Andaloussi,Rabha,rabha_elandaloussi@outlook.com,1996-02-18,0,Nador,0627065076,2022-08-13,Instagram
CLI03025,Idrissi,Hanane,hananeidrissi@menara.ma,1951-08-02,f,Marrakech,0723443692,2025-04-20,Affichage
CLI03309,El Amrani,Btissam,btissamelamrani@hotmail.com,1971-03-23,0,Meknès,0657923218,2024-10-02,Email
CLI03293,Benhaddou,Nour,nourbenhaddou@gmail.com,1999-05-19,0,tetouan,0790792328,2024-10-30,TikTok
CLI02813,Saidi,Othmane,othmane-saidi55@outlook.com,1998-01-27,H,Safi,0625802562,2023-05-28,Instagram
CLI02598,Oulhaj,Loubna,loubna.oulhaj78@hotmail.com,1977-08-14,Femme,MEKNES,0708091006,2024-09-28,TV
CLI01489,Bakkali,Hamid,hamid-bakkali78@menara.ma,1951-07-11,H,Safi,0631503219,2022-07-15,Affichage
CLI04284,Hajji,Riad,riadhajji@outlook.com,1997-11-29,Homme,Tanger,0612800243,2022-08-19,Instagram
CLI04377,Fennich,Btissam,btissamfennich@menara.ma,1970-05-14,0,Tanger,0646897735,2024-04-10,Email
CLI04718,Bouyahia,Fatima,fatima.bouyahia@outlook.com,1971-08-10,female,Kenitra,0606661281,2025-04-01,Influenceur
CLI03596,Hajji,Nassim,nassim.hajji@gmail.com,1976-11-05,1,Taza,0788050745,2025-01-29,Instagram
CLI01805,Tazi,Houssam,houssamtazi@menara.ma,1963-06-20,m,Casablanca,0708415855,2023-01-25,Email
CLI01307,Ziani,Brahim,brahimziani@menara.ma,1991-11-22,m,Oujda,0746532554,2024-07-18,Recommandation
CLI03188,Saidi,Rabha,rabha.saidi14@hotmail.com,1993-10-29,female,Tanger,0644987715,2023-09-12,Affichage
CLI02719,El Khamlichi,Zakaria,zakaria.elkhamlichi@hotmail.com,1970-12-17,male,Rabat,0777375942,2022-06-06,Affichage
CLI02406,El Hamdouchi,Nabil,nabilelhamdouchi@menara.ma,1959-08-26,M,Tétouan,0720032650,2022-12-07,Email
CLI03170,Tazi,Souad,souad.tazi6@yahoo.fr,2006-07-01,f,Nador,0648613110,2022-10-30,Email
CLI02059,Fennich,Rim,rim-fennich@yahoo.fr,1995-12-26,f,Rabat,0660741706,2026-02-06,Google SEO
CLI04393,Ziani,Houssam,houssamziani70@yahoo.fr,1965-12-18,1,Tétouan,0715863195,2026-04-13,TV
CLI02233,El Fassi,Houssam,houssam-elfassi23@gmail.com,1975-09-29,1,Agadir,0669782099,2022-10-18,Email
CLI03563,Errami,Rachid,rachid.errami2@yahoo.fr,2009-10-16,H,Rabat,0662361815,2025-10-16,Direct
CLI02651,Bensouda,Dounia,douniabensouda@outlook.com,1963-09-01,Femme,Casablanca,0773335383,2023-08-09,Direct
CLI00275,Kettani,Jamal,jamal-kettani50@menara.ma,1985-12-10,male,Agadir,0717320309,2022-06-21,Email
CLI03938,Benomar,Hamid,hamid_benomar60@outlook.com,1998-05-01,M,Tétouan,0733561308,2022-07-06,TikTok
CLI04776,Boulahia,Fouad,fouad_boulahia@hotmail.com,1990-03-11,1,Béni Mellal,0796020415,2025-02-23,TikTok
CLI04514,El Hajjaji,Amine,amine.elhajjaji@outlook.com,1998-06-06,1,Nador,0774495973,2023-04-06,Direct
CLI02232,Benomar,Rabha,rabha_benomar@menara.ma,1996-04-24,0,Béni Mellal,0773920604,2025-08-04,Facebook
CLI00851,Chakir,Zakaria,zakariachakir71@outlook.com,1982-01-05,Homme,Kenitra,0725364628,2025-03-28,Google SEO
CLI00896,Mernissi,Btissam,btissam_mernissi@yahoo.fr,1954-09-08,Femme,Taza,0716365604,2023-10-23,TikTok
CLI02516,Drissi,Mehdi,mehdi.drissi@outlook.com,1999-12-08,H,Nador,0738281404,2024-10-12,Influenceur
CLI00481,Tahiri,Mariam,mariam.tahiri13@outlook.com,2003-06-10,female,Fès,0729489786,2024-09-06,Instagram
CLI03936,Errami,Ali,ali.errami@gmail.com,1968-07-10,male,Kenitra,0643067416,2024-11-08,Direct
CLI00566,Benjelloun,Issam,issambenjelloun43@yahoo.fr,1950-06-20,M,Safi,0766309329,2023-01-29,TV
CLI03337,Errami,Souad,souad_errami@menara.ma,1985-01-18,F,Kenitra,0687169467,2025-03-03,TikTok
CLI00146,El Fassi,Khalid,khalid_elfassi41@gmail.com,1988-06-20,Homme,OUJDA,0770433154,2022-07-29,Instagram
CLI04482,Zeroual,Ahmed,ahmedzeroual@hotmail.com,1987-01-06,M,Marrakech,0680072923,2024-07-17,Influenceur
CLI03724,El Azzouzi,Mariam,mariam.elazzouzi@yahoo.fr,1949-04-30,0,Fès,0611557701,2026-04-26,Affichage
CLI00471,Ouazzani,Sanaa,sanaaouazzani@outlook.com,1975-12-03,Femme,Tétouan,0751720849,2025-03-18,Influenceur
CLI01324,Berrada,Amine,amine-berrada@menara.ma,1988-02-06,1,Meknès,0643233302,2022-09-02,Email
CLI04649,El Moussaoui,Houssam,houssamelmoussaoui@yahoo.fr,2000-06-17,H,Marrakech,0792376017,2023-11-17,TV
CLI02544,Belkadi,Nadia,nadiabelkadi@gmail.com,2010-04-16,f,marrakech,0622089395,2026-01-09,Influenceur
CLI04001,El Mansouri,Sanaa,sanaa.elmansouri@yahoo.fr,1890-01-01,female,Oujda,0678210567,2024-04-15,Email
CLI03348,Moussaoui,Hind,hind_moussaoui@menara.ma,1950-11-29,female,Safi,0628456889,2022-09-18,Email
CLI03323,Saidi,Ahmed,ahmedsaidi87@gmail.com,1946-12-14,Homme,Marrakech,0668877275,2025-02-22,Email
CLI02168,Tahiri,Souad,souad_tahiri@yahoo.fr,1962-07-20,F,Marrakech,0699748698,2023-03-19,Google SEO
CLI00141,Rhazouani,Samira,samira-rhazouani68@outlook.com,1978-06-26,0,Béni Mellal,0778759856,2024-03-09,Recommandation
CLI03443,Ksikes,Fatima,fatimaksikes@hotmail.com,2009-05-01,F,Rabat,0629142041,2024-12-22,Direct
CLI03111,Ouazzani,Btissam,btissamouazzani63@outlook.com,1986-02-15,F,Taza,0754968472,2023-02-14,Direct
CLI00477,Lamrani,Brahim,brahim-lamrani@hotmail.com,1995-03-07,1,Safi,0718839774,2024-01-06,TikTok
CLI04723,El Azzouzi,Brahim,brahim.elazzouzi78@outlook.com,1987-08-07,male,Kenitra,0674612207,2023-01-31,Google SEO
CLI01270,Zeroual,Abdellatif,abdellatif.zeroual@menara.ma,2001-02-10,1,Agadir,0667592383,2024-06-24,Instagram
CLI01018,Bensouda,Houda,houdabensouda@hotmail.com,1994-05-07,0,Safi,0612441290,2023-04-25,Direct
CLI04096,El Hamdouchi,Hamid,hamid_elhamdouchi@gmail.com,1961-11-09,male,kénitra,0780561062,2023-06-26,Instagram
CLI02538,Tahiri,Rania,rania-tahiri@gmail.com,1974-11-22,female,Rabat,0731212558,2025-07-01,Affichage
CLI00052,Ouazzani,Samira,samira.ouazzani@yahoo.fr,2002-07-12,f,Meknès,0760494519,2025-08-24,Affichage
CLI04281,Bouazza,Ghita,ghita_bouazza@outlook.com,1957-04-05,F,Agadir,0713649301,2025-01-31,Influenceur
CLI03715,El Andaloussi,Rim,rim-elandaloussi53@gmail.com,1998-11-17,f,Marrakech,0644646389,2026-02-23,Affichage
CLI02890,Belkadi,Hajar,hajar_belkadi95@hotmail.com,1987-09-06,0,kenitra,0704789136,2025-07-01,Direct
CLI00770,El Moussaoui,Rim,rim_elmoussaoui@menara.ma,1990-03-08,female,Tétouan,0686948424,2026-02-21,TV
CLI04732,El Amrani,Soufiane,soufiane_elamrani@menara.ma,1975-08-12,M,tangier,0695639386,2022-05-04,TikTok
CLI00935,El Ouafi,Latifa,latifa_elouafi@yahoo.fr,1982-05-13,F,taza,0657488399,2025-04-07,Direct
CLI01326,Guerrouj,Meryem,meryem.guerrouj@hotmail.com,1978-09-10,female,Nador,0748854875,2024-03-09,Email
CLI03026,Benkirane,Ali,ali-benkirane64@menara.ma,1973-09-30,1,Fès,0660107867,2025-02-14,Influenceur
CLI00727,Tahiri,Loubna,loubnatahiri@hotmail.com,2007-05-19,female,Meknès,0637681187,2025-01-13,Facebook
CLI04487,El Hamdouchi,Younes,younes_elhamdouchi@gmail.com,2004-08-15,M,Taza,0665049398,2026-04-17,Google SEO
CLI03834,Alaoui,Meryem,meryemalaoui@menara.ma,1983-05-01,F,Casablanca,0713326901,2023-08-18,Affichage
CLI03088,El Bakkali,Amine,amine.elbakkali@hotmail.com,1980-10-12,1,Tétouan,0652334750,2023-09-06,TV
CLI01779,Filali,Walid,walidfilali@outlook.com,1987-01-22,male,Agadir,0778726819,2023-03-19,Email
CLI00399,Ksikes,Mariam,mariam_ksikes@menara.ma,1962-05-27,0,Fès,0705024972,2024-12-12,Recommandation
CLI01838,Moussaoui,Anass,anass-moussaoui71@hotmail.com,1995-04-29,H,Kenitra,0769062515,2025-05-02,Direct
CLI01024,Kettani,Ghita,ghita-kettani@hotmail.com,1954-11-20,female,Rabat,0778464085,2026-01-04,Affichage
CLI01673,Filali,Manal,manal_filali@outlook.com,1982-12-02,Femme,Fès,0713556696,2023-04-09,Email
CLI00120,Benhaddou,Souad,souad-benhaddou@outlook.com,1946-08-14,female,Nador,0780783613,2023-04-15,Recommandation
CLI02074,El Amrani,Ali,ali-elamrani@outlook.com,1990-07-14,H,Marrakech,0703083491,2026-04-17,Instagram
CLI01990,El Hajjaji,Naima,naima.elhajjaji@hotmail.com,1947-05-11,F,Oujda,0637314217,2024-07-15,TikTok
CLI01577,Saidi,Ilyas,ilyassaidi@yahoo.fr,1957-11-15,1,Oujda,0625996114,2025-08-03,Email
CLI02414,Benjelloun,Dounia,dounia.benjelloun@menara.ma,1985-05-22,f,Meknès,0707002279,2023-07-28,Influenceur
CLI03746,Benjelloun,Fouad,fouad-benjelloun@hotmail.com,1953-02-22,M,Safi,0732204484,2025-04-17,Google SEO
CLI90304,El Moussaoui,Adil,adil-elmoussaoui@outlook.com,1963-07-22,H,Meknès,0686557790,2024-12-02,Affichage
CLI02938,El Azzouzi,Fatima,fatima.elazzouzi@menara.ma,1960-11-15,F,Taza,0781296454,2022-12-26,Affichage
CLI00979,Benali,Fouad,fouad-benali@yahoo.fr,2009-04-01,M,Meknès,0707569994,2024-10-10,Recommandation
CLI02586,El Azzouzi,Rabha,rabhaelazzouzi@outlook.com,1976-07-05,F,Marrakech,0792615283,2025-05-29,Google SEO
CLI02378,El Hajjaji,Karim,karimelhajjaji@hotmail.com,1998-03-26,Homme,Agadir,0698714142,2023-10-05,Influenceur
CLI00522,El Khamlichi,Simo,simo.elkhamlichi16@yahoo.fr,1973-12-26,H,Taza,0791342138,2024-09-18,Affichage
CLI01674,El Ghazi,Nabil,nabil_elghazi@menara.ma,1978-04-10,H,Safi,0701999162,2024-07-01,Recommandation
CLI01182,Naciri,Laila,lailanaciri@outlook.com,1956-03-23,0,Oujda,0798332617,2024-03-03,Google SEO
CLI01887,Benomar,Ayoub,ayoubbenomar@outlook.com,2009-05-20,M,Safi,0620316131,2023-11-14,Direct
CLI03628,Benhaddou,Nabil,nabil.benhaddou@hotmail.com,1983-07-17,Homme,Safi,0773508220,2024-05-25,Recommandation
CLI02339,Bakkali,Samira,samira_bakkali77@hotmail.com,1998-01-15,Femme,Agadir,0783937772,2023-07-14,Direct
CLI00533,El Andaloussi,Nour,nour.elandaloussi4@outlook.com,1960-01-21,Femme,Marrakech,0721182379,2022-09-23,Email
CLI02330,Kettani,Karim,karim.kettani36@yahoo.fr,1999-06-21,M,Rabat,0787963387,2025-10-12,TV
CLI02294,El Ouafi,Siham,siham.elouafi@menara.ma,1985-04-09,f,Kenitra,0758647401,2023-11-05,TV
CLI04451,El Bakkali,Walid,walidelbakkali79@outlook.com,1991-01-25,m,Agadir,0642354432,2025-03-07,Recommandation
CLI03792,Belkadi,Ayoub,ayoub.belkadi@outlook.com,1982-03-22,1,Rabat,0725967347,2023-04-19,TikTok
CLI01245,El Azzouzi,Nassim,nassim.elazzouzi@yahoo.fr,1975-05-11,Homme,Oujda,0739891370,2024-08-07,TikTok
CLI01173,Rhazouani,Othmane,othmane_rhazouani87@gmail.com,2003-10-05,1,El Jadida,0729350979,2023-12-28,Email
CLI01960,El Amrani,Bilal,bilal.elamrani@menara.ma,2007-04-21,Homme,béni mellal,0611959602,2024-07-24,Direct
CLI01567,Tazi,Issam,issam.tazi@menara.ma,1982-08-16,H,Béni Mellal,0766342083,2024-01-08,Recommandation
CLI00854,El Khamlichi,Driss,driss_elkhamlichi@gmail.com,2010-03-25,M,Béni Mellal,0700260151,2024-07-28,TikTok
CLI01068,Chakir,Reda,redachakir@gmail.com,2004-05-25,Homme,Kenitra,0731132661,2025-10-24,Instagram
CLI01304,Ziani,Tarik,tarik-ziani35@menara.ma,1986-04-18,1,Casablanca,0793663579,2025-05-29,Influenceur
CLI01296,Chraibi,Sanaa,sanaachraibi@menara.ma,1947-03-31,0,Rabat,0694907634,2025-05-09,Instagram
CLI04517,Belkadi,Reda,reda.belkadi@outlook.com,1978-04-15,1,Nador,0779643887,2026-01-30,Email
CLI04802,Benali,Ali,ali-benali1@menara.ma,1953-01-29,Homme,Casablanca,0633274497,2024-07-12,TikTok
CLI03430,Alaoui,Simo,simo-alaoui@hotmail.com,2007-10-19,male,Agadir,0619177987,2022-06-30,TV
CLI02820,Benali,Meryem,meryembenali@yahoo.fr,2001-01-22,Femme,El Jadida,0635435129,2024-02-29,Google SEO
CLI00542,El Hajjaji,Fatima,fatima_elhajjaji76@menara.ma,1970-11-29,F,Taza,0694047604,2023-07-07,Recommandation
CLI02000,El Amrani,Adil,adilelamrani48@gmail.com,1965-02-08,m,El Jadida,0755987592,2023-04-27,Google SEO
CLI03318,Alaoui,Ghita,ghita-alaoui@menara.ma,2000-02-09,Femme,Rabat,0670609314,2026-04-12,Instagram
CLI04023,Berrada,Issam,issam-berrada@menara.ma,2008-12-27,1,Kenitra,0787261969,2025-03-20,Direct
CLI00833,El Moussaoui,Mariam,mariam-elmoussaoui@menara.ma,2001-09-07,f,Casablanca,0653912878,2023-03-27,Affichage
CLI04206,Bensouda,Aicha,aicha.bensouda@gmail.com,1953-01-01,f,Tanger,0603128072,2026-01-23,TV
CLI03707,El Hamdouchi,Hanane,hanane_elhamdouchi@outlook.com,1966-07-03,f,Casablanca,0644761494,2025-08-30,Email
CLI04063,Bakkali,Bilal,bilal-bakkali23@hotmail.com,1991-02-12,m,Safi,0651528548,2022-08-30,TV
CLI00978,El Ouafi,Houssam,houssam-elouafi@hotmail.com,1998-01-04,H,Taza,0651985458,2023-05-26,Facebook
CLI00949,Oulhaj,Rim,rim_oulhaj48@outlook.com,1947-12-05,Femme,FES,0690221797,2023-06-02,Affichage
CLI03644,Rhazouani,Riad,riad_rhazouani@yahoo.fr,1979-12-31,m,Fès,0636616252,2025-09-02,Email
CLI03711,El Bakkali,Loubna,loubnaelbakkali@hotmail.com,1961-06-02,f,Meknès,0719828590,2023-04-18,Recommandation
CLI00076,Bouyahia,Issam,issam_bouyahia@hotmail.com,1987-03-07,Homme,Kenitra,0642253584,2025-08-20,Instagram
CLI97593,Benkirane,Hind,hind.benkirane@gmail.com,1954-05-21,Femme,Rabat,0724915289,2025-08-18,Email
CLI01917,Saidi,Sanaa,sanaasaidi@gmail.com,1951-05-28,female,Béni Mellal,0677323573,2024-10-07,Direct
CLI03893,Belkadi,Mohammed,mohammed_belkadi@hotmail.com,1990-08-06,male,Safi,0623629825,2024-09-08,TV
CLI00850,Ksikes,Siham,sihamksikes@hotmail.com,2001-09-11,0,Agadir,0748352680,2022-04-01,Influenceur
CLI04465,Berrada,Sanaa,sanaa_berrada@gmail.com,2009-05-03,F,tetouan,0621230908,2023-11-20,Influenceur
CLI01468,El Bakkali,Ali,alielbakkali20@hotmail.com,1981-08-19,m,Safi,0617368385,2024-11-01,Google SEO
CLI02310,Benali,Riad,riad-benali@menara.ma,1949-03-12,male,Agadir,0691067333,2022-11-19,Affichage
CLI04143,El Moussaoui,Rachid,rachid_elmoussaoui17@menara.ma,1998-04-08,1,Tétouan,0792936258,2026-01-27,Recommandation
CLI02871,El Andaloussi,Brahim,brahim_elandaloussi@yahoo.fr,1969-11-04,H,Oujda,0756123400,2023-09-18,Instagram
CLI00254,Bouyahia,Rabha,rabha.bouyahia@yahoo.fr,2005-03-16,f,Tétouan,0735334485,2026-03-16,Direct
CLI03186,El Azzouzi,Hicham,hicham_elazzouzi@menara.ma,2003-09-23,Homme,Béni Mellal,0671215197,2025-09-16,Google SEO
CLI03760,El Ghazi,Adil,adilelghazi@menara.ma,1970-08-12,M,El Jadida,0722355044,2024-12-27,Google SEO
CLI00846,Boulahia,Meryem,meryem-boulahia72@menara.ma,1890-01-01,0,Rabat,0647312616,2023-06-08,Affichage
CLI03473,Idrissi,Sara,sara.idrissi@outlook.com,1978-04-14,Femme,Kenitra,0764492559,2023-11-18,Email
CLI99091,Benhaddou,Youssef,youssef.benhaddou32@menara.ma,1954-02-04,male,Kenitra,0682872388,2026-02-22,TikTok
CLI90171,El Ghazi,Loubna,loubnaelghazi@yahoo.fr,2000-08-16,Femme,Meknès,0658336597,2024-08-04,Recommandation
CLI04290,El Bakkali,Ghita,ghita.elbakkali@gmail.com,1986-08-23,0,Kenitra,0604047941,2025-04-06,Influenceur
CLI04546,Lahlou,Najat,najat_lahlou@hotmail.com,2003-03-29,f,Tanger,0678491929,2024-09-24,Email
CLI04746,Tazi,Zineb,zineb_tazi@yahoo.fr,2009-08-10,female,casablanca,0695870952,2025-11-28,Influenceur
CLI04300,Guerrouj,Khalid,khalid_guerrouj@outlook.com,1983-01-20,m,Oujda,0760678083,2022-09-27,Instagram
CLI01392,Zeroual,Karim,karimzeroual@hotmail.com,1969-04-13,Homme,Agadir,0600510819,2024-05-08,Recommandation
CLI04737,Bouyahia,Soufiane,soufiane.bouyahia@menara.ma,1995-11-04,H,Safi,0636524394,2022-08-11,Email
CLI03581,Cherkaoui,Omar,omarcherkaoui64@gmail.com,1971-01-14,m,Meknès,0656588793,2023-05-20,Recommandation
CLI04527,Ziani,Nassim,nassimziani@gmail.com,1987-08-24,m,Meknès,0707914813,2025-09-05,TV
CLI01646,Bensouda,Samir,samirbensouda@gmail.com,1946-07-24,male,Agadir,0795957812,2024-11-10,Direct
CLI00509,El Amrani,Ghita,ghita.elamrani@yahoo.fr,2015-06-01,0,Fès,0726804085,2025-01-27,Google SEO
CLI02220,El Andaloussi,Widad,widad_elandaloussi@yahoo.fr,1977-05-07,Femme,oujda,0697595536,2023-06-22,Recommandation
CLI02703,Errami,Souad,souad_errami94@yahoo.fr,1951-02-08,f,Safi,0730658582,2023-09-16,Direct
CLI04778,El Ouafi,Hamid,hamid.elouafi87@menara.ma,2001-08-14,male,TAZA,0691325311,2025-12-25,Facebook
CLI02725,El Amrani,Ali,alielamrani@menara.ma,1976-12-31,male,Nador,0732071811,2023-11-19,Influenceur
CLI03362,Moussaoui,Mohammed,mohammed.moussaoui86@outlook.com,1954-09-05,male,Taza,0636189135,2023-12-14,TikTok
CLI04439,Chakir,Nadia,nadiachakir@gmail.com,1963-06-02,f,Oujda,0639871409,2023-07-22,Influenceur
CLI02689,El Khamlichi,Ayoub,ayoub.elkhamlichi@outlook.com,1985-03-25,male,Nador,0649762174,2024-07-17,Instagram
CLI04075,Chraibi,Simo,simochraibi@outlook.com,1960-07-03,1,Agadir,0605837849,2022-05-13,Affichage
CLI03483,Guerrouj,Dounia,dounia.guerrouj17@yahoo.fr,1979-01-22,0,Casablanca,0760232474,2022-08-06,Influenceur
CLI04919,Bensouda,Dounia,dounia-bensouda@menara.ma,1993-10-21,0,Casablanca,0699201504,2025-03-31,Instagram
CLI95685,El Ghazi,Ghita,ghita.elghazi@menara.ma,1952-03-01,f,Casablanca,0731641199,2024-07-27,Instagram
CLI04463,Oulhaj,Khalid,khalid_oulhaj@outlook.com,1971-01-19,M,Béni Mellal,0737152733,2023-10-03,Google SEO
CLI03408,El Hamdouchi,Anass,anass.elhamdouchi@hotmail.com,1958-01-20,m,Oujda,0611270645,2025-09-03,Recommandation
CLI01090,Tahiri,Hafida,hafida-tahiri90@yahoo.fr,2001-02-04,female,Rabat,0698474225,2025-06-01,Influenceur
CLI04315,Benali,Loubna,loubnabenali83@gmail.com,1954-03-12,0,Nador,0638145909,2023-07-06,Direct
CLI04610,Benomar,Hanane,hanane_benomar@hotmail.com,1949-09-19,Femme,Kenitra,0706163283,2025-05-12,TV
CLI00505,Bouyahia,Brahim,brahim.bouyahia@menara.ma,1960-11-06,male,Rabat,0671955356,2023-04-02,Google SEO
CLI02104,Guerrouj,Abdellatif,abdellatif.guerrouj@yahoo.fr,1994-12-01,M,El Jadida,0676861277,2024-11-01,TV
CLI04488,Guerrouj,Mohammed,mohammed-guerrouj@gmail.com,1970-03-18,1,Meknès,0665336564,2022-09-26,Email
CLI00349,Guerrouj,Hanane,hanane.guerrouj@outlook.com,1979-07-21,Femme,Kenitra,0654492683,2022-08-08,Instagram
CLI00486,Cherkaoui,Loubna,loubnacherkaoui12@yahoo.fr,1985-10-31,female,Kenitra,0782455696,2022-07-11,Recommandation
CLI03084,Idrissi,Badr,badr.idrissi18@hotmail.com,1976-06-28,male,Agadir,0610107452,2024-01-02,Google SEO
CLI04827,Alaoui,Ghita,ghitaalaoui95@yahoo.fr,1983-08-24,F,Oujda,0770767031,2024-03-29,Google SEO
CLI03743,Drissi,Aziz,aziz-drissi18@menara.ma,1999-06-06,male,Taza,0767337610,2024-07-21,Direct
CLI00815,Ouazzani,Adil,adil.ouazzani@yahoo.fr,1971-02-28,H,Casablanca,0722593648,2024-06-08,Affichage
CLI01708,Benomar,Badr,badr-benomar@gmail.com,1959-12-31,male,Fès,0750172727,2023-06-22,TV
CLI01009,El Andaloussi,Nadia,nadiaelandaloussi@outlook.com,1948-03-28,Femme,Tétouan,0714486983,2025-06-13,Google SEO
CLI04450,Saidi,Malika,malika_saidi@hotmail.com,1954-07-20,F,Kenitra,0657181878,2022-04-27,Instagram
CLI02305,El Moussaoui,Loubna,loubna_elmoussaoui@outlook.com,2005-01-21,female,Kenitra,0641301606,2026-01-13,Recommandation
CLI02855,Oulhaj,Hafida,hafida-oulhaj@gmail.com,1998-05-18,Femme,Tétouan,0690704451,2024-09-20,TV
CLI96760,Berrada,Latifa,latifa_berrada@outlook.com,1999-01-05,f,Rabat,0631386349,2023-01-14,Facebook
CLI00553,El Ghazi,Brahim,brahim-elghazi@gmail.com,1970-03-09,Homme,El Jadida,0796815790,2022-07-20,Email
CLI00304,Kettani,Nabil,nabil-kettani19@yahoo.fr,1974-07-23,H,Tétouan,0689119083,2022-03-31,Email
CLI04941,Naciri,Simo,simonaciri27@outlook.com,1948-08-24,1,Casablanca,0718406350,2025-10-07,Affichage
CLI99861,El Moussaoui,Salma,salmaelmoussaoui@hotmail.com,1967-07-30,f,Rabat,0682097023,2025-10-23,Instagram
CLI01803,Ouazzani,Ayoub,ayoub_ouazzani92@hotmail.com,1990-03-19,1,Oujda,0716991658,2023-06-30,Direct
CLI04388,Zeroual,Amina,amina.zeroual@yahoo.fr,1966-01-15,female,BENI MELLAL,0640012029,2022-10-31,Affichage
CLI00650,Naciri,Zineb,zineb_naciri@hotmail.com,1955-05-27,F,Rabat,0700615727,2025-03-09,Influenceur
CLI03629,Ziani,Souad,souad-ziani@yahoo.fr,2006-09-21,f,Marrakech,0683356720,2025-05-05,Direct
CLI01156,El Andaloussi,Rania,incomplet,1975-02-09,Femme,Meknès,0645289860,2022-12-14,Influenceur
CLI04425,Chraibi,Rabha,rabhachraibi@gmail.com,1984-11-24,Femme,tng,0709650177,2022-03-28,Facebook
CLI01565,Ksikes,Ghita,ghita-ksikes@gmail.com,1957-05-01,f,Kenitra,0701055839,2023-06-30,Instagram
CLI04593,Moussaoui,Widad,widad_moussaoui@outlook.com,2002-11-15,F,Tétouan,0621544098,2023-10-31,Direct
CLI04879,Bouyahia,Youssef,youssef.bouyahia21@menara.ma,1955-06-22,M,Meknès,0761647295,2024-08-17,Email
CLI01790,El Azzouzi,Tarik,tarik-elazzouzi@gmail.com,1999-12-30,M,El Jadida,0629824922,2024-11-24,Google SEO
CLI01446,Drissi,Mustapha,mustaphadrissi55@gmail.com,1990-01-09,H,Nador,0726407608,2023-01-24,TV
CLI00654,Benali,Zineb,zineb.benali@hotmail.com,2005-01-15,female,Kenitra,0756608470,2025-07-24,Influenceur
CLI01271,El Hamdouchi,Fouad,fouad.elhamdouchi@menara.ma,2005-04-09,H,Nador,0734292421,2024-11-19,TV
CLI01530,Chraibi,Zakaria,zakaria.chraibi84@hotmail.com,1977-01-29,1,Tétouan,0618465124,2024-10-11,Facebook
CLI04012,Moussaoui,Karim,karim.moussaoui24@yahoo.fr,1969-01-09,m,Nador,0746979559,2026-04-13,Email
CLI02926,El Fassi,Najat,najat.elfassi@yahoo.fr,1964-07-27,f,Béni Mellal,0641971665,2023-02-18,TikTok
CLI03694,Belkadi,Ilham,ilham-belkadi@hotmail.com,1953-06-07,female,Agadir,0798111809,2023-09-25,Affichage
CLI02022,El Fassi,Yasmine,yasmine-elfassi@menara.ma,1982-05-04,f,Marrakech,0779888243,2023-06-08,Direct
CLI02351,El Hamdouchi,Soufiane,soufiane_elhamdouchi@outlook.com,2000-09-29,1,Nador,0636535423,2022-12-30,Direct
CLI03933,Zeroual,Hanane,hanane_zeroual10@outlook.com,1951-08-06,female,Marrakech,0786382469,2023-06-11,Affichage
CLI01445,El Bakkali,Aziz,aziz.elbakkali@yahoo.fr,1974-08-25,Homme,Meknès,0733229124,2022-07-27,Affichage
CLI00221,Tazi,Abdellatif,abdellatif_tazi32@menara.ma,2009-04-15,m,NADOR,0713271950,2022-12-27,Google SEO
CLI01193,El Andaloussi,Othmane,othmane-elandaloussi51@menara.ma,1968-01-02,Homme,Oujda,0640002086,2022-04-17,Google SEO
CLI02156,Oulhaj,Mustapha,mustapha_oulhaj59@menara.ma,2009-12-11,M,safi,0763370695,2024-03-31,Instagram
CLI04283,Rhazouani,Karim,karimrhazouani@yahoo.fr,1991-08-25,male,Tanger,0763643044,2023-02-23,TV
CLI02426,El Bakkali,Salma,salma_elbakkali@outlook.com,1959-06-15,F,Rabat,0738580099,2023-09-22,TV
CLI04078,Errami,Amina,amina.errami@gmail.com,1997-01-04,Femme,Casablanca,0603169962,2024-10-26,Instagram
CLI02913,Tahiri,Imane,imane.tahiri@yahoo.fr,1951-04-04,F,Marrakech,0665884066,2023-08-11,Instagram
CLI01514,Ouazzani,Latifa,latifa.ouazzani@hotmail.com,1993-12-23,Femme,Taza,0770165627,2022-12-31,Direct
CLI01117,Idrissi,Brahim,brahim_idrissi63@menara.ma,1952-12-24,male,Nador,0686433026,2022-04-20,TikTok
CLI01899,Alaoui,Rim,rim_alaoui56@hotmail.com,1989-02-11,F,Fès,0664266331,2023-02-25,Influenceur
CLI00658,El Hamdouchi,Salma,salma-elhamdouchi@outlook.com,1973-06-08,female,Taza,0609004047,2025-09-24,Influenceur
CLI02637,Ksikes,Simo,simo_ksikes@hotmail.com,1961-09-09,M,meknès,0674667856,2023-11-26,Email
CLI00590,Mernissi,Ghita,ghita.mernissi@yahoo.fr,1971-04-13,Femme,Tétouan,0667045023,2025-01-17,Facebook
CLI00418,El Bakkali,Ilyas,ilyas-elbakkali@gmail.com,2005-01-06,1,Rabat,0695429618,2025-02-15,Recommandation
CLI01093,El Mansouri,Zakaria,zakariaelmansouri16@hotmail.com,2003-08-03,M,OUJDA,0720165557,2025-11-11,Affichage
CLI02182,Lahlou,Ghita,ghita-lahlou@outlook.com,2010-02-07,female,Béni Mellal,0711055624,2024-04-06,Instagram
CLI00265,El Amrani,Ilyas,ilyas-elamrani@outlook.com,2000-05-23,H,Tanger,0780778795,2022-11-23,Influenceur
CLI02477,El Fassi,Khalid,khalid_elfassi@outlook.com,1977-02-22,M,Tanger,0609790963,2023-08-06,TikTok
CLI04302,El Andaloussi,Aziz,azizelandaloussi16@menara.ma,1985-08-02,1,Kenitra,0756999085,2023-05-19,Influenceur
CLI00326,Benhaddou,Siham,siham_benhaddou@hotmail.com,1978-11-06,f,Oujda,0656366941,2026-04-10,Instagram
CLI01237,Lamrani,Nabil,nabil.lamrani@outlook.com,1988-05-19,H,Oujda,0667532163,2026-04-05,Email
CLI04149,Idrissi,Btissam,btissam-idrissi@yahoo.fr,1984-08-29,F,Casablanca,0735394117,2025-04-21,Email
CLI03376,Naciri,Ayoub,ayoubnaciri@hotmail.com,2001-07-17,male,El Jadida,0665168004,2026-04-18,Direct
CLI01617,Oulhaj,Fatima,fatima_oulhaj@gmail.com,1977-08-05,0,Rabat,0795513305,2025-05-16,TV
CLI04796,Benhaddou,Hanane,hanane.benhaddou@outlook.com,1976-01-02,female,tanja,0724670845,2024-07-01,Google SEO
CLI03995,Berrada,Anass,anass.berrada33@gmail.com,1961-04-27,Homme,Kenitra,0619272657,2022-08-23,TikTok
CLI03665,Belkadi,Younes,younes-belkadi76@gmail.com,1959-02-07,Homme,Marrakech,0741219170,2023-04-18,Influenceur
CLI03720,Mernissi,Khadija,khadijamernissi@outlook.com,1986-11-27,Femme,Oujda,0677326857,2025-08-10,Affichage
CLI02540,Cherkaoui,Aziz,azizcherkaoui@yahoo.fr,1954-04-15,1,Meknès,0731024264,2022-06-11,TikTok
CLI04844,Benhaddou,Hamid,hamid.benhaddou@yahoo.fr,1967-05-14,M,Nador,0716993077,2022-06-22,Instagram
CLI01756,Idrissi,Nour,nour-idrissi4@menara.ma,1981-09-04,female,kénitra,0632452756,2025-03-22,Direct
CLI00492,Mernissi,Soufiane,soufiane.mernissi@outlook.com,1952-04-23,M,Casablanca,0791497501,2022-09-09,TV
CLI01712,Benkirane,Aziz,azizbenkirane@outlook.com,1957-04-13,male,Meknès,0617092176,2023-03-02,Recommandation
CLI04406,El Fassi,Rania,rania.elfassi@menara.ma,1951-04-26,female,Fès,0627359471,2023-06-01,Recommandation
CLI04258,Belkadi,Othmane,othmane_belkadi79@outlook.com,1947-07-05,M,Agadir,0777460110,2024-02-08,Affichage
CLI03047,Oulhaj,Hafida,hafida_oulhaj@menara.ma,1981-05-10,Femme,Nador,0680753939,2023-12-12,Affichage
CLI00192,Benomar,Samir,samirbenomar98@yahoo.fr,1948-01-24,male,Fès,0767700518,2022-08-01,Recommandation
CLI03462,Benjelloun,Hind,hindbenjelloun@gmail.com,1968-03-08,female,Oujda,0658618211,2025-04-24,Recommandation
CLI04921,Oulhaj,Oumaima,oumaimaoulhaj@hotmail.com,1978-05-09,f,marrakech,0755093488,2023-06-13,Facebook
CLI00430,El Amrani,Hafida,hafidaelamrani@hotmail.com,1987-01-05,Femme,Fès,0737189239,2022-05-27,Facebook
CLI04891,El Ghazi,Laila,laila.elghazi@menara.ma,1983-02-16,Femme,Safi,0797413973,2025-08-08,Instagram
CLI04789,El Hajjaji,Rim,rim-elhajjaji@gmail.com,1965-07-22,F,Taza,0702181299,2025-08-16,TikTok
CLI03857,Belkadi,Zineb,zineb-belkadi@menara.ma,1962-11-11,F,El Jadida,0737038857,2024-05-20,Direct
CLI03276,El Hamdouchi,Widad,widad.elhamdouchi@hotmail.com,1966-09-17,f,Marrakech,0605799798,2024-11-11,Recommandation
CLI99492,El Azzouzi,Driss,driss_elazzouzi@outlook.com,1975-05-11,male,Meknès,0759930013,2022-03-30,Recommandation
CLI02065,Idrissi,Zakaria,zakaria-idrissi@menara.ma,1973-05-06,M,Béni Mellal,0792191050,2023-09-24,Direct
CLI00353,Berrada,Nour,nour_berrada@gmail.com,1956-09-15,f,BENI MELLAL,0779228777,2024-06-09,Facebook
CLI01100,El Hamdouchi,Ilham,ilham-elhamdouchi@yahoo.fr,2007-09-10,female,tetouan,0777486759,2025-01-21,TikTok
CLI02905,El Ouafi,Karim,karim.elouafi98@hotmail.com,1953-08-19,male,Casablanca,0776040962,2023-04-27,Influenceur
CLI03943,El Moussaoui,Sanaa,sanaaelmoussaoui@menara.ma,1982-01-31,Femme,Béni Mellal,0754827395,2022-05-13,Recommandation
CLI04480,Moussaoui,Hamid,hamidmoussaoui@menara.ma,1967-01-14,Homme,Fès,0607828367,2022-11-28,TV
CLI04674,Moussaoui,Omar,omar_moussaoui@hotmail.com,1975-12-21,M,Fès,0716607738,2024-12-10,Influenceur
CLI04481,Benomar,Hanane,hanane.benomar@outlook.com,1948-05-13,F,Casablanca,0684397901,2024-10-25,Direct
CLI04192,El Hamdouchi,Bilal,bilal_elhamdouchi17@outlook.com,1977-01-29,m,Meknès,0782927307,2022-12-05,Email
CLI96614,Benkirane,Malika,malikabenkirane@outlook.com,1950-07-06,0,Fès,0673243703,2024-01-15,TV
CLI03620,Oulhaj,Mariam,mariam-oulhaj@menara.ma,1988-12-26,female,TETOUAN,0606067087,2026-03-26,Influenceur
CLI00206,Bakkali,Naima,naima-bakkali@outlook.com,1982-07-24,f,Oujda,0633433339,2025-04-07,TikTok
CLI02847,Errami,Kawtar,kawtar-errami@outlook.com,2015-06-01,f,El Jadida,0617213702,2023-02-07,Influenceur
CLI00209,El Ouafi,Imane,imaneelouafi@menara.ma,1986-08-30,F,Agadir,0747292931,2024-03-30,Recommandation
CLI02723,El Fassi,Latifa,latifa-elfassi@gmail.com,1971-09-09,F,Meknès,0761249833,2023-10-28,Recommandation
CLI01970,El Amrani,Zakaria,zakaria-elamrani@hotmail.com,1959-03-14,m,Nador,0625701620,2026-04-02,Influenceur
CLI01829,Tahiri,Widad,widad-tahiri27@yahoo.fr,1965-11-25,Femme,Rabat,0680177106,2026-02-23,Facebook
CLI03412,Drissi,Salma,salma-drissi@hotmail.com,2002-10-24,F,Kenitra,0643810063,2022-12-18,Instagram
CLI04344,Benhaddou,Imane,imane-benhaddou40@yahoo.fr,1996-05-07,Femme,kénitra,0769879608,2023-09-14,Direct
CLI00274,Ouazzani,Nour,nourouazzani@gmail.com,2009-10-22,Femme,Tétouan,0754601585,2025-08-26,Instagram
CLI02517,Ouazzani,Kawtar,kawtar-ouazzani@yahoo.fr,1987-01-22,female,Fès,0689034544,2025-01-21,Influenceur
CLI00340,Ouazzani,Ilyas,ilyas_ouazzani83@menara.ma,1956-09-19,m,Oujda,0702437573,2024-05-21,Affichage
CLI01006,Lamrani,Othmane,othmane.lamrani@yahoo.fr,1959-07-21,male,tng,0734050892,2024-06-15,Direct
CLI03075,Bouazza,Adil,adil-bouazza74@outlook.com,1959-09-06,m,Taza,0769246105,2025-01-31,TV
CLI01697,Filali,Imane,imane.filali@hotmail.com,1964-04-05,female,Tnja,0634408833,2024-07-07,Instagram
CLI02187,Lahlou,Manal,manal.lahlou@gmail.com,1948-12-15,0,Marrakech,0600723149,2024-10-06,Facebook
CLI03264,Kettani,Aziz,aziz_kettani@yahoo.fr,1946-06-01,1,Tanger,0684058870,2024-09-25,Recommandation
CLI03494,Filali,Btissam,btissam.filali22@hotmail.com,1992-05-31,F,tanja,0756630906,2024-03-02,Influenceur
CLI04309,Ksikes,Nassim,nassim-ksikes@menara.ma,1983-01-15,1,meknès,0689581238,2024-12-03,Influenceur
CLI04123,El Mansouri,Driss,driss_elmansouri@hotmail.com,1980-05-09,male,Rabat,0764522039,2024-08-21,Recommandation
CLI00309,El Bakkali,Hicham,hicham_elbakkali@hotmail.com,1998-03-31,Homme,TETOUAN,0777848588,2023-09-20,Google SEO
CLI04322,Chakir,Nassim,nassim-chakir@yahoo.fr,2001-12-11,m,Tanger,0784951105,2023-03-13,TikTok
CLI03856,Oulhaj,Ghita,ghita.oulhaj@outlook.com,1993-06-11,f,Marrakech,0704022749,2023-03-24,Email
CLI04341,Cherkaoui,Sara,sara_cherkaoui47@hotmail.com,1992-03-30,Femme,Nador,0707421787,2024-09-23,Affichage
CLI04893,Idrissi,Bilal,bilalidrissi@hotmail.com,1946-12-31,m,Kénitra,0707604565,2022-12-31,Google SEO
CLI03930,Benali,Rachid,rachidbenali@hotmail.com,1966-02-20,m,Casablanca,0671053883,2022-05-08,Recommandation
CLI03849,Bouazza,Rachid,pasdearobase.com,1972-06-18,H,Rabat,0724197502,2025-12-05,Affichage
CLI04574,Idrissi,Sara,saraidrissi@outlook.com,1957-09-04,Femme,El Jadida,0780969630,2024-09-03,TV
CLI03591,El Azzouzi,Abdellatif,abdellatif_elazzouzi2@yahoo.fr,1969-08-03,male,TAZA,0654963083,2025-07-19,TV
CLI03152,El Ouafi,Yasmine,yasmine.elouafi@menara.ma,1962-04-08,F,Taza,0636345280,2024-12-15,Recommandation
CLI00027,El Amrani,Ilyas,ilyas-elamrani@outlook.com,1979-05-26,M,Casablanca,0736349578,2026-03-27,Affichage
CLI04340,Chraibi,Kawtar,kawtar.chraibi@gmail.com,1984-09-01,f,Fes,0605337753,2023-01-05,Instagram
CLI00028,Saidi,Btissam,btissamsaidi@yahoo.fr,1981-03-13,0,Béni Mellal,0633749894,2023-04-30,Instagram
CLI01371,Chakir,Nadia,nadia_chakir@outlook.com,1960-01-16,female,Kenitra,0754612536,2026-03-08,Google SEO
CLI02376,Chakir,Salma,salma.chakir77@outlook.com,1952-06-28,0,Béni Mellal,0615109810,2022-12-08,Google SEO
CLI02234,Ziani,Hamid,hamid-ziani20@gmail.com,1946-02-13,m,Casablanca,0705954761,2026-02-07,Influenceur
CLI00778,Bensouda,Naima,naima_bensouda47@gmail.com,1983-10-24,female,Agadir,0731325936,2025-09-23,Direct
CLI01719,Moussaoui,Karim,karim_moussaoui@hotmail.com,1971-11-04,m,Rabat,0616479246,2025-11-30,Recommandation
CLI04722,Lamrani,Mehdi,mehdi_lamrani@yahoo.fr,1965-05-21,m,Nador,0609005370,2022-07-20,TV
CLI01724,Tazi,Khalid,khalid_tazi25@gmail.com,1999-10-09,m,Rabat,0728986832,2026-01-14,Instagram
CLI04569,Bakkali,Nour,nour_bakkali75@menara.ma,1947-05-27,0,Nador,0717222830,2025-10-13,Recommandation
CLI01795,El Azzouzi,Nassim,nassim.elazzouzi@yahoo.fr,1970-03-17,Homme,beni mellal,0609074447,2023-08-06,TV
CLI02800,Lamrani,Khalid,khalid_lamrani15@hotmail.com,1967-11-03,m,MEKNES,0713411292,2022-06-29,Affichage
CLI02328,Bouazza,Souad,souad-bouazza@gmail.com,1976-11-08,0,NADOR,0773494385,2023-01-22,Influenceur
CLI01827,Filali,Driss,driss_filali@menara.ma,1946-05-16,Homme,Fès,0708354427,2023-02-06,Affichage
CLI02094,El Bakkali,Ghita,ghita_elbakkali@menara.ma,1985-03-08,Femme,Meknès,0737196755,2022-12-17,Direct
CLI00699,Fennich,Salma,salma_fennich21@yahoo.fr,1948-06-16,Femme,Meknès,0762670551,2026-01-05,Recommandation
CLI02947,Errami,Brahim,brahim_errami83@outlook.com,2008-01-19,M,Meknès,0626871758,2023-06-09,Recommandation
CLI00676,Chakir,Samir,samir_chakir@yahoo.fr,1950-06-23,male,Tétouan,0747876989,2023-05-01,TV
CLI01294,El Azzouzi,Aziz,aziz.elazzouzi@menara.ma,1951-09-16,m,El Jadida,0741492531,2022-07-14,Influenceur
CLI01653,El Bakkali,Ahmed,ahmed.elbakkali4@outlook.com,1949-04-08,m,Nador,0752395960,2023-01-21,Facebook
CLI02336,El Bakkali,Sara,saraelbakkali@menara.ma,1969-05-03,0,Marrakech,0754949725,2023-05-19,Recommandation
CLI00390,Bouyahia,Aziz,aziz.bouyahia@hotmail.com,1997-06-03,M,SAFI,0758393866,2023-06-17,Instagram
CLI01056,Idrissi,Ilham,ilham_idrissi@menara.ma,1997-11-23,F,Casablanca,0626000144,2022-12-21,Google SEO
CLI04979,El Moussaoui,Driss,driss-elmoussaoui@yahoo.fr,1992-02-08,male,Nador,0700252074,2025-09-11,Email
CLI00973,Belkadi,Zineb,zineb_belkadi@yahoo.fr,2006-08-19,f,Casablanca,0690749921,2023-03-17,Influenceur
CLI00457,Tahiri,Nadia,nadiatahiri@hotmail.com,1950-03-24,0,Rabat,0659096056,2023-09-12,Direct
CLI01763,Hajji,Khadija,khadijahajji33@hotmail.com,1946-01-28,F,Tanger,0719056574,2023-08-16,Email
CLI02183,Benkirane,Yasmine,yasmine.benkirane@menara.ma,2003-11-29,Femme,Meknès,0742453206,2024-12-09,TikTok
CLI04456,Tahiri,Reda,reda.tahiri@outlook.com,2005-01-28,M,Agadir,0663537323,2024-01-14,Recommandation
CLI00899,Saidi,Younes,younes_saidi@outlook.com,1978-12-13,Homme,El Jadida,0644149169,2024-09-10,TV
CLI02773,Guerrouj,Ilham,ilham.guerrouj@hotmail.com,1945-07-23,F,Fès,0649647935,2022-11-14,Email
CLI02063,Drissi,Samir,samir.drissi@menara.ma,1988-08-21,1,casa,0714382552,2024-05-26,Google SEO
CLI02401,Guerrouj,Ali,ali.guerrouj@hotmail.com,1979-06-20,M,Fès,0710657299,2022-09-29,Direct
CLI01687,Moussaoui,Reda,reda-moussaoui@yahoo.fr,1955-06-24,M,Marrakech,0758617284,2024-06-23,Direct
CLI04291,Benkirane,Samir,samir_benkirane@hotmail.com,1984-07-03,M,Oujda,0774458257,2024-07-03,Recommandation
CLI04392,Tahiri,Rania,rania.tahiri@gmail.com,1999-07-14,Femme,Taza,0615405626,2022-12-03,TV
CLI00600,Bouazza,Fouad,fouad_bouazza@menara.ma,1983-07-04,m,Rabat,0672362669,2024-01-12,Email
CLI01287,Naciri,Nadia,nadianaciri@hotmail.com,1969-03-16,0,Tétouan,0764534965,2022-11-15,TikTok
CLI04656,El Amrani,Hassan,hassan-elamrani47@gmail.com,1967-10-14,1,rabat,0720080508,2024-04-18,Google SEO
CLI00645,El Fassi,Salma,salma_elfassi64@yahoo.fr,1960-02-27,Femme,Fès,0797662705,2025-01-20,Instagram
CLI04907,Boulahia,Manal,manalboulahia@gmail.com,1997-12-07,f,tanger,0606686238,2023-07-06,Instagram
CLI02454,Bensouda,Naima,naima.bensouda@gmail.com,2009-12-24,f,Tétouan,0681873300,2022-11-29,Facebook
CLI03248,Bouyahia,Malika,malika-bouyahia11@gmail.com,2007-10-26,f,Tanger,0745582009,2025-12-11,Recommandation
CLI00525,Lahlou,Mohammed,mohammedlahlou@hotmail.com,1976-09-16,M,Marrakech,0631830617,2023-07-19,Affichage
CLI02025,Bensouda,Rachid,rachidbensouda@gmail.com,1969-04-18,male,Béni Mellal,0615963781,2022-08-11,Email
CLI02056,Moussaoui,Samir,samir_moussaoui@hotmail.com,1954-11-24,male,Kenitra,0720204871,2022-10-06,Google SEO
CLI00914,Ziani,Hanane,hanane-ziani64@hotmail.com,1961-01-08,Femme,Casablanca,0742216265,2025-06-01,Recommandation
CLI03759,El Hajjaji,Najat,najatelhajjaji1@menara.ma,1970-01-08,f,Marrakech,0611738496,2024-10-08,Facebook
CLI01109,Errami,Youssef,youssef_errami@outlook.com,1957-08-27,Homme,Agadir,0770773123,2025-04-05,Instagram
CLI00870,El Amrani,Karim,karimelamrani@gmail.com,1961-07-11,H,Fès,0604384196,2023-05-10,Influenceur
CLI01053,Errami,Oumaima,oumaima-errami@menara.ma,1958-10-21,Femme,Meknès,0666799864,2025-01-14,TV
CLI02858,El Andaloussi,Yasmine,yasmine_elandaloussi24@hotmail.com,1974-10-15,female,meknès,0788377720,2023-12-27,Recommandation
CLI01914,Saidi,Khadija,khadija-saidi93@menara.ma,1965-05-01,female,Kenitra,0684726680,2025-06-22,Influenceur
CLI04368,Guerrouj,Hassan,hassan.guerrouj@yahoo.fr,2003-12-29,male,Kenitra,0728843597,2025-10-14,TV
CLI00280,Alaoui,Kawtar,kawtar-alaoui@yahoo.fr,1958-01-17,F,Rabat,0791456083,2022-12-27,Email
CLI01886,Oulhaj,Nassim,nassim_oulhaj@outlook.com,1952-06-27,m,Rabat,0749931367,2022-06-27,TikTok
CLI01172,El Hajjaji,Adil,adil_elhajjaji@menara.ma,1988-12-20,H,Nador,0604625069,2024-04-09,Facebook
CLI04846,Zeroual,Abdellatif,abdellatif.zeroual@gmail.com,1984-09-03,1,Kenitra,0667720809,2022-06-01,Influenceur
CLI04166,El Ouafi,Fatima,fatima.elouafi67@outlook.com,1956-06-19,f,Marrakech,0759518656,2023-07-01,Instagram
CLI01344,Cherkaoui,Nour,nour_cherkaoui7@yahoo.fr,1974-02-14,F,Tétouan,0606754939,2023-07-27,Email
CLI04060,Idrissi,Hind,hind.idrissi@outlook.com,1945-10-29,female,Béni Mellal,0736051103,2025-06-30,TikTok
CLI02591,Rhazouani,Hajar,hajar.rhazouani@gmail.com,1951-06-02,Femme,Béni Mellal,0715903648,2025-10-03,Direct
CLI02280,Benomar,Siham,siham_benomar@menara.ma,1989-08-29,Femme,Fès,0669832407,2022-11-28,Facebook
CLI01105,El Khamlichi,Issam,issam_elkhamlichi@gmail.com,1953-10-17,H,Casablanca,0673781591,2023-05-23,TikTok
CLI00704,Ksikes,Nadia,nadia_ksikes@yahoo.fr,1948-10-11,0,meknès,0737052635,2022-07-26,Instagram
CLI03420,Guerrouj,Issam,issam-guerrouj@outlook.com,1997-08-15,H,Oujda,0669535246,2024-04-26,TV
CLI03736,Fennich,Souad,souad_fennich@gmail.com,1945-12-30,0,Casablanca,0684712719,2025-10-02,TV
CLI04808,Bouazza,Adil,adil-bouazza69@hotmail.com,1946-03-27,M,El Jadida,0658262448,2024-09-26,Influenceur
CLI01508,Ksikes,Chaimae,chaimaeksikes@menara.ma,1993-04-10,female,Nador,0796889109,2024-09-26,Influenceur
CLI02387,Idrissi,Amina,aminaidrissi50@yahoo.fr,1961-07-07,F,El Jadida,0768594416,2025-08-11,Recommandation
CLI04114,Boulahia,Adil,adil-boulahia59@yahoo.fr,2001-09-12,H,Agadir,0694634315,2023-10-13,Facebook
CLI03691,El Khamlichi,Rania,rania-elkhamlichi@hotmail.com,1999-07-04,Femme,Tétouan,0700967083,2026-03-25,Email
CLI00758,Bouyahia,Mustapha,mustapha-bouyahia@outlook.com,1998-08-01,H,Casablanca,0608761238,2022-10-19,TikTok
CLI02393,Fennich,Adil,adilfennich27@menara.ma,1969-07-22,M,Taza,0682087163,2026-04-21,Affichage
CLI04196,El Khamlichi,Widad,widad_elkhamlichi41@menara.ma,1988-03-01,0,Casablanca,0796851450,2025-09-18,Affichage
CLI00406,Benomar,Kawtar,kawtarbenomar@yahoo.fr,1991-08-18,f,Tanger,0671487271,2023-07-03,Direct
CLI00449,Belkadi,Adil,adil_belkadi@hotmail.com,1989-12-23,H,El Jadida,0669036289,2025-08-18,Instagram
CLI04457,Benali,Manal,manal.benali@yahoo.fr,1958-07-09,f,Taza,0780873090,2025-06-15,TV
CLI01713,El Hamdouchi,Kawtar,kawtar.elhamdouchi@hotmail.com,2015-06-01,Femme,Nador,0677253209,2023-07-03,TikTok
CLI01791,El Azzouzi,Hicham,hicham.elazzouzi@yahoo.fr,1987-04-18,H,Rabat,0676801269,2024-05-06,Influenceur
CLI00713,Tahiri,Rania,raniatahiri66@outlook.com,1959-01-31,f,El Jadida,0637876553,2023-01-17,Google SEO
CLI03981,Lamrani,Btissam,btissam-lamrani@menara.ma,1985-07-26,female,Oujda,0713045047,2024-01-13,Recommandation
CLI04282,El Andaloussi,Jamal,jamal-elandaloussi@menara.ma,1954-10-07,male,agadir,0701492791,2024-09-15,Google SEO
CLI00071,El Ouafi,Driss,driss.elouafi78@outlook.com,1986-08-06,H,RABAT,0779627570,2022-08-17,TikTok
CLI02440,Chraibi,Btissam,btissam-chraibi@gmail.com,1979-03-25,f,Oujda,0634633287,2024-12-06,Recommandation
CLI00073,El Andaloussi,Issam,issamelandaloussi@gmail.com,1963-10-27,1,Agadir,0678681447,2025-09-11,Email
CLI04320,El Bakkali,Fatima,fatima.elbakkali@menara.ma,2007-01-26,Femme,Nador,0762354679,2024-04-18,TikTok
CLI02307,El Amrani,Zakaria,zakariaelamrani@gmail.com,1985-07-25,M,Oujda,0610802388,2024-03-22,Email
CLI04508,Cherkaoui,Nour,nour.cherkaoui@yahoo.fr,1985-07-15,F,Marrakech,0604064871,2024-04-22,Google SEO
CLI00345,Moussaoui,Othmane,othmane-moussaoui@hotmail.com,1957-01-23,1,Taza,0785072081,2024-01-14,Instagram
CLI00651,El Hamdouchi,Riad,riad_elhamdouchi@gmail.com,1951-12-31,Homme,Tétouan,0650105875,2025-06-02,Facebook
CLI01952,Naciri,Jamal,jamal_naciri93@outlook.com,1949-01-18,M,Tanger,0602772179,2024-07-06,Email
CLI02948,Chraibi,Ahmed,ahmed.chraibi@menara.ma,1957-12-01,1,Safi,0761727460,2023-06-13,Google SEO
CLI04586,Tazi,Soufiane,soufianetazi@menara.ma,1966-11-15,Homme,Marrakech,0721976588,2024-01-14,Influenceur
CLI01818,Lamrani,Chaimae,chaimae_lamrani@gmail.com,1984-09-11,Femme,Casablanca,0673445801,2025-02-09,TV
CLI01575,Fennich,Oumaima,oumaima_fennich@gmail.com,1957-11-09,f,Agadir,0681432298,2023-04-07,Direct
CLI04886,Chakir,Malika,malika-chakir@outlook.com,1962-06-26,female,Safi,0734838348,2025-01-08,Email
CLI00479,Oulhaj,Naima,naima_oulhaj@yahoo.fr,1990-08-26,F,Meknès,0798363146,2024-04-17,Facebook
CLI04834,Alaoui,Hamid,hamid.alaoui@gmail.com,1992-02-20,male,dar beida,0656374762,2024-09-06,Influenceur
CLI01224,Guerrouj,Dounia,dounia.guerrouj@menara.ma,1992-01-09,0,Casablanca,0682721051,2026-01-30,Email
CLI01399,El Moussaoui,Latifa,latifa-elmoussaoui11@outlook.com,1953-12-30,female,tanja,0788097186,2026-03-22,Instagram
CLI02700,Tazi,Fouad,fouad_tazi@hotmail.com,1953-11-02,M,Meknès,0742927750,2022-06-12,Instagram
CLI00086,El Ghazi,Nabil,nabilelghazi@yahoo.fr,1974-12-19,male,Nador,0724041574,2024-02-13,Direct
CLI03666,Errami,Siham,@sansdomaine,1958-05-18,f,Tétouan,0629154259,2022-08-14,Recommandation
CLI01616,Guerrouj,Abdellatif,malformé@,2015-06-01,M,Marrakech,0735768662,2023-02-27,Instagram
CLI92591,Lahlou,Amine,amine-lahlou89@menara.ma,1890-01-01,male,Nador,0640636801,2025-12-23,TV
CLI01583,Benkirane,Salma,salma_benkirane@yahoo.fr,2007-02-23,0,Taza,0654880510,2022-09-03,TV
CLI03087,El Bakkali,Ayoub,ayoub.elbakkali15@gmail.com,1972-03-14,m,Béni Mellal,0756109583,2025-08-27,Recommandation
CLI03917,El Mansouri,Chaimae,chaimae.elmansouri@yahoo.fr,1978-02-23,f,El Jadida,0630748745,2025-03-23,Email
CLI01835,El Hajjaji,Riad,riadelhajjaji@gmail.com,1978-05-30,1,Safi,0625461679,2025-08-07,Recommandation
CLI00868,El Ouafi,Sanaa,sanaa-elouafi@hotmail.com,1993-09-28,f,Taza,0635302816,2022-06-07,TikTok
CLI00951,El Amrani,Ilyas,ilyas-elamrani@hotmail.com,1983-08-16,m,Casablanca,0693978145,2023-04-29,TV
CLI01426,El Ouafi,Riad,riadelouafi@yahoo.fr,1955-12-07,Homme,Marrakech,0652694204,2024-08-06,Instagram
CLI01208,Chraibi,Badr,badr_chraibi@menara.ma,1989-10-10,male,oujda,0785320775,2024-02-19,Affichage
CLI02577,Ouazzani,Khalid,khalid_ouazzani@hotmail.com,1976-09-15,M,Tétouan,0605091633,2025-10-13,TV
CLI04765,Benali,Nour,nour-benali@gmail.com,2007-03-15,F,rabat,0798457621,2023-09-07,Google SEO
CLI03446,El Ghazi,Khadija,khadijaelghazi@gmail.com,1986-04-25,f,Béni Mellal,0726340547,2023-11-17,TikTok
CLI02705,Kettani,Ilyas,ilyaskettani@menara.ma,1995-06-25,male,Casablanca,0655510749,2024-02-11,Affichage
CLI04725,Drissi,Aziz,aziz-drissi68@yahoo.fr,2001-11-05,1,Safi,0768861555,2023-03-18,Email
CLI03045,Cherkaoui,Kawtar,kawtarcherkaoui27@menara.ma,2004-04-24,Femme,Taza,0774643850,2024-12-26,Affichage
CLI04049,Guerrouj,Youssef,youssef-guerrouj44@hotmail.com,2005-05-20,M,Béni Mellal,0681813797,2024-12-07,Facebook
CLI00883,Bouyahia,Siham,siham-bouyahia24@hotmail.com,1969-09-21,Femme,Agadir,0739136817,2026-03-08,Facebook
CLI00552,Kettani,Fatima,fatima-kettani@yahoo.fr,1987-01-12,F,Kénitra,0707251786,2024-12-16,Email
CLI04986,Tazi,Yasmine,yasmine.tazi@yahoo.fr,1978-07-26,0,Kenitra,0647092889,2024-06-15,Email
CLI03078,Guerrouj,Badr,badrguerrouj@menara.ma,1983-04-05,H,Tétouan,0664339828,2024-09-14,Affichage
CLI01992,El Mansouri,Salma,salma.elmansouri@yahoo.fr,1972-10-19,0,El Jadida,0785652554,2022-11-20,Facebook
CLI01820,El Ouafi,Fatima,fatima.elouafi@hotmail.com,1954-04-13,f,Tétouan,0737481268,2023-03-21,Instagram
CLI03773,Bouyahia,Bilal,bilal.bouyahia@menara.ma,1949-03-09,m,Fès,0617561363,2022-12-08,Instagram
CLI01589,Benali,Mariam,mariam.benali@gmail.com,1981-10-02,female,KENITRA,0681700327,2023-01-10,Influenceur
CLI04175,Oulhaj,Anass,anass.oulhaj@menara.ma,1971-11-25,Homme,Nador,0672830093,2022-10-04,Google SEO
CLI03196,Guerrouj,Naima,naima.guerrouj@gmail.com,1971-03-23,Femme,Safi,0640874155,2024-07-19,Google SEO
CLI00025,Hajji,Hassan,hassan_hajji@gmail.com,1948-03-28,H,El Jadida,0662849877,2023-10-03,Influenceur
CLI01636,Rhazouani,Mustapha,mustapha_rhazouani@gmail.com,1995-02-14,male,Tanger,0634374325,2023-09-02,Influenceur
CLI03062,Zeroual,Yasmine,yasmine-zeroual@gmail.com,1966-01-04,F,Meknès,0703707010,2022-10-04,TV
CLI00837,Moussaoui,Khadija,khadijamoussaoui71@outlook.com,1999-12-09,female,Tanger,0684531980,2024-09-17,Direct
CLI04383,Benomar,Riad,riad_benomar52@gmail.com,2002-02-13,Homme,El Jadida,0792318314,2024-07-22,Facebook
CLI01057,El Fassi,Walid,walid.elfassi@yahoo.fr,1981-04-26,Homme,Fès,0710389752,2025-12-08,Affichage
CLI03556,Bouazza,Meryem,@sansdomaine,1963-10-25,Femme,Kenitra,0600334539,2024-08-29,Email
CLI01040,Ksikes,Younes,younesksikes@menara.ma,1954-12-03,m,Béni Mellal,0667396342,2022-12-24,Affichage
CLI90891,El Azzouzi,Meryem,meryem-elazzouzi59@hotmail.com,1980-08-10,f,Béni Mellal,0668686630,2023-12-03,Direct
CLI02531,Bouazza,Tarik,tarik-bouazza@hotmail.com,2001-07-31,H,casablanca,0798359808,2024-02-22,Recommandation
CLI95873,Fennich,Salma,salma-fennich@yahoo.fr,2000-10-23,f,Safi,0621655852,2022-11-02,Email
CLI02691,Zeroual,Jamal,jamalzeroual@hotmail.com,1963-11-17,male,Safi,0649952535,2025-12-17,TV
CLI01689,Belkadi,Malika,malika_belkadi@gmail.com,1946-11-01,f,Agadir,0756003375,2023-02-27,Facebook
CLI01748,Filali,Amine,aminefilali@gmail.com,1962-12-09,Homme,Fès,0695632245,2025-12-06,Instagram
CLI00196,Boulahia,Manal,manal-boulahia@hotmail.com,1991-07-17,Femme,Marrakech,0657991366,2023-06-20,Facebook
CLI04069,Benjelloun,Houda,houda-benjelloun@outlook.com,1957-02-04,Femme,Nador,0735352277,2025-06-01,Recommandation
CLI03228,El Hamdouchi,Issam,issamelhamdouchi@gmail.com,1965-01-07,1,Nador,0608666581,2024-12-14,TikTok
CLI02788,Filali,Soufiane,soufiane_filali@hotmail.com,1970-03-28,1,Tétouan,0664950926,2022-04-25,Facebook
CLI01077,Benhaddou,Amina,aminabenhaddou@hotmail.com,1959-05-11,f,Agadir,0701530173,2025-12-24,Instagram
CLI04256,El Ghazi,Karim,karim.elghazi@menara.ma,1990-08-09,m,Safi,0690538053,2023-03-17,Recommandation
CLI00724,Kettani,Souad,souad_kettani@outlook.com,1976-02-22,Femme,meknes,0676388214,2026-03-27,TikTok
CLI01595,Bensouda,Nabil,nabil.bensouda@hotmail.com,1978-08-03,1,Meknès,0687533552,2022-09-26,Influenceur
CLI04238,Bakkali,Driss,drissbakkali@menara.ma,1977-12-30,male,Tétouan,0617456185,2023-06-17,Instagram
CLI03926,El Andaloussi,Chaimae,chaimae-elandaloussi81@hotmail.com,2004-02-05,F,Taza,0664369779,2022-11-25,Recommandation
CLI04343,Ziani,Kawtar,kawtar-ziani@outlook.com,1978-11-24,F,Taza,0608864294,2025-09-07,Email
CLI04391,El Bakkali,Imane,imaneelbakkali@outlook.com,2006-05-06,F,Kenitra,0600133034,2023-10-21,TV
CLI01278,Zeroual,Hanane,hanane_zeroual24@gmail.com,2004-11-19,F,Tanger,0686060480,2022-09-24,Facebook
CLI00664,Mernissi,Nabil,nabil.mernissi@outlook.com,1945-08-17,male,Taza,0635715586,2024-11-26,Affichage
CLI01229,Bensouda,Samir,samir_bensouda95@outlook.com,1958-11-05,Homme,Agadir,0773713887,2026-03-11,Recommandation
CLI04000,Kettani,Oumaima,oumaima-kettani@gmail.com,1969-01-27,f,Agadir,0648276423,2023-05-10,Email
CLI01146,Bensouda,Jamal,jamal-bensouda@gmail.com,2004-03-30,M,Agadir,0669626168,2025-02-09,Recommandation
CLI00647,Fennich,Hamid,hamidfennich48@gmail.com,1957-01-13,1,el jadida,0748595325,2024-07-30,TV
CLI01376,Zeroual,Rachid,rachidzeroual59@outlook.com,1982-07-27,male,Marrakech,0723858653,2025-06-19,TV
CLI02717,Benjelloun,Hamid,hamid.benjelloun@hotmail.com,2005-04-20,M,Safi,0720338738,2025-02-16,Recommandation
CLI00116,Mernissi,Dounia,dounia-mernissi@hotmail.com,1954-10-30,F,Tétouan,0760334191,2023-10-24,Affichage
CLI03774,Hajji,Chaimae,chaimae_hajji@yahoo.fr,2000-09-16,Femme,Oujda,0734162531,2024-05-31,Influenceur
CLI03747,Saidi,Mohammed,mohammed-saidi51@yahoo.fr,1987-02-15,1,Nador,0681727243,2022-12-11,Email
CLI03681,Lamrani,Nour,nour.lamrani81@gmail.com,1985-07-30,Femme,AGADIR,0719139211,2023-11-03,Direct
CLI03788,El Ouafi,Sara,sara-elouafi33@menara.ma,1989-04-28,f,Taza,0729796764,2026-02-11,Facebook
CLI01122,El Mansouri,Btissam,btissam-elmansouri@yahoo.fr,1983-12-26,0,Meknès,0722883904,2023-04-02,Direct
CLI02810,Berrada,Rabha,rabhaberrada@gmail.com,1989-09-10,Femme,Marrakech,0778314642,2025-08-09,TikTok
CLI02338,Guerrouj,Hind,hind.guerrouj@yahoo.fr,1989-11-30,Femme,Kenitra,0746508930,2023-06-20,Recommandation
CLI04191,Hajji,Ilham,ilham_hajji5@hotmail.com,1974-12-28,F,agadir,0608657879,2025-04-07,Direct
CLI01551,Bakkali,Hanane,hanane-bakkali@outlook.com,1978-01-09,Femme,Agadir,0744088959,2023-06-03,Email
CLI01783,El Khamlichi,Othmane,othmaneelkhamlichi@yahoo.fr,1983-12-12,H,Tnja,0630925872,2023-05-25,Affichage
CLI02108,Cherkaoui,Latifa,latifa.cherkaoui@outlook.com,2000-01-02,Femme,Oujda,0713407491,2022-05-05,Affichage
CLI04382,Chakir,Fatima,fatima-chakir@hotmail.com,1955-09-18,f,Casablanca,0664459236,2023-11-03,Recommandation
CLI01570,Ouazzani,Malika,malikaouazzani@yahoo.fr,1984-07-02,0,Béni Mellal,0689649666,2023-01-23,Affichage
CLI00382,El Moussaoui,Salma,salmaelmoussaoui@hotmail.com,1967-07-30,f,Rabat,0682097023,2025-10-23,Instagram
CLI02592,Zeroual,Meryem,meryem.zeroual78@gmail.com,1955-09-03,0,El Jadida,0697867154,2025-01-17,Facebook
CLI02865,Benali,Abdellatif,abdellatif-benali3@outlook.com,1964-06-23,m,Tétouan,0705623309,2022-10-29,Recommandation
CLI02161,Benali,Hamid,hamid_benali@yahoo.fr,1947-12-20,Homme,Béni Mellal,0759587695,2023-05-09,TikTok
CLI04580,Hajji,Laila,laila_hajji@hotmail.com,1974-05-04,0,Tanger,0683486355,2022-05-31,Direct
CLI02266,Idrissi,Hind,hind-idrissi@hotmail.com,1966-10-30,f,Tanger,0706506961,2025-04-29,TikTok
CLI01236,Tazi,Mehdi,mehditazi@yahoo.fr,1953-02-18,m,MEKNES,0796378811,2023-12-26,TV
CLI03089,Kettani,Anass,anass_kettani83@outlook.com,1961-12-31,H,Agadir,0788118557,2022-07-30,Direct
CLI00420,Bouazza,Manal,manal_bouazza@gmail.com,1958-04-16,F,Béni Mellal,0723401636,2024-06-17,Instagram
CLI00502,Idrissi,Nour,nour_idrissi38@gmail.com,1977-10-27,F,Marrakech,0689389846,2025-06-12,TV
CLI00801,Ouazzani,Issam,issam_ouazzani57@menara.ma,1965-11-08,1,Marrakech,0712476010,2024-12-13,Affichage
CLI04360,El Ouafi,Oumaima,oumaima-elouafi94@gmail.com,2006-01-05,0,Oujda,0639006728,2024-08-03,Facebook
CLI00720,Kettani,Rim,rim_kettani76@yahoo.fr,1957-07-27,Femme,El Jadida,0749701693,2025-08-19,Recommandation
CLI04384,Kettani,Brahim,brahim_kettani@gmail.com,1982-09-14,m,Kenitra,0786061504,2025-10-01,Affichage
CLI03545,Tazi,Nassim,nassim.tazi52@hotmail.com,1973-06-28,male,Marrakech,0625779830,2023-09-10,Recommandation
CLI01483,El Hamdouchi,Aicha,aicha_elhamdouchi@gmail.com,1980-11-23,Femme,Rabat,0776751258,2022-09-14,Email
CLI01418,Idrissi,Oumaima,oumaima_idrissi@yahoo.fr,1956-11-13,female,AGADIR,0709606472,2024-10-24,Recommandation
CLI01147,El Khamlichi,Aziz,aziz-elkhamlichi@outlook.com,2001-05-07,M,Béni Mellal,0679899488,2022-04-17,TikTok
CLI02466,El Ghazi,Najat,najatelghazi@hotmail.com,1975-10-15,F,marrakech,0610571973,2022-04-24,Facebook
CLI03034,Bouazza,Khalid,khalidbouazza@outlook.com,1998-01-26,Homme,Kenitra,0739610480,2024-09-27,Affichage
CLI03964,Drissi,Sara,sara_drissi@outlook.com,1991-01-27,Femme,Taza,0690424462,2022-07-18,Recommandation
CLI03508,Saidi,Karim,karim_saidi64@hotmail.com,1976-12-02,M,Meknès,0626741216,2024-06-14,Email
CLI00020,El Ouafi,Hafida,hafida_elouafi@yahoo.fr,2000-02-28,F,Fès,0666587603,2022-05-16,Influenceur
CLI00450,El Khamlichi,Walid,walidelkhamlichi48@outlook.com,1956-02-10,Homme,Béni Mellal,0703428113,2022-12-13,TV
CLI02633,Filali,Reda,reda.filali@outlook.com,1980-06-13,m,Taza,0720050294,2023-07-19,Google SEO
CLI04440,Bensouda,Ilham,ilham-bensouda@hotmail.com,1985-02-19,0,meknès,0637277631,2023-04-16,Instagram
CLI01686,El Khamlichi,Hajar,hajar-elkhamlichi@outlook.com,1945-10-06,F,Tanger,0638530009,2025-09-26,Google SEO
CLI00712,Zeroual,Anass,anass_zeroual@gmail.com,1998-11-10,male,Fes,0691122528,2024-12-05,Affichage
CLI03607,El Fassi,Sara,sara_elfassi@gmail.com,1964-04-15,female,Oujda,0704653425,2024-11-04,Recommandation
CLI03003,Benhaddou,Hicham,hicham-benhaddou@menara.ma,2003-03-07,male,Safi,0792884096,2025-05-02,TV
CLI01810,Benhaddou,Khalid,khalid-benhaddou21@gmail.com,1965-11-05,Homme,Fès,0666775270,2025-08-27,Direct
CLI04370,El Andaloussi,Nassim,nassim.elandaloussi@yahoo.fr,1961-09-29,male,Rabat,0794746925,2023-03-10,TV
CLI02930,Lamrani,Ghita,ghitalamrani@hotmail.com,1996-01-27,Femme,Casablanca,0739440601,2025-05-01,Recommandation
CLI02410,Chakir,Naima,naima_chakir@gmail.com,2007-02-07,female,Meknès,0723733134,2025-02-15,Facebook
CLI02864,Ouazzani,Tarik,tarikouazzani@gmail.com,1987-01-18,M,Oujda,0611828913,2025-10-24,Google SEO
CLI02852,Filali,Dounia,dounia_filali@gmail.com,1965-01-08,0,Agadir,0702588551,2025-03-07,Google SEO
CLI02170,Tahiri,Malika,malikatahiri@outlook.com,1968-08-25,f,Safi,0758697223,2026-02-11,Facebook
CLI01777,Belkadi,Nour,nourbelkadi81@gmail.com,1971-11-21,0,Béni Mellal,0634952457,2025-03-04,Google SEO
CLI01051,Chraibi,Samira,samirachraibi24@yahoo.fr,1975-07-28,F,Tanger,0696702436,2022-05-20,TikTok
CLI02192,Benomar,Siham,siham.benomar@menara.ma,1970-12-03,0,Kenitra,0709692533,2026-03-22,Influenceur
CLI02038,Cherkaoui,Othmane,othmanecherkaoui57@gmail.com,1950-05-17,M,Fès,0689812239,2024-06-19,Influenceur
CLI03353,Benali,Samir,samir.benali@yahoo.fr,1962-04-12,male,El Jadida,0628673194,2025-10-27,Instagram
CLI03052,Alaoui,Bilal,bilal.alaoui@hotmail.com,1966-06-02,Homme,Agadir,0657866673,2024-01-04,Influenceur
CLI03868,El Fassi,Nadia,nadia-elfassi@menara.ma,2004-10-09,F,Nador,0605156393,2024-11-12,TikTok
CLI01792,El Hamdouchi,Aicha,aicha.elhamdouchi@outlook.com,1992-12-19,0,Marrakech,0603250274,2022-12-18,TV
CLI03503,Benali,Anass,anass-benali@hotmail.com,1972-08-03,M,safi,0733909213,2024-10-28,Direct
CLI02610,El Moussaoui,Dounia,dounia_elmoussaoui98@hotmail.com,2000-11-15,f,Nador,0728753184,2024-07-07,Affichage
CLI02072,El Moussaoui,Khadija,khadija_elmoussaoui@hotmail.com,2005-03-05,f,El Jadida,0665608804,2023-06-28,Instagram
CLI00219,El Andaloussi,Rabha,rabhaelandaloussi@gmail.com,1992-04-12,Femme,Rabat,0646013673,2023-09-12,Google SEO
CLI04917,Bouyahia,Houda,houda_bouyahia@menara.ma,1952-06-01,F,tanger,0618850535,2024-03-09,Recommandation
CLI00829,Belkadi,Btissam,btissam_belkadi@yahoo.fr,1976-04-20,F,Agadir,0775231123,2022-09-03,Facebook
CLI03748,Bouyahia,Amina,amina.bouyahia@yahoo.fr,1976-12-19,F,Taza,0682559948,2024-03-07,Recommandation
CLI02486,Ouazzani,Kawtar,kawtarouazzani@yahoo.fr,1986-10-27,female,Taza,0633327988,2026-04-22,Facebook
CLI04591,Benali,Karim,karim-benali@menara.ma,1995-06-18,Homme,Kenitra,0713408397,2024-08-23,TikTok
CLI03132,Drissi,Bilal,bilal-drissi@gmail.com,2007-11-02,H,Tétouan,0612904428,2022-08-19,Facebook
CLI03097,Filali,Amina,amina.filali35@menara.ma,1994-10-12,f,Oujda,0637973090,2023-07-21,TikTok
CLI03125,Bouazza,Manal,manal.bouazza@outlook.com,1996-02-25,F,El Jadida,0775705717,2024-03-12,Instagram
CLI04943,El Moussaoui,Khadija,khadija-elmoussaoui@outlook.com,1987-07-01,Femme,Safi,0646916273,2024-01-27,Google SEO
CLI01003,Belkadi,Sanaa,sanaabelkadi@gmail.com,1976-06-15,f,Safi,0631754380,2023-08-20,Facebook
CLI02509,Errami,Simo,simo-errami93@outlook.com,1967-03-08,Homme,El Jadida,0635984808,2026-03-05,Influenceur
CLI03947,Benhaddou,Naima,naima_benhaddou@yahoo.fr,2010-03-26,female,Oujda,0739874573,2025-05-27,Influenceur
CLI00674,Moussaoui,Ghita,ghita.moussaoui@hotmail.com,1992-04-06,female,Safi,0753460605,2024-12-12,Influenceur
CLI03879,Oulhaj,Khalid,khalidoulhaj@gmail.com,1953-05-26,Homme,Taza,0780633518,2025-07-10,Influenceur
CLI01335,El Mansouri,Simo,simo_elmansouri@menara.ma,1984-09-10,Homme,Agadir,0751163971,2025-10-02,Recommandation
CLI01915,Moussaoui,Riad,riad-moussaoui82@yahoo.fr,1998-03-24,H,El Jadida,0727890880,2022-06-18,Influenceur
CLI04589,Filali,Tarik,tarik.filali@hotmail.com,1950-11-14,m,casablanca,0664040798,2025-08-23,Facebook
CLI01896,El Moussaoui,Samira,samiraelmoussaoui@yahoo.fr,1975-09-25,female,Nador,0646366983,2022-10-21,Direct
CLI00140,Mernissi,Reda,redamernissi@gmail.com,1956-02-21,male,Oujda,0609993476,2024-10-05,Affichage
CLI03324,El Bakkali,Brahim,brahimelbakkali@gmail.com,1983-12-11,H,El Jadida,0616982379,2026-03-29,TV
CLI03613,Mernissi,Ghita,ghita_mernissi12@menara.ma,1967-07-07,female,Taza,0717304311,2025-05-22,Email
CLI04396,El Ghazi,Loubna,loubna.elghazi@gmail.com,1993-08-25,0,Rabat,0617611478,2022-12-11,Affichage
CLI02331,Bouazza,Nassim,nassim-bouazza7@hotmail.com,1946-03-11,male,Marrakech,0651978816,2023-06-03,Recommandation
CLI03024,Filali,Kawtar,kawtar.filali55@outlook.com,1963-10-17,Femme,Meknès,0706336558,2023-09-26,Influenceur
CLI04966,Idrissi,Rabha,rabha.idrissi@menara.ma,1997-03-23,Femme,Béni Mellal,0733706197,2026-04-06,Affichage
CLI01457,El Hamdouchi,Siham,sihamelhamdouchi@outlook.com,1971-05-17,F,Tanger,0689191874,2025-11-08,Google SEO
CLI00888,El Fassi,Sanaa,sanaa-elfassi14@menara.ma,1973-01-06,F,Nador,0622560629,2022-07-29,TikTok
CLI04328,Rhazouani,Mariam,mariamrhazouani51@outlook.com,2005-09-10,0,SAFI,0720222588,2022-05-25,TikTok
CLI00359,El Moussaoui,Siham,siham-elmoussaoui@hotmail.com,1955-08-09,0,NADOR,0600749465,2022-11-07,Email
CLI04510,Benali,Rachid,rachid.benali19@gmail.com,1982-06-15,m,Rabat,0628356204,2024-01-17,Email
CLI02258,El Mansouri,Ilyas,ilyas-elmansouri@outlook.com,1983-10-19,Homme,Béni Mellal,0769371478,2024-06-06,Direct
CLI00211,Moussaoui,Imane,imane.moussaoui@outlook.com,1976-11-11,Femme,Agadir,0661593998,2024-11-20,Facebook
CLI02568,Belkadi,Sanaa,sanaa-belkadi@outlook.com,2005-09-25,f,NADOR,0662315434,2022-06-08,Recommandation
CLI02010,Bouyahia,Chaimae,chaimae-bouyahia@menara.ma,1952-08-02,female,El Jadida,0616515995,2025-07-05,Facebook
CLI03882,El Fassi,Houda,houda_elfassi52@hotmail.com,1956-06-02,0,Tanger,0630067992,2023-04-25,Affichage
CLI00067,Filali,Samira,samira-filali@hotmail.com,1956-03-24,f,Fès,0797117980,2026-01-24,Affichage
CLI02710,El Moussaoui,Hassan,hassanelmoussaoui@menara.ma,2015-06-01,H,Tétouan,0618131254,2024-04-21,Direct
CLI01694,Moussaoui,Fatima,fatima_moussaoui@hotmail.com,1946-03-02,female,Tanger,0759256297,2022-03-31,Facebook
CLI00856,El Hamdouchi,Tarik,tarik.elhamdouchi51@gmail.com,1973-06-03,male,Fès,0604520360,2026-04-07,Affichage
CLI02389,El Bakkali,Karim,karim.elbakkali@outlook.com,1959-04-02,M,El Jadida,0698714845,2023-11-12,Recommandation
CLI03042,Bensouda,Reda,redabensouda@gmail.com,2000-04-30,M,Safi,0631230367,2024-12-21,Facebook
CLI03066,Kettani,Youssef,youssefkettani@gmail.com,1957-04-17,m,Tétouan,0602742378,2025-03-07,Email
CLI01757,Tahiri,Houssam,houssam.tahiri52@hotmail.com,1945-10-02,male,El Jadida,0752494891,2025-08-17,Affichage
CLI01599,Hajji,Driss,driss_hajji79@outlook.com,1978-02-03,Homme,Taza,0708855069,2024-03-19,Recommandation
CLI03946,Zeroual,Khadija,khadija.zeroual@menara.ma,1980-03-30,0,Safi,0768096348,2025-06-20,TV
CLI00322,Ouazzani,Aziz,aziz.ouazzani@hotmail.com,1946-04-19,male,El Jadida,0770027206,2023-04-06,Email
CLI02408,Lamrani,Simo,simo.lamrani@gmail.com,1988-07-13,Homme,Kenitra,0787612976,2025-03-06,Direct
CLI02823,El Moussaoui,Aicha,aicha-elmoussaoui@menara.ma,1998-12-29,F,Taza,0791781548,2024-05-15,Email
CLI04770,Ziani,Ghita,ghita_ziani@outlook.com,1964-10-29,Femme,Béni Mellal,0705339203,2024-02-18,Email
CLI00305,El Mansouri,Karim,karim.elmansouri@hotmail.com,1949-11-15,H,Rabat,0766383615,2025-09-24,Instagram
CLI01316,El Moussaoui,Samira,samira-elmoussaoui43@hotmail.com,1962-08-29,F,Tétouan,0635971771,2023-02-27,Direct
CLI03576,Benomar,Fouad,fouadbenomar@menara.ma,1958-09-02,m,Oujda,0659867241,2023-04-24,TV
CLI04051,Bouyahia,Widad,widadbouyahia63@hotmail.com,1969-07-30,Femme,Agadir,0735597879,2023-09-04,TV
CLI04117,El Moussaoui,Simo,simo_elmoussaoui@gmail.com,1959-11-17,male,Taza,0664977689,2024-09-18,Direct
CLI00278,Bouazza,Younes,younes-bouazza@outlook.com,1958-12-04,M,Agadir,0609251142,2025-07-24,Influenceur
CLI00680,Errami,Najat,najaterrami@menara.ma,1974-08-27,0,Safi,0791766512,2023-12-08,Facebook
CLI03555,Lamrani,Imane,imane.lamrani69@hotmail.com,1951-12-09,0,tétouan,0601766027,2022-06-09,TV
CLI02043,El Hamdouchi,Badr,badrelhamdouchi@gmail.com,1999-05-08,H,Taza,0660368085,2025-05-09,Affichage
CLI01474,El Ghazi,Amine,amine_elghazi@hotmail.com,1984-06-19,1,mkch,0767981302,2023-09-08,Influenceur
CLI02774,Tazi,Aziz,aziz.tazi91@yahoo.fr,1957-03-12,Homme,Kenitra,0667013619,2023-05-21,Instagram
CLI00808,Rhazouani,Hanane,hanane_rhazouani@gmail.com,1962-03-29,Femme,Oujda,0794332562,2026-01-21,Email
CLI03548,Chakir,Brahim,brahim_chakir@menara.ma,1967-10-29,H,Kenitra,0617710869,2023-12-02,Influenceur
CLI01872,Naciri,Samir,samir.naciri15@hotmail.com,2007-12-12,m,Tétouan,0616608161,2024-08-19,Instagram
CLI04563,Kettani,Zineb,zinebkettani23@menara.ma,1966-11-10,Femme,Nador,0758623913,2025-09-19,TV
CLI00611,Lamrani,Meryem,meryem-lamrani@menara.ma,1997-08-23,0,Fès,0783749079,2022-12-11,Direct
CLI01310,Benhaddou,Kawtar,kawtarbenhaddou74@outlook.com,2008-10-03,Femme,eljadida,0762950767,2023-04-14,Instagram
CLI04181,El Ghazi,Amina,aminaelghazi@hotmail.com,1964-09-27,F,Nador,0691313386,2023-03-18,Google SEO
CLI00689,Benjelloun,Driss,driss-benjelloun@menara.ma,1979-05-10,male,Nador,0688062207,2023-06-15,Facebook
CLI00186,Bouyahia,Khalid,khalid_bouyahia98@menara.ma,1953-11-06,1,Kenitra,0626842450,2025-06-15,Affichage
CLI03474,Rhazouani,Latifa,latifa_rhazouani@yahoo.fr,2003-05-06,female,Meknès,0765317595,2023-11-06,TV
CLI01038,Berrada,Houda,houda.berrada@menara.ma,2004-05-15,female,Tanger,0735660503,2024-03-04,Email
CLI02515,Tahiri,Latifa,latifa_tahiri@gmail.com,1989-12-27,Femme,El Jadida,0778950139,2023-04-14,Instagram
CLI03031,El Amrani,Imane,imaneelamrani92@outlook.com,1986-10-08,female,Tanger,0778183380,2025-12-03,Direct
CLI00624,El Ghazi,Adil,adilelghazi@yahoo.fr,1973-07-28,male,Casablanca,0732807711,2025-03-14,Email
CLI02567,El Amrani,Hind,hindelamrani32@hotmail.com,1983-05-12,F,Kenitra,0688022955,2022-07-08,Direct
CLI02730,Idrissi,Reda,reda_idrissi@hotmail.com,1964-05-31,Homme,Marrakech,0664282359,2024-07-11,Affichage
CLI04837,Tazi,Mariam,mariamtazi@gmail.com,1957-04-21,Femme,Rabat,0689708952,2025-08-01,Google SEO
CLI03553,El Azzouzi,Souad,souadelazzouzi17@gmail.com,1960-02-11,0,Meknès,0625074762,2024-09-30,Instagram
CLI04881,Kettani,Amine,amine.kettani@hotmail.com,2007-10-04,Homme,Safi,0699662290,2022-06-15,Influenceur
CLI00855,Hajji,Widad,widad_hajji@outlook.com,1967-05-01,0,Casablanca,0732798059,2023-07-28,TikTok
CLI02661,Lamrani,Hicham,hicham_lamrani45@hotmail.com,1988-09-04,Homme,Rabat,0611434166,2022-08-05,Email
CLI03392,Naciri,Meryem,meryemnaciri47@gmail.com,2004-05-31,f,Marrakech,0635940216,2023-06-08,TV
CLI01550,El Mansouri,Nassim,nassim-elmansouri@yahoo.fr,1965-09-23,M,Marrakech,0644927280,2022-08-19,TV
CLI00245,Drissi,Imane,imanedrissi@outlook.com,2009-06-29,f,Oujda,0767199038,2022-08-20,Recommandation
CLI02550,Drissi,Salma,salmadrissi90@outlook.com,2015-06-01,0,Kenitra,0724793933,2025-08-23,Recommandation
CLI03356,Guerrouj,Naima,naima_guerrouj88@outlook.com,1977-11-18,female,Meknès,0665681540,2025-01-23,TV
CLI04215,El Moussaoui,Siham,siham_elmoussaoui77@hotmail.com,1999-02-02,0,Oujda,0722441463,2026-02-14,Email
CLI03414,Berrada,Rim,rim_berrada@menara.ma,1993-03-12,f,Tétouan,0779398364,2026-03-16,Influenceur
CLI04500,El Mansouri,Meryem,meryem.elmansouri@gmail.com,1986-02-13,F,Tanger,0697472956,2025-12-17,Recommandation
CLI02939,Errami,Hamid,hamid.errami@menara.ma,1965-07-12,Homme,Marrakech,0636447729,2023-01-15,Instagram
CLI02304,El Khamlichi,Mustapha,mustapha-elkhamlichi@hotmail.com,1985-05-22,1,Agadir,0745684426,2023-07-24,Email
CLI04697,Lamrani,Rabha,rabha-lamrani@hotmail.com,1983-02-21,female,Marrakech,0756935835,2024-09-12,Recommandation
CLI02239,Tahiri,Driss,driss-tahiri@gmail.com,1987-11-17,M,fez,0649704648,2024-08-08,TikTok
CLI02819,Benjelloun,Abdellatif,abdellatif.benjelloun46@yahoo.fr,1993-08-26,m,Oujda,0701696202,2024-08-26,Email
CLI04435,Berrada,Siham,siham.berrada54@hotmail.com,1953-11-21,F,Oujda,0657998734,2025-03-28,Influenceur
CLI04461,El Mansouri,Nassim,nassim_elmansouri@gmail.com,1997-02-21,male,Tanger,0763538476,2024-04-10,Facebook
CLI01982,Lamrani,Jamal,jamal-lamrani@gmail.com,1948-10-23,Homme,Rabat,0604233388,2026-01-27,Email
CLI00207,El Amrani,Laila,lailaelamrani70@menara.ma,2004-09-03,f,TETOUAN,0772846392,2023-02-10,Google SEO
CLI01804,Guerrouj,Yasmine,yasmine.guerrouj69@gmail.com,1967-10-04,F,Taza,0626572818,2023-10-24,Facebook
CLI03285,El Hamdouchi,Laila,lailaelhamdouchi@hotmail.com,1973-02-03,0,Nador,0652381547,2023-12-22,Recommandation
CLI03268,Drissi,Salma,salma.drissi@yahoo.fr,1949-04-21,0,Tanger,0789192944,2022-10-27,Direct
CLI02760,Berrada,Fouad,fouad_berrada69@menara.ma,1972-04-08,M,Marrakech,0777927969,2022-05-10,Email
CLI04938,El Fassi,Souad,souad.elfassi89@yahoo.fr,1991-12-08,Femme,Safi,0675719686,2024-01-24,Instagram
CLI04221,Boulahia,Nabil,nabil.boulahia@yahoo.fr,1957-04-29,m,Oujda,0644111397,2023-06-14,Email
CLI04662,Tahiri,Simo,simo.tahiri12@hotmail.com,1979-09-16,m,Oujda,0600273637,2024-12-29,TV
CLI00841,El Mansouri,Manal,manal-elmansouri@menara.ma,1994-09-11,Femme,Béni Mellal,0650596257,2023-08-12,Instagram
CLI02635,Benhaddou,Issam,issam.benhaddou40@yahoo.fr,1947-03-30,H,Casablanca,0795156992,2023-06-05,Facebook
CLI02472,Bouyahia,Aicha,aicha.bouyahia@hotmail.com,1957-04-28,F,Béni Mellal,0786979358,2023-02-02,Recommandation
CLI01850,El Amrani,Nour,nour-elamrani@menara.ma,1976-02-16,Femme,Tétouan,0761765589,2022-04-13,Facebook
CLI00139,Kettani,Souad,souadkettani@yahoo.fr,1999-07-15,F,Casablanca,0672151070,2026-03-18,Facebook
CLI04136,El Azzouzi,Hajar,hajar.elazzouzi@outlook.com,1972-04-27,female,Agadir,0688290311,2024-01-06,Affichage
CLI04531,Kettani,Younes,younes_kettani@menara.ma,1993-03-11,1,Marrakech,0680717809,2022-09-29,Affichage
CLI03499,El Andaloussi,Soufiane,soufianeelandaloussi9@menara.ma,1969-09-24,m,Casablanca,0744751245,2026-02-17,Direct
CLI02412,El Ghazi,Hamid,hamid_elghazi@gmail.com,1967-05-07,m,Fès,0632404961,2023-12-20,TV
CLI01744,Belkadi,Fatima,fatimabelkadi@outlook.com,1966-04-24,f,OUJDA,0667250280,2023-10-20,Google SEO
CLI92891,El Hamdouchi,Adil,adil-elhamdouchi56@yahoo.fr,1950-11-11,M,Fès,0726587503,2023-11-04,Instagram
CLI03823,El Bakkali,Issam,issam.elbakkali@menara.ma,1958-12-14,Homme,Rabat,0636071498,2025-01-25,Direct
CLI02616,El Hajjaji,Rim,rim.elhajjaji@menara.ma,1983-04-15,F,Rabat,0611731010,2024-11-22,TV
CLI00584,El Bakkali,Adil,adil.elbakkali53@hotmail.com,1955-10-30,1,Tanger,0709608587,2023-05-15,Recommandation
CLI01199,Errami,Laila,lailaerrami@outlook.com,1993-06-08,female,Taza,0668850162,2024-01-15,Direct
CLI00644,Drissi,Soufiane,soufianedrissi97@hotmail.com,1960-10-16,Homme,Meknès,0665062292,2024-07-22,Email
CLI04962,El Bakkali,Khalid,khalidelbakkali@yahoo.fr,1975-07-26,1,Marrakech,0725256088,2023-10-08,Recommandation
CLI03511,Bakkali,Rim,rim-bakkali20@yahoo.fr,1974-06-22,F,Rabat,0606486157,2024-07-17,Direct
CLI00940,Rhazouani,Rabha,rabha_rhazouani42@menara.ma,1962-07-17,Femme,Nador,0683507124,2025-10-16,TikTok
CLI01808,Bakkali,Hicham,hicham_bakkali27@yahoo.fr,1976-01-03,male,Rabat,0719736654,2022-12-21,Direct
CLI00292,Filali,Fouad,fouad-filali@outlook.com,1974-04-21,M,Tétouan,0684222231,2025-05-26,Google SEO
CLI02940,Guerrouj,Hajar,hajar.guerrouj@gmail.com,1890-01-01,0,Béni Mellal,0717258828,2023-01-06,Recommandation
CLI03301,Benjelloun,Reda,reda-benjelloun@outlook.com,1994-06-22,1,Tanger,0767793383,2023-04-03,TV
CLI02245,Lamrani,Malika,malikalamrani@hotmail.com,1963-10-10,F,Safi,0701093215,2025-06-17,Facebook
CLI04698,Benomar,Najat,najatbenomar@outlook.com,1951-07-18,F,Fès,0614444104,2025-08-19,Affichage
CLI03158,El Ouafi,Hassan,hassan.elouafi49@yahoo.fr,1980-11-22,H,Safi,0672917141,2022-10-03,Instagram
CLI02228,Boulahia,Meryem,meryem.boulahia@gmail.com,1969-08-24,0,Kenitra,0695171907,2025-12-17,Google SEO
CLI00765,Oulhaj,Zineb,zineb_oulhaj51@gmail.com,1972-08-27,F,Marrakech,0637341678,2024-10-14,Instagram
CLI03033,Zeroual,Widad,widad_zeroual@outlook.com,1999-04-07,0,Nador,0758638040,2023-04-16,Recommandation
CLI02005,El Andaloussi,Simo,simo_elandaloussi45@hotmail.com,1961-11-20,m,Marrakech,0644070806,2025-01-30,Email
CLI04707,Ziani,Souad,souad.ziani@hotmail.com,1976-11-13,0,CASABLANCA,0645307300,2024-05-25,Facebook
CLI00488,Drissi,Hafida,hafida.drissi76@hotmail.com,1995-04-13,f,Nador,0604254882,2022-08-18,Instagram
CLI00147,El Hajjaji,Omar,omarelhajjaji@hotmail.com,1946-11-10,Homme,Béni Mellal,0627104054,2023-08-24,Instagram
CLI00310,Berrada,Youssef,youssefberrada@outlook.com,1961-10-04,Homme,Nador,0727624671,2022-08-20,TV
CLI02207,Benjelloun,Ahmed,ahmed_benjelloun@outlook.com,1967-07-22,male,Agadir,0788649933,2023-01-14,TV
CLI02779,Ziani,Soufiane,soufianeziani@outlook.com,2004-08-02,male,Meknès,0736776396,2023-02-20,Influenceur
CLI01607,Guerrouj,Hicham,hicham-guerrouj75@hotmail.com,1995-06-15,male,Tétouan,0781414013,2023-02-18,Affichage
CLI02076,Lamrani,Hicham,hicham-lamrani@gmail.com,1999-01-27,1,Fès,0684178760,2022-09-05,Facebook
CLI00358,Bakkali,Malika,malikabakkali@gmail.com,1957-06-29,Femme,Oujda,0638249671,2023-03-24,Affichage
CLI01345,Mernissi,Souad,souad.mernissi@yahoo.fr,1982-06-04,female,Agadir,0687835733,2022-06-21,Affichage
CLI00894,Tahiri,Ahmed,ahmedtahiri@menara.ma,1979-06-22,Homme,El Jadida,0731916543,2022-06-01,Google SEO
CLI00441,Cherkaoui,Khalid,khalid_cherkaoui62@gmail.com,1954-02-26,H,Kenitra,0781001841,2026-01-07,Affichage
CLI02556,Oulhaj,Amine,amineoulhaj26@yahoo.fr,1962-02-06,m,Kenitra,0791861756,2025-07-30,Affichage
CLI02160,Naciri,Ali,alinaciri@outlook.com,1969-08-21,male,Béni Mellal,0752179005,2025-11-16,Email
CLI02031,El Bakkali,Hind,hind.elbakkali52@gmail.com,1981-01-25,f,Oujda,0770859426,2025-07-09,Affichage
CLI03594,Alaoui,Ayoub,ayoub-alaoui@outlook.com,1990-07-29,1,Taza,0768079810,2023-06-03,TikTok
CLI03370,Oulhaj,Zineb,zineb-oulhaj@yahoo.fr,1950-11-21,f,Meknès,0637119351,2022-10-18,Direct
CLI04976,Hajji,Amine,amine-hajji@yahoo.fr,1977-08-05,male,El Jadida,0723369971,2022-10-31,Direct
CLI01536,Drissi,Khadija,khadijadrissi@outlook.com,1960-09-29,Femme,RABAT,0623726432,2024-02-14,Google SEO
CLI01231,Bouyahia,Othmane,othmane_bouyahia@hotmail.com,1996-10-30,m,Meknès,0736470465,2022-12-18,Influenceur
CLI04847,Ziani,Houda,houdaziani78@outlook.com,1956-07-29,Femme,Agadir,0693492306,2023-03-04,Direct
CLI00516,El Hamdouchi,Samir,samir.elhamdouchi@gmail.com,1981-07-28,Homme,Kenitra,0680978875,2023-12-27,Recommandation
CLI00809,Oulhaj,Nassim,nassim_oulhaj@menara.ma,1995-07-02,male,Rabat,0720370878,2024-11-07,Facebook
CLI03959,El Hamdouchi,Samir,samir-elhamdouchi@gmail.com,1959-01-19,m,Tétouan,0789483286,2025-01-08,Recommandation
CLI04620,Mernissi,Nabil,nabil.mernissi@outlook.com,2006-02-03,M,Taza,0742533798,2024-10-03,Google SEO
CLI03312,Alaoui,Hanane,hanane_alaoui@menara.ma,1962-01-01,Femme,Taza,0651184264,2026-03-14,Instagram
CLI04076,Guerrouj,Zineb,zineb-guerrouj66@yahoo.fr,1954-06-22,0,AGADIR,0677884399,2024-05-15,TikTok
CLI02502,Cherkaoui,Samira,samira-cherkaoui38@gmail.com,1970-11-02,0,Rabat,0796349001,2024-09-01,TV
CLI01136,Bouyahia,Rania,rania.bouyahia@gmail.com,1984-05-22,F,Béni Mellal,0672607201,2023-07-18,Recommandation
CLI02888,Ksikes,Mohammed,mohammed-ksikes46@outlook.com,1957-11-24,1,Marrakech,0648891900,2025-03-22,Google SEO
CLI00012,Berrada,Badr,badr.berrada@hotmail.com,1962-07-24,m,Agadir,0653315869,2024-08-08,Facebook
CLI03167,El Ouafi,Jamal,jamal-elouafi@hotmail.com,1975-10-16,male,Safi,0666118570,2024-01-31,Google SEO
CLI02018,El Andaloussi,Yasmine,yasmineelandaloussi@hotmail.com,1948-09-18,Femme,OUJDA,0785902330,2024-06-09,TV
CLI04204,Lahlou,Sanaa,sanaa_lahlou34@yahoo.fr,1948-08-05,Femme,Tanger,0668981211,2023-08-19,Affichage
CLI02318,El Khamlichi,Chaimae,chaimae-elkhamlichi@yahoo.fr,1952-05-19,f,tétouan,0795080466,2024-03-19,Google SEO
CLI03464,Chraibi,Hanane,hananechraibi@menara.ma,1990-07-01,female,Béni Mellal,0623352358,2024-09-28,Recommandation
CLI02941,Berrada,Karim,karim.berrada@yahoo.fr,1999-02-09,Homme,eljadida,0621744756,2023-03-01,Email
CLI03000,Errami,Youssef,youssef.errami@menara.ma,1987-05-04,male,Fès,0681013624,2023-06-19,Google SEO
CLI01576,Alaoui,Othmane,othmane-alaoui@outlook.com,2003-12-17,male,Meknès,0689170052,2026-04-28,Facebook
CLI03700,Benali,Laila,laila.benali64@hotmail.com,1982-05-02,F,Kenitra,0610502725,2024-09-17,Direct
CLI00151,El Azzouzi,Laila,laila_elazzouzi@menara.ma,1980-08-03,f,Kenitra,0793741608,2023-12-26,TV
CLI02971,El Amrani,Reda,reda_elamrani48@gmail.com,1968-12-29,m,marrakesh,0667921271,2024-02-25,TV
CLI00220,El Azzouzi,Laila,laila-elazzouzi@outlook.com,1970-12-02,female,Kenitra,0647435031,2023-04-02,Email
CLI00379,Guerrouj,Naima,naima_guerrouj@hotmail.com,1992-08-05,0,Nador,0766907826,2024-10-01,Email
CLI03445,Cherkaoui,Najat,najat.cherkaoui@yahoo.fr,1992-04-14,Femme,Nador,0776238658,2024-04-22,Facebook
CLI03870,El Andaloussi,Tarik,tarikelandaloussi74@yahoo.fr,1973-05-21,M,Oujda,0756990336,2024-09-07,TikTok
CLI01443,Alaoui,Houssam,houssam.alaoui@hotmail.com,1981-06-22,Homme,Nador,0704240255,2024-05-26,TikTok
CLI03275,Rhazouani,Dounia,dounia.rhazouani@hotmail.com,1985-11-20,f,Tanger,0724503578,2025-10-19,Email
CLI02003,El Azzouzi,Nassim,nassim_elazzouzi@gmail.com,2008-10-09,M,beni mellal,0699784429,2025-11-30,Affichage
CLI93503,El Fassi,Ahmed,ahmed.elfassi@gmail.com,1988-12-21,M,Oujda,0741851996,2024-10-16,Affichage
CLI01402,Chakir,Simo,simo.chakir@yahoo.fr,1989-02-08,Homme,Kenitra,0700834761,2022-05-10,Facebook
CLI02120,Cherkaoui,Rabha,rabha_cherkaoui@yahoo.fr,2005-10-25,Femme,RABAT,0677889214,2023-10-14,Instagram
CLI02563,Ziani,Aicha,aicha_ziani@menara.ma,1994-07-06,female,Nador,0638265619,2026-04-01,Direct
CLI01485,Chraibi,Karim,karimchraibi@hotmail.com,1981-09-01,H,tanger,0603370089,2023-01-30,Recommandation
CLI04034,Idrissi,Ilham,ilhamidrissi@outlook.com,1978-05-20,0,tanger,0643361606,2026-04-04,Email
CLI02312,Bouyahia,Hanane,hanane_bouyahia@yahoo.fr,1970-09-07,0,Agadir,0687032217,2026-01-05,Direct
CLI01008,El Ghazi,Nadia,nadia.elghazi@hotmail.com,1977-02-28,female,Kénitra,0673202227,2024-01-28,Instagram
CLI04830,El Azzouzi,Issam,issam_elazzouzi@hotmail.com,1961-12-22,M,Nador,0639386308,2023-08-04,TikTok
CLI04840,El Mansouri,Nour,nourelmansouri1@hotmail.com,2000-06-18,Femme,Safi,0691310316,2022-10-17,Email
CLI01778,Benomar,Malika,@sansdomaine,1992-10-16,0,fes,0671618628,2025-05-26,Influenceur
CLI04421,Errami,Samir,samirerrami@gmail.com,1966-01-12,male,Meknès,0726519762,2024-01-25,Instagram
CLI02955,Lahlou,Btissam,btissamlahlou@yahoo.fr,1981-11-27,female,Fès,0788560694,2023-04-28,TikTok
CLI04995,Bouazza,Najat,najat-bouazza@menara.ma,2003-12-25,female,Kenitra,0617483836,2026-01-06,Instagram
CLI04584,Tazi,Btissam,btissam_tazi27@yahoo.fr,1996-10-21,f,Casablanca,0764606251,2024-07-28,Google SEO
CLI02136,Bouazza,Kawtar,kawtarbouazza89@gmail.com,1991-06-23,0,Tanger,0700574580,2023-10-14,Direct
CLI04528,Belkadi,Karim,karim.belkadi@gmail.com,1960-04-28,H,Taza,0685098181,2024-05-23,Recommandation
CLI03791,Benomar,Houssam,houssam-benomar@gmail.com,1950-05-12,1,Marrakech,0671530376,2024-03-05,Email
CLI03803,El Bakkali,Loubna,loubnaelbakkali@menara.ma,1967-03-08,Femme,Casablanca,0668495982,2023-10-02,Influenceur
CLI04730,Errami,Yasmine,yasmine-errami@menara.ma,1958-12-21,female,Tétouan,0742235029,2026-04-13,Instagram
CLI00426,Alaoui,Simo,simo_alaoui@menara.ma,2005-09-12,Homme,Tanger,0754510526,2024-05-03,TikTok
CLI03592,Lahlou,Anass,anass_lahlou@gmail.com,1946-01-25,Homme,Marrakech,0602639864,2024-12-18,TV
CLI01945,El Hajjaji,Mohammed,mohammed-elhajjaji@outlook.com,1950-03-16,male,fez,0795887089,2025-07-13,Recommandation
CLI03965,El Ghazi,Ali,alielghazi@yahoo.fr,1974-08-17,Homme,Fès,0704831821,2023-04-02,Instagram
CLI02663,Filali,Zakaria,zakariafilali@menara.ma,1997-10-03,M,Tétouan,0691773605,2025-06-11,Email
CLI04585,Idrissi,Widad,widad.idrissi@outlook.com,1965-12-13,female,Marrakech,0730123199,2023-12-14,TikTok
CLI01657,Bouyahia,Abdellatif,abdellatif_bouyahia63@outlook.com,1961-01-05,m,Nador,0716674078,2025-03-15,Affichage
CLI03070,Berrada,Nabil,nabilberrada17@hotmail.com,1989-06-16,H,Nador,0754138705,2022-05-30,TikTok
CLI03978,Alaoui,Soufiane,soufiane-alaoui15@gmail.com,1960-04-14,Homme,Tanger,0602927182,2026-02-27,Facebook
CLI00182,Chraibi,Abdellatif,abdellatif-chraibi65@menara.ma,1989-10-11,H,beni mellal,0655543987,2025-02-02,Affichage
CLI04098,Benali,Badr,badr.benali@menara.ma,1983-08-24,H,Safi,0798132212,2024-04-07,Recommandation
CLI02963,Filali,Khadija,khadijafilali76@outlook.com,1951-07-07,Femme,Casablanca,0688210760,2023-04-29,TikTok
CLI03245,Benkirane,Rachid,rachid.benkirane92@hotmail.com,1986-05-30,male,Casablanca,0640215308,2022-07-17,Google SEO
CLI00705,Benjelloun,Imane,imanebenjelloun@outlook.com,1959-05-21,Femme,El Jadida,0759202461,2024-07-01,Direct
CLI04430,Tazi,Widad,widad.tazi25@gmail.com,1957-02-27,0,Kenitra,0777873135,2025-06-24,Google SEO
CLI03709,El Andaloussi,Chaimae,chaimae.elandaloussi@yahoo.fr,1991-12-19,0,Nador,0654099229,2022-09-23,Email
CLI02724,Errami,Rabha,rabhaerrami@menara.ma,1983-08-26,Femme,Casablanca,0793735290,2022-11-19,Affichage
CLI00810,Tazi,Yasmine,yasmine.tazi70@yahoo.fr,2000-01-09,f,Kenitra,0721170889,2023-02-16,Recommandation
CLI02742,Hajji,Nassim,nassim.hajji@gmail.com,1973-06-11,m,Rabat,0631978958,2023-02-02,TV
CLI03419,El Amrani,Zakaria,zakaria_elamrani1@hotmail.com,2008-11-03,m,Marrakech,0784255614,2025-04-07,Instagram
CLI02786,Boulahia,Simo,simoboulahia@outlook.com,2005-04-11,Homme,El Jadida,0742382235,2024-12-06,TikTok
CLI04760,El Khamlichi,Manal,manalelkhamlichi95@outlook.com,1987-03-30,female,Taza,0779761857,2022-03-27,Recommandation
CLI01108,El Ghazi,Salma,salma.elghazi76@gmail.com,1994-01-18,Femme,Meknès,0634864970,2025-07-11,Email
CLI02462,Lahlou,Badr,badr_lahlou@hotmail.com,1974-01-25,male,El Jadida,0652151734,2024-06-01,Influenceur
CLI01072,El Hajjaji,Nour,nour.elhajjaji@hotmail.com,1959-04-25,female,Tanger,0763605028,2025-01-02,Instagram
CLI01912,Lamrani,Bilal,bilal_lamrani@yahoo.fr,1947-12-17,m,Fès,0797369701,2022-05-25,Influenceur
CLI00072,Moussaoui,Reda,reda.moussaoui@gmail.com,1958-11-14,1,TANGER,0702135569,2026-02-27,Google SEO
CLI00246,Idrissi,Badr,badr-idrissi45@hotmail.com,2006-02-22,M,Marrakech,0710162249,2022-12-13,TV
CLI00268,Bensouda,Othmane,othmanebensouda94@hotmail.com,1966-04-20,Homme,RABAT,0767478366,2026-01-14,Direct
CLI03426,Tazi,Rachid,rachid.tazi56@outlook.com,1947-07-10,Homme,Oujda,0663015277,2025-03-11,Email
CLI04588,Bouyahia,Driss,driss-bouyahia53@outlook.com,1999-07-05,Homme,Kenitra,0660065116,2022-09-26,Affichage
CLI03973,Lahlou,Loubna,loubna-lahlou70@menara.ma,1990-11-22,0,Nador,0676828742,2024-03-13,TikTok
CLI02262,Alaoui,Hafida,hafida_alaoui@yahoo.fr,1964-11-23,f,El Jadida,0790770455,2026-03-01,Email
CLI01709,Lahlou,Amine,amine-lahlou89@menara.ma,1890-01-01,male,Kénitra,0640636801,2025-12-23,TV
CLI02552,Belkadi,Sanaa,sanaa-belkadi25@menara.ma,1948-04-24,f,Meknès,0701381385,2024-11-23,Recommandation
CLI00282,El Hamdouchi,Naima,naimaelhamdouchi7@gmail.com,1988-02-21,female,EL JADIDA,0679956353,2025-12-07,Instagram
CLI01848,Drissi,Soufiane,soufianedrissi@gmail.com,1971-08-25,Homme,Casablanca,0699699154,2023-09-03,Affichage
CLI03839,Berrada,Yasmine,yasmine-berrada@gmail.com,1982-03-22,female,Taza,0703413590,2025-07-18,Direct
CLI00472,Mernissi,Ilham,ilham.mernissi42@gmail.com,1956-02-14,0,Agadir,0651050537,2024-03-31,TV
CLI01481,Bouyahia,Kawtar,kawtar_bouyahia@yahoo.fr,1954-03-13,0,Casablanca,0681794779,2024-10-13,TikTok
CLI00838,Kettani,Btissam,pasdearobase.com,1969-06-04,F,Nador,0720545967,2023-10-08,Instagram
CLI00343,Ksikes,Naima,naima.ksikes20@menara.ma,1996-05-13,0,Agadir,0680812135,2025-09-16,Facebook
CLI01830,Lahlou,Driss,drisslahlou59@menara.ma,1981-11-08,m,Marrakech,0691032318,2022-09-24,Influenceur
CLI03001,Zeroual,Mehdi,mehdi_zeroual@hotmail.com,1962-01-05,m,Taza,0763225054,2024-12-01,Influenceur
CLI04021,Chraibi,Youssef,youssef.chraibi@yahoo.fr,2008-10-06,m,Fès,0740489021,2024-10-21,Direct
CLI04444,El Khamlichi,Nadia,nadia-elkhamlichi@gmail.com,1986-08-30,f,Fès,0729926476,2025-08-17,TV
CLI04208,Tahiri,Tarik,tarik_tahiri@yahoo.fr,1950-05-15,1,Tanger,0740712989,2023-07-12,TV
CLI00879,El Azzouzi,Jamal,jamal_elazzouzi@menara.ma,1979-02-23,m,Taza,0730796373,2024-07-22,Instagram
CLI04818,Hajji,Rabha,rabha-hajji@hotmail.com,1969-10-05,0,Meknès,0656265859,2025-07-04,Influenceur
CLI02870,Rhazouani,Samira,samira.rhazouani72@menara.ma,1997-11-02,F,Tétouan,0700489656,2024-04-02,Google SEO
CLI04484,Ziani,Btissam,btissam-ziani31@outlook.com,2006-11-19,Femme,Oujda,0635389909,2023-11-16,Influenceur
CLI00520,El Bakkali,Aziz,aziz.elbakkali46@gmail.com,1952-10-23,H,Béni Mellal,0722981209,2024-09-16,TV
CLI01800,Alaoui,Tarik,tarik_alaoui@hotmail.com,1992-05-18,m,Kenitra,0732987340,2022-09-01,Instagram
CLI03911,Moussaoui,Imane,imanemoussaoui14@menara.ma,1962-04-08,Femme,Nador,0711926339,2024-09-29,Email
CLI01920,El Fassi,Rania,rania-elfassi@menara.ma,1997-10-05,Femme,Tétouan,0613511133,2025-08-13,Google SEO
CLI01544,El Moussaoui,Ilham,ilhamelmoussaoui@menara.ma,1984-12-14,F,Marrakech,0760332739,2023-12-09,TV
CLI01414,Fennich,Siham,siham.fennich@hotmail.com,1987-02-25,Femme,Safi,0661790670,2024-06-10,Instagram
CLI04888,Bouyahia,Aicha,aicha_bouyahia@hotmail.com,1979-02-14,female,Fès,0613191075,2022-05-22,Facebook
CLI02276,Oulhaj,Walid,walid.oulhaj@outlook.com,1993-02-25,M,Fès,0718757617,2024-05-18,Influenceur
CLI03603,El Ghazi,Latifa,latifa-elghazi@menara.ma,2003-02-24,F,Casablanca,0699923239,2022-09-06,Affichage
CLI03970,Alaoui,Othmane,othmane-alaoui@gmail.com,1997-12-20,M,Casablanca,0743571617,2026-04-05,Google SEO
CLI00793,Bensouda,Sara,sarabensouda@gmail.com,1969-03-21,0,Fès,0602929501,2025-06-02,Recommandation
CLI01187,Rhazouani,Kawtar,kawtar-rhazouani@gmail.com,2003-05-04,female,Nador,0642344730,2026-01-23,TikTok
CLI02562,El Ghazi,Loubna,loubnaelghazi@yahoo.fr,2000-08-16,Femme,Meknès,0658336597,2024-08-04,Recommandation
CLI00119,Idrissi,Amina,amina_idrissi@gmail.com,1985-10-28,female,Safi,0767721903,2024-01-15,Recommandation
CLI00391,El Khamlichi,Laila,laila-elkhamlichi@gmail.com,1970-05-10,0,Nador,0795013649,2022-08-23,Direct
CLI00936,Saidi,Laila,lailasaidi58@hotmail.com,1963-05-12,female,El Jadida,0761995305,2024-05-25,Influenceur
CLI03308,Kettani,Hanane,hananekettani2@gmail.com,1985-04-15,Femme,kenitra,0678005608,2022-07-20,Affichage
CLI02171,Bensouda,Aicha,aicha.bensouda@gmail.com,2001-07-19,0,Oujda,0636359114,2023-03-04,Facebook
CLI04819,El Azzouzi,Aziz,aziz.elazzouzi72@menara.ma,1968-10-02,Homme,Tanger,0759889341,2026-01-20,TV
CLI04956,El Fassi,Aziz,aziz.elfassi65@yahoo.fr,1954-11-04,H,Béni Mellal,0679792519,2024-10-18,Affichage
CLI02118,Lamrani,Khadija,khadija-lamrani44@yahoo.fr,1956-11-13,Femme,fes,0630016183,2023-04-14,Facebook
CLI03162,El Bakkali,Nadia,nadia-elbakkali@menara.ma,1976-02-01,F,Marrakech,0764273009,2025-11-18,Facebook
CLI03642,Benali,Badr,badr-benali@outlook.com,1993-09-18,M,Rabat,0739837453,2023-07-31,Direct
CLI01554,Alaoui,Manal,manal.alaoui@menara.ma,1969-05-14,0,OUJDA,0606820481,2022-08-10,Google SEO
CLI02914,Benali,Bilal,bilal.benali@gmail.com,2006-03-17,1,Nador,0616076210,2025-09-09,TV
CLI03395,Mernissi,Malika,incomplet,1973-12-18,F,Tanger,0626028700,2024-08-10,Direct
CLI02002,Lamrani,Siham,siham_lamrani@yahoo.fr,1955-09-07,female,Tanger,0777246497,2022-05-14,Facebook
CLI04751,El Fassi,Fouad,fouad.elfassi@yahoo.fr,1968-10-01,H,Marrakech,0699264369,2022-04-03,Google SEO
CLI02444,Errami,Salma,salmaerrami@outlook.com,1964-07-05,F,Marrakech,0638162266,2024-10-14,Recommandation
CLI02007,Ziani,Rabha,rabha.ziani99@yahoo.fr,1946-08-12,F,Oujda,0670507095,2022-10-08,Google SEO
CLI01217,Oulhaj,Naima,naima-oulhaj@hotmail.com,1956-10-06,female,Béni Mellal,0643888048,2025-05-12,TikTok
CLI01259,El Ghazi,Ali,ali.elghazi@outlook.com,1994-09-24,Homme,Taza,0726263678,2023-09-29,TikTok
CLI02767,Hajji,Nassim,nassim_hajji@menara.ma,1968-06-01,1,Kenitra,0673749099,2023-06-09,Recommandation
CLI03529,Saidi,Amina,amina_saidi@outlook.com,1972-01-18,0,Meknès,0711625352,2024-03-08,Facebook
CLI00828,Idrissi,Hanane,hanane-idrissi95@menara.ma,1948-11-27,F,Meknès,0678525482,2022-03-29,Recommandation
CLI01758,Bensouda,Manal,manal-bensouda@gmail.com,2000-11-22,female,meknès,0791361657,2023-07-19,Influenceur
CLI03951,Mernissi,Ilyas,ilyas.mernissi3@gmail.com,1974-06-09,male,El Jadida,0715076523,2025-07-11,Email
CLI03329,Benali,Hanane,hanane-benali@hotmail.com,1976-06-05,Femme,fez,0672635288,2022-11-26,Facebook
CLI02798,Belkadi,Yasmine,yasminebelkadi@hotmail.com,1968-03-14,F,Oujda,0685586793,2022-11-19,Instagram
CLI00361,Alaoui,Malika,malikaalaoui@menara.ma,1992-06-14,0,tanger,0668768118,2026-04-12,Google SEO
CLI03104,El Bakkali,Malika,malika.elbakkali@gmail.com,1953-03-26,female,Safi,0657903818,2022-04-02,Influenceur
CLI03932,El Hamdouchi,Issam,issam-elhamdouchi@hotmail.com,1960-06-20,M,kenitra,0771020378,2025-10-14,Influenceur
CLI04544,Cherkaoui,Samira,samira_cherkaoui29@gmail.com,1981-09-12,F,tanger,0602242793,2025-12-31,Instagram
CLI00287,Benjelloun,Meryem,meryem_benjelloun@outlook.com,2009-06-19,Femme,Tanger,0764989319,2023-05-10,TikTok
CLI04366,Ksikes,Rim,rimksikes@hotmail.com,1986-03-14,f,Fès,0748137026,2024-06-24,Affichage
CLI01132,Mernissi,Tarik,tarik.mernissi@yahoo.fr,1960-10-24,1,Marrakech,0762538096,2025-12-17,Influenceur
CLI02493,Benali,Salma,salmabenali87@menara.ma,1971-07-31,F,Oujda,0602981130,2022-05-23,Google SEO
CLI02500,Ziani,Siham,sihamziani@menara.ma,1950-08-24,Femme,Kenitra,0718193834,2023-09-15,Direct
CLI01308,Ziani,Rachid,rachid_ziani58@gmail.com,1985-08-24,H,Fès,0693768418,2026-01-03,Recommandation
CLI03296,El Fassi,Mehdi,mehdielfassi@menara.ma,1958-01-26,1,Fès,0641054589,2023-03-10,Influenceur
CLI00931,Tazi,Houssam,houssam_tazi35@yahoo.fr,1954-07-03,H,FES,0699074729,2024-08-29,Influenceur
CLI00966,Ziani,Ilham,ilhamziani2@hotmail.com,1990-08-05,Femme,mkch,0600953662,2026-01-07,Instagram
CLI04596,Benkirane,Samira,samira-benkirane90@yahoo.fr,1995-07-20,F,kénitra,0787499453,2026-02-03,Instagram
CLI03421,Filali,Mariam,mariam-filali@yahoo.fr,2007-12-26,f,Casablanca,0695898184,2026-04-17,Email
CLI00462,Ouazzani,Widad,widad_ouazzani@hotmail.com,1989-08-07,Femme,Safi,0749111109,2022-06-21,Influenceur
CLI00561,El Ouafi,Nabil,nabil-elouafi@yahoo.fr,2004-07-02,Homme,Tanger,0730624479,2024-10-20,TikTok
CLI03888,Ziani,Mehdi,mehdi-ziani@yahoo.fr,2015-06-01,m,Tétouan,0770411853,2023-05-12,TikTok
CLI03744,El Azzouzi,Issam,issamelazzouzi@outlook.com,1948-01-22,Homme,Oujda,0650211925,2022-08-12,Google SEO
CLI04022,Idrissi,Issam,issamidrissi@yahoo.fr,1949-03-16,M,Meknès,0739117228,2023-09-04,Email
CLI01197,Bouazza,Reda,reda_bouazza@menara.ma,1951-05-29,H,Nador,0731105833,2026-04-24,Google SEO
CLI97436,Drissi,Walid,walid.drissi9@outlook.com,1961-06-28,male,Béni Mellal,0765880434,2025-01-16,Instagram
CLI01049,Benomar,Chaimae,chaimaebenomar61@gmail.com,1958-10-31,f,FES,0639170263,2025-08-01,Recommandation
CLI01727,Ouazzani,Anass,anass-ouazzani@outlook.com,1946-02-24,male,Oujda,0798367607,2023-07-15,Recommandation
CLI00230,Saidi,Zineb,zinebsaidi@outlook.com,1995-01-14,0,Safi,0704805892,2026-04-08,TikTok
CLI01932,El Azzouzi,Driss,driss_elazzouzi@outlook.com,1975-05-11,male,meknes,0759930013,2022-03-30,Recommandation
CLI01069,Tahiri,Sara,sara.tahiri52@yahoo.fr,1980-02-08,female,Tanger,0772205397,2024-01-27,Google SEO
CLI04443,Naciri,Fouad,fouad_naciri@outlook.com,1975-09-05,m,Kenitra,0743681281,2022-08-31,Instagram
CLI02980,Ksikes,Malika,malikaksikes95@gmail.com,1985-06-12,female,Taza,0611137236,2022-10-22,Direct
CLI04292,Benjelloun,Nour,nour.benjelloun@yahoo.fr,1982-12-21,Femme,Safi,0719468787,2022-11-19,Instagram
CLI00779,Bensouda,Ilyas,ilyasbensouda@outlook.com,2005-04-29,m,El Jadida,0641052769,2025-06-29,Affichage
CLI03713,Guerrouj,Othmane,othmaneguerrouj@outlook.com,1958-09-14,H,Nador,0739122190,2025-08-19,Recommandation
CLI01842,El Bakkali,Chaimae,chaimae.elbakkali62@yahoo.fr,2000-06-20,Femme,Tanger,0719907466,2023-06-22,Influenceur
CLI03552,Berrada,Samira,samira_berrada53@gmail.com,2015-06-01,Femme,Béni Mellal,0678611407,2022-03-26,Influenceur
CLI02886,El Ghazi,Latifa,latifaelghazi@outlook.com,1998-12-06,f,Marrakech,0667704110,2024-09-03,Affichage
CLI04862,Chakir,Rim,rim_chakir@yahoo.fr,1970-11-17,F,Casablanca,0675438709,2023-03-10,Affichage
CLI03645,El Bakkali,Btissam,btissamelbakkali@hotmail.com,1985-05-17,f,Béni Mellal,0645242052,2025-07-09,Influenceur
CLI04967,Hajji,Btissam,btissam.hajji62@outlook.com,1979-05-18,F,Casablanca,0796167667,2025-11-02,Instagram
CLI03761,El Azzouzi,Hanane,hananeelazzouzi83@hotmail.com,1890-01-01,f,Rabat,0788604960,2025-11-02,Facebook
CLI01608,Oulhaj,Soufiane,soufiane-oulhaj22@menara.ma,1957-12-06,H,Nador,0617402098,2025-06-03,Recommandation
CLI01013,Zeroual,Younes,younes_zeroual@gmail.com,1981-07-08,male,tétouan,0629163504,2023-07-26,TV
CLI03476,El Bakkali,Rania,rania.elbakkali@outlook.com,1997-02-02,F,Fès,0627661639,2022-12-01,Affichage
CLI01877,Belkadi,Fatima,fatima.belkadi@outlook.com,1997-01-15,female,Marrakech,0791281501,2023-04-10,Influenceur
CLI03922,Tazi,Othmane,othmanetazi72@menara.ma,1946-09-19,m,Kenitra,0735944634,2023-07-23,Facebook
CLI04755,Benomar,Khadija,khadija_benomar@hotmail.com,1983-10-23,F,Marrakech,0760693712,2023-06-10,Instagram
CLI02014,Boulahia,Hajar,hajar_boulahia96@hotmail.com,1966-02-23,female,Oujda,0607579314,2023-04-24,Recommandation
CLI02468,El Moussaoui,Rim,rimelmoussaoui@menara.ma,1999-07-06,female,Meknès,0796999938,2023-03-10,Instagram
CLI99586,Zeroual,Reda,reda_zeroual@outlook.com,1971-09-01,M,Tétouan,0746146994,2026-01-14,Affichage
CLI00852,El Hajjaji,Zineb,zineb_elhajjaji@gmail.com,1952-07-07,Femme,Rabat,0692090855,2024-02-08,Instagram
CLI02835,Benjelloun,Aziz,aziz-benjelloun@hotmail.com,2004-04-28,H,TANGER,0774144201,2022-04-16,Affichage
CLI04264,El Hajjaji,Fatima,fatima.elhajjaji96@outlook.com,2005-02-18,female,Marrakech,0650961830,2025-02-11,Email
CLI04004,Filali,Badr,badr.filali@menara.ma,1955-09-28,m,Safi,0601253905,2024-08-24,Email
CLI04612,El Fassi,Ilyas,ilyas-elfassi@gmail.com,2002-05-06,male,Taza,0761220667,2025-09-23,Instagram
CLI02461,Saidi,Ilham,ilham-saidi39@yahoo.fr,1973-08-27,Femme,Béni Mellal,0774988396,2022-07-17,Affichage
CLI02832,Belkadi,Karim,karim-belkadi23@hotmail.com,1962-02-01,Homme,dar beida,0643698120,2024-01-07,Google SEO
CLI04458,Chraibi,Karim,karimchraibi@hotmail.com,1977-11-24,M,Agadir,0625551967,2025-11-08,TikTok
CLI04829,El Ouafi,Hamid,hamid_elouafi42@yahoo.fr,1955-01-13,H,El Jadida,0778738411,2026-04-22,Google SEO
CLI04159,Mernissi,Laila,laila-mernissi@gmail.com,1966-06-28,0,Nador,0766400720,2023-11-03,Email
CLI01395,Bensouda,Fouad,fouad-bensouda36@gmail.com,1978-04-12,m,Marrakech,0700844580,2024-02-21,Instagram
CLI02455,El Ghazi,Ghita,ghita-elghazi27@outlook.com,1947-01-29,F,Marrakech,0626059047,2025-12-31,Email
CLI03310,El Ghazi,Anass,anass_elghazi@hotmail.com,1981-02-05,Homme,Tétouan,0717863189,2025-09-13,Facebook
CLI03010,El Khamlichi,Amine,amine.elkhamlichi@menara.ma,1994-06-25,male,Nador,0676301911,2023-04-27,TikTok
CLI04629,El Azzouzi,Kawtar,kawtar_elazzouzi@gmail.com,1957-10-27,f,Taza,0690154401,2023-01-04,Recommandation
CLI02071,Benomar,Kawtar,kawtar_benomar42@yahoo.fr,1965-10-16,F,Casablanca,0668859266,2025-03-30,Email
CLI02323,Zeroual,Simo,simo.zeroual@gmail.com,2009-12-13,H,Safi,0697400597,2024-02-24,TikTok
CLI01348,Lamrani,Bilal,bilal.lamrani83@yahoo.fr,1971-11-23,male,Rabat,0751253807,2022-11-07,Affichage
CLI04055,El Hajjaji,Najat,najat.elhajjaji@outlook.com,1984-10-27,f,kénitra,0796879928,2026-03-28,Influenceur
CLI04558,Ksikes,Abdellatif,abdellatif-ksikes@gmail.com,1991-06-22,1,Tanger,0656347438,2023-03-29,Facebook
CLI02016,El Khamlichi,Amina,amina.elkhamlichi12@menara.ma,1995-04-25,f,Oujda,0607591445,2023-11-24,Influenceur
CLI03599,Drissi,Salma,salma-drissi72@outlook.com,1996-01-23,f,Casablanca,0728360696,2025-08-18,Influenceur
CLI01473,Bakkali,Fatima,fatima.bakkali@hotmail.com,1973-06-24,Femme,El Jadida,0604948414,2025-11-29,Facebook
CLI03614,El Mansouri,Issam,issam-elmansouri@gmail.com,1958-03-27,1,Safi,0717772166,2024-05-25,Recommandation
CLI01113,Ouazzani,Reda,reda_ouazzani28@gmail.com,1992-07-01,male,Safi,0615975729,2023-06-30,Facebook
CLI03060,Naciri,Samir,samir_naciri@hotmail.com,1980-11-12,m,nador,0778644829,2025-08-13,Influenceur
CLI02026,El Andaloussi,Rim,rim.elandaloussi@menara.ma,1979-10-31,f,TAZA,0790464494,2024-10-14,Google SEO
CLI01868,Ziani,Meryem,meryem_ziani@outlook.com,1953-05-06,female,Taza,0737982149,2023-05-31,Facebook
CLI01563,Saidi,Jamal,jamal_saidi@yahoo.fr,1987-03-11,1,Fès,0657668089,2022-08-12,TikTok
CLI00157,Benali,Rachid,rachid-benali@yahoo.fr,1953-02-19,male,Agadir,0641406029,2024-05-15,Email
CLI03898,Filali,Sanaa,sanaa.filali30@yahoo.fr,1961-03-30,0,Nador,0636012782,2024-08-10,Direct
CLI02638,Benhaddou,Khalid,khalid-benhaddou91@outlook.com,1996-03-22,Homme,Béni Mellal,0724171687,2023-01-14,Recommandation
CLI04798,Chraibi,Btissam,btissam_chraibi11@yahoo.fr,2001-03-02,f,Tétouan,0767576912,2023-10-11,Google SEO
CLI00210,Rhazouani,Badr,badr-rhazouani@hotmail.com,1990-09-11,Homme,Taza,0774489061,2025-07-30,Facebook
CLI00925,Kettani,Latifa,latifa.kettani@gmail.com,2004-11-21,Femme,Taza,0680582692,2023-05-13,TV
CLI04896,El Mansouri,Zakaria,zakaria.elmansouri@hotmail.com,1998-11-04,male,Tanger,0667615181,2023-12-06,TV
CLI01729,El Ghazi,Brahim,brahim.elghazi@menara.ma,1964-12-11,Homme,Taza,0751210184,2026-03-27,Facebook
CLI04665,Benjelloun,Walid,walid-benjelloun@hotmail.com,1993-02-19,m,Tanger,0770266079,2024-03-29,Google SEO
CLI04929,El Amrani,Nour,nourelamrani@gmail.com,1962-06-25,female,Oujda,0628897779,2023-03-11,Direct
CLI00377,El Andaloussi,Simo,simo_elandaloussi97@menara.ma,1999-12-09,M,agadir,0767766575,2026-02-06,Recommandation
CLI01991,Boulahia,Meryem,meryem_boulahia15@yahoo.fr,1946-08-17,0,Agadir,0766208407,2026-02-11,Affichage
CLI97219,Belkadi,Khadija,khadija_belkadi35@hotmail.com,1981-06-21,0,El Jadida,0764663971,2022-04-30,Affichage
CLI01248,Lahlou,Tarik,tarik_lahlou49@hotmail.com,1955-06-10,1,Fès,0648893343,2024-01-13,Direct
CLI01480,El Hamdouchi,Aicha,aicha.elhamdouchi@menara.ma,1979-12-26,Femme,El Jadida,0774876296,2022-06-08,TikTok
CLI02583,Ksikes,Meryem,meryemksikes45@menara.ma,2009-12-15,female,Meknès,0734410579,2023-11-07,Recommandation
CLI03877,El Andaloussi,Abdellatif,abdellatif-elandaloussi@menara.ma,1991-03-25,H,Safi,0746295672,2024-04-22,Email
CLI03963,El Azzouzi,Driss,drisselazzouzi55@gmail.com,1987-02-03,Homme,Agadir,0781794632,2024-07-09,TV
CLI03114,Boulahia,Rim,rimboulahia@outlook.com,1970-02-04,female,Fès,0687599058,2023-04-29,Affichage
CLI04447,Drissi,Mustapha,mustapha_drissi23@hotmail.com,1970-08-05,male,Taza,0634338132,2022-08-14,Google SEO
CLI02770,Lahlou,Othmane,othmane_lahlou@gmail.com,1890-01-01,1,Agadir,0745659925,2024-10-09,Google SEO
CLI04922,Guerrouj,Hanane,hananeguerrouj64@outlook.com,1991-09-25,female,Marrakech,0701216106,2023-08-10,Google SEO
CLI00030,Berrada,Adil,adil.berrada@outlook.com,2004-02-20,Homme,Fès,0686999386,2025-11-08,Direct
CLI04607,Rhazouani,Najat,najat.rhazouani@hotmail.com,2005-03-10,f,Meknès,0772007120,2023-12-16,Affichage
CLI03631,Benkirane,Houssam,houssam-benkirane53@hotmail.com,1956-09-15,H,Tétouan,0715235982,2023-05-03,Google SEO
CLI03526,Saidi,Simo,simo.saidi@yahoo.fr,1988-06-03,m,Kenitra,0681063551,2024-07-21,TV
CLI04583,Zeroual,Aicha,aicha.zeroual@yahoo.fr,1974-08-20,f,Tétouan,0765656663,2022-09-20,Email
CLI01118,Benomar,Ahmed,ahmedbenomar25@hotmail.com,1956-11-07,H,Meknès,0761025634,2024-03-19,Facebook
CLI04223,El Moussaoui,Imane,imane-elmoussaoui36@hotmail.com,1986-07-23,F,Fès,0710240975,2024-03-25,Facebook
CLI01986,El Moussaoui,Hassan,hassanelmoussaoui52@gmail.com,1945-06-08,Homme,Oujda,0642528465,2025-06-09,Affichage
CLI04065,Ksikes,Rim,@sansdomaine,1998-02-25,Femme,Tanger,0674619816,2024-09-21,Recommandation
CLI00183,El Azzouzi,Mohammed,mohammed_elazzouzi83@outlook.com,1979-04-24,m,Meknès,0784085887,2025-09-11,Direct
CLI03719,El Khamlichi,Jamal,jamalelkhamlichi@gmail.com,1984-01-03,H,Meknès,0669185361,2026-03-07,Google SEO
CLI00583,Bakkali,Latifa,latifa_bakkali99@gmail.com,2001-05-15,0,Taza,0732573755,2024-04-22,Email
CLI04652,Lamrani,Ahmed,ahmed-lamrani@menara.ma,2008-04-28,Homme,Tétouan,0721492614,2024-06-20,Facebook
CLI04239,Chakir,Hind,hind_chakir40@menara.ma,1965-06-24,0,Rabat,0741321460,2023-04-25,Direct
CLI00559,El Fassi,Hamid,hamidelfassi@outlook.com,1965-09-25,male,Tétouan,0701550291,2023-05-25,Influenceur
CLI03852,Tazi,Hanane,hanane.tazi79@outlook.com,1994-01-18,0,Rabat,0634429071,2024-11-23,Facebook
CLI04199,Boulahia,Siham,siham_boulahia83@hotmail.com,1967-10-15,female,Marrakech,0701288452,2023-01-13,TV
CLI00040,Cherkaoui,Hafida,hafida.cherkaoui@outlook.com,1997-09-24,F,Agadir,0645562386,2026-01-27,TV
CLI00549,El Andaloussi,Chaimae,chaimaeelandaloussi@menara.ma,1968-05-22,0,Rabat,0775512542,2026-04-15,Direct
CLI00703,Guerrouj,Mustapha,mustapha_guerrouj@outlook.com,1979-12-07,H,El Jadida,0601091217,2025-07-01,Facebook
CLI03233,Moussaoui,Mehdi,mehdi-moussaoui@outlook.com,1958-09-18,Homme,Meknès,0719994650,2025-03-12,Instagram
CLI03144,Bouazza,Malika,malikabouazza@gmail.com,1950-03-14,F,KENITRA,0602030433,2023-03-31,Google SEO
CLI04145,Benkirane,Naima,naima_benkirane@yahoo.fr,1956-03-10,Femme,Fès,0795800048,2024-03-15,TV
CLI04752,El Khamlichi,Hind,hind_elkhamlichi@hotmail.com,1958-03-20,female,Taza,0701795598,2024-07-14,TV
CLI03058,Zeroual,Fatima,fatima_zeroual@yahoo.fr,1987-08-28,0,Meknès,0753866881,2024-06-06,Recommandation
CLI01150,Ksikes,Nassim,nassim.ksikes82@gmail.com,1957-10-22,Homme,Oujda,0682076238,2025-10-08,Instagram
CLI03598,Zeroual,Meryem,meryem_zeroual@menara.ma,1946-01-20,0,Safi,0629845582,2022-04-23,Affichage
CLI00130,Mernissi,Reda,reda.mernissi@menara.ma,1990-12-20,male,Béni Mellal,0685691463,2025-03-11,Google SEO
CLI00548,El Fassi,Houssam,houssam-elfassi@outlook.com,1974-01-29,Homme,Casablanca,0643740182,2024-10-28,Direct
CLI96123,Guerrouj,Ilham,ilhamguerrouj31@yahoo.fr,1963-06-15,0,Rabat,0700698219,2023-01-09,Facebook
CLI03486,Berrada,Latifa,latifa_berrada@outlook.com,1999-01-05,f,El Jadida,0631386349,2023-01-14,Facebook
CLI04085,Oulhaj,Imane,imaneoulhaj53@menara.ma,1999-07-23,F,Taza,0793075047,2025-05-20,TikTok
CLI03767,Filali,Najat,najat-filali@gmail.com,1970-09-19,f,Nador,0627055440,2026-02-24,Facebook
CLI04709,Naciri,Rania,rania.naciri@hotmail.com,1996-05-12,F,Rabat,0632640116,2026-01-16,Influenceur
CLI03480,El Mansouri,Houda,houda.elmansouri21@outlook.com,1999-11-27,0,Béni Mellal,0731246740,2024-07-11,Google SEO
CLI01220,Oulhaj,Karim,karimoulhaj83@outlook.com,1890-01-01,male,Taza,0792651732,2022-07-23,Affichage
CLI02785,El Fassi,Ghita,ghitaelfassi@outlook.com,1977-09-15,0,El Jadida,0768073100,2025-11-23,Instagram
CLI02891,Naciri,Nadia,nadia_naciri@menara.ma,1945-07-05,Femme,Safi,0663827941,2025-11-28,Recommandation
CLI03770,Mernissi,Driss,driss_mernissi12@hotmail.com,1949-09-13,H,Rabat,0605939030,2026-04-08,Influenceur
CLI00234,El Hajjaji,Hanane,hananeelhajjaji@gmail.com,1983-01-29,0,Tétouan,0606980420,2023-08-16,Recommandation
CLI04900,Idrissi,Adil,adil_idrissi@outlook.com,1966-04-12,1,Casablanca,0631300781,2023-07-30,TikTok
CLI01463,Benali,Simo,simo-benali@yahoo.fr,1989-01-11,Homme,Kenitra,0736932380,2025-03-05,Google SEO
CLI00866,Oulhaj,Samir,samiroulhaj@hotmail.com,1974-11-27,H,Casablanca,0627200283,2022-08-24,TV
CLI02675,Benkirane,Abdellatif,abdellatif-benkirane55@menara.ma,1986-10-17,m,Tétouan,0673722917,2026-04-05,Influenceur
CLI01605,Benhaddou,Houda,houda.benhaddou@outlook.com,2001-10-24,F,Marrakech,0685413336,2023-11-20,Influenceur
CLI00468,Alaoui,Nour,nouralaoui@gmail.com,2007-10-08,0,Meknès,0757224029,2022-06-24,TV
CLI04587,Benomar,Badr,badr-benomar@yahoo.fr,2000-01-18,m,Rabat,0709416840,2023-08-30,Influenceur
CLI03243,El Fassi,Malika,malika.elfassi79@gmail.com,1988-06-18,0,Nador,0683922630,2022-09-15,Email
CLI03910,El Ouafi,Nour,nourelouafi41@gmail.com,1961-01-15,f,Meknès,0713121298,2026-01-19,Affichage
CLI02743,Bouazza,Siham,siham.bouazza@menara.ma,2001-05-05,f,Safi,0747830194,2025-07-15,Recommandation
CLI03688,Tahiri,Hicham,hichamtahiri76@gmail.com,1985-11-16,H,Meknès,0679876799,2023-09-02,Email
CLI03935,Ziani,Hamid,hamid_ziani@gmail.com,1982-07-08,H,Safi,0685891308,2025-11-07,TV
CLI02549,Benjelloun,Widad,widad-benjelloun@yahoo.fr,1982-01-19,F,Safi,0633450154,2025-05-30,Instagram
CLI03265,Kettani,Ali,ali.kettani@menara.ma,1982-03-08,H,tanger,0709623344,2023-02-25,Google SEO
CLI00604,Oulhaj,Ayoub,ayouboulhaj@hotmail.com,1976-03-22,M,Tétouan,0798609191,2023-03-10,TV
CLI00826,Boulahia,Amina,aminaboulahia@yahoo.fr,1969-07-07,Femme,Marrakech,0615848860,2025-05-04,Google SEO
CLI01645,Berrada,Jamal,jamalberrada48@gmail.com,2002-06-10,M,Béni Mellal,0739884427,2022-06-13,Affichage
CLI03027,Alaoui,Youssef,youssef_alaoui43@yahoo.fr,1997-10-02,1,Taza,0798061846,2024-04-19,Recommandation
CLI02881,Lamrani,Sanaa,sanaa-lamrani@gmail.com,1995-03-11,f,Oujda,0680077898,2023-08-04,Instagram
CLI01504,Fennich,Houssam,houssamfennich@menara.ma,1945-10-13,M,Kenitra,0649293285,2026-04-16,Google SEO
CLI02060,Tahiri,Hind,hind_tahiri@hotmail.com,2000-02-02,F,Rabat,0695417540,2025-04-15,Instagram
CLI04648,Fennich,Hicham,hicham_fennich@outlook.com,1961-02-04,male,Safi,0623689297,2025-02-20,TikTok
CLI00328,El Amrani,Walid,walid_elamrani@menara.ma,1977-03-16,M,El Jadida,0764494856,2024-10-03,Facebook
CLI04121,Tahiri,Amine,aminetahiri@hotmail.com,1973-12-21,M,Agadir,0628039098,2025-07-28,Affichage
CLI00796,Benhaddou,Nabil,nabil-benhaddou@outlook.com,1890-01-01,m,Béni Mellal,0781242114,2022-08-08,Google SEO
CLI02251,Ksikes,Samir,samirksikes@hotmail.com,2002-06-03,1,Safi,0726513420,2025-11-27,Recommandation
CLI02584,Lamrani,Youssef,youssef_lamrani@hotmail.com,1983-02-12,Homme,Nador,0783451995,2024-08-27,TikTok
CLI00902,Lahlou,Kawtar,kawtar-lahlou6@gmail.com,1971-12-25,female,Rabat,0690025121,2025-12-21,Email
CLI02554,El Amrani,Oumaima,oumaima-elamrani@outlook.com,1999-06-22,Femme,Safi,0775699906,2025-05-29,Google SEO
CLI04668,El Fassi,Laila,laila.elfassi@hotmail.com,1945-05-26,Femme,Béni Mellal,0640692471,2023-08-19,Instagram
CLI00455,Mernissi,Hind,hindmernissi@menara.ma,1993-09-27,0,Agadir,0668740903,2024-07-28,Affichage
CLI03148,El Ouafi,Ilham,ilham_elouafi@gmail.com,1983-11-20,0,Kenitra,0623543360,2025-03-04,Influenceur
CLI04468,Oulhaj,Mariam,mariam.oulhaj@yahoo.fr,1966-03-07,F,Fès,0790434207,2024-02-16,TikTok
CLI03739,Fennich,Hanane,hananefennich39@menara.ma,2005-10-31,f,Tanger,0705643290,2024-11-27,Google SEO
CLI01764,Chakir,Ayoub,ayoub_chakir@yahoo.fr,1953-02-06,Homme,Tétouan,0695468873,2022-04-06,Google SEO
CLI04916,Chraibi,Aicha,aicha-chraibi@gmail.com,1985-10-02,Femme,El Jadida,0723870703,2024-05-27,Email
CLI03726,El Amrani,Hind,hind-elamrani@hotmail.com,1977-01-06,Femme,Rabat,0696573515,2025-12-02,Recommandation
CLI00535,Bakkali,Kawtar,kawtar.bakkali@gmail.com,2000-10-28,female,rabat,0671067287,2025-08-26,Facebook
CLI02746,Saidi,Fouad,fouad.saidi@yahoo.fr,1961-02-03,M,Meknès,0741877689,2025-06-13,Influenceur
CLI03683,Oulhaj,Driss,driss_oulhaj@yahoo.fr,2006-11-10,M,Rabat,0643166518,2024-08-06,TV
CLI00231,Idrissi,Tarik,tarikidrissi@outlook.com,1946-04-06,M,Rabat,0717908641,2025-07-02,Influenceur
CLI03440,El Fassi,Samir,samir_elfassi@gmail.com,1945-08-28,H,Casablanca,0700749890,2022-08-19,Google SEO
CLI04630,Lamrani,Naima,naima_lamrani87@gmail.com,2003-10-17,F,El Jadida,0673135809,2024-12-01,TV
CLI01478,Mernissi,Karim,karimmernissi@menara.ma,2002-06-28,M,Rabat,0753839571,2026-03-23,Influenceur
CLI01717,Filali,Zineb,zineb-filali@gmail.com,1985-01-02,f,Fès,0728862335,2024-01-01,Direct
CLI03925,Bakkali,Ghita,ghita.bakkali@gmail.com,2008-02-09,Femme,Fès,0726512558,2025-10-19,TikTok
CLI00065,Kettani,Othmane,othmane-kettani62@yahoo.fr,1962-08-08,M,Marrakech,0624782613,2025-08-19,Direct
CLI03945,Tahiri,Siham,siham_tahiri90@outlook.com,1967-03-03,f,Kenitra,0782124023,2023-07-11,Affichage
CLI00400,El Mansouri,Chaimae,chaimae.elmansouri@gmail.com,1960-10-27,F,Taza,0726448869,2025-04-10,Recommandation
CLI02448,Kettani,Khadija,khadijakettani@hotmail.com,1957-03-27,Femme,KENITRA,0661834425,2023-11-14,Instagram
CLI02867,El Fassi,Ghita,ghita-elfassi@yahoo.fr,1987-11-06,Femme,Taza,0681940011,2025-08-27,Facebook
CLI01511,Chakir,Aziz,azizchakir@hotmail.com,1952-01-07,H,Safi,0790742941,2025-02-04,Recommandation
CLI03740,El Mansouri,Younes,younes.elmansouri@yahoo.fr,1987-08-30,1,El Jadida,0662298225,2023-12-01,Google SEO
CLI01519,Fennich,Nour,nour.fennich2@menara.ma,2004-05-24,female,Meknès,0778963558,2025-06-02,Direct
CLI03401,Hajji,Sara,sara-hajji77@hotmail.com,1997-03-04,f,Safi,0642158254,2022-08-18,TikTok
CLI02498,Bouyahia,Najat,najat.bouyahia@gmail.com,1987-07-07,F,Nador,0711858110,2022-07-21,Instagram
CLI00987,El Hajjaji,Othmane,othmane_elhajjaji60@menara.ma,1999-06-04,H,MEKNES,0661848974,2024-04-21,Facebook
CLI04820,El Azzouzi,Hassan,hassanelazzouzi@yahoo.fr,1980-03-08,Homme,Rabat,0748987749,2023-03-11,Affichage
CLI00762,Lahlou,Zineb,zineblahlou@outlook.com,1890-01-01,Femme,Safi,0760299140,2022-04-08,Influenceur
CLI04600,Belkadi,Oumaima,oumaima_belkadi@gmail.com,1951-08-04,F,Nador,0657514044,2024-08-21,Recommandation
CLI00458,El Hamdouchi,Sanaa,sanaaelhamdouchi23@yahoo.fr,2000-02-26,f,tetouan,0783420165,2022-05-04,Recommandation
CLI01855,El Ouafi,Amina,aminaelouafi62@hotmail.com,1992-02-21,Femme,Kenitra,0691502374,2025-05-18,Email
CLI03962,Hajji,Riad,riad_hajji@gmail.com,1960-10-16,Homme,Fès,0710179580,2025-01-23,Recommandation
CLI04381,Belkadi,Ghita,ghita.belkadi81@yahoo.fr,1971-09-25,Femme,Kenitra,0776126853,2024-09-16,Instagram
CLI04395,Chakir,Youssef,youssef.chakir@outlook.com,1986-03-13,M,Meknès,0776763917,2025-05-30,Instagram
CLI03011,Ouazzani,Sanaa,sanaaouazzani38@gmail.com,1996-05-09,f,Kenitra,0606456200,2023-03-12,TV
CLI04772,Benjelloun,Nour,nourbenjelloun@gmail.com,1999-10-10,F,Kenitra,0637320253,2023-08-09,TikTok
CLI00682,El Bakkali,Souad,souad_elbakkali@menara.ma,1980-02-26,female,Rabat,0738902199,2025-02-05,Recommandation
CLI02174,Chraibi,Souad,souad-chraibi@menara.ma,1962-03-20,0,Tétouan,0784676408,2025-04-20,TV
CLI02449,El Khamlichi,Aicha,aicha_elkhamlichi@yahoo.fr,1993-12-13,female,Fès,0784016170,2023-11-29,Influenceur
CLI01012,Fennich,Sara,sara-fennich@gmail.com,1954-02-28,Femme,MARRAKECH,0683906540,2024-12-23,Facebook
CLI00667,Ouazzani,Sanaa,sanaaouazzani@menara.ma,1948-05-05,0,Oujda,0781699570,2022-05-28,Influenceur
CLI03378,Idrissi,Houssam,houssam_idrissi@hotmail.com,1977-03-02,m,Taza,0634923212,2024-11-05,Recommandation
CLI00393,Oulhaj,Souad,souad.oulhaj98@hotmail.com,1994-12-03,female,Casablanca,0625743263,2022-11-09,Google SEO
CLI04379,Boulahia,Laila,laila.boulahia87@gmail.com,1946-09-25,Femme,RABAT,0794673852,2023-12-01,Facebook
CLI04547,El Hajjaji,Houda,houda_elhajjaji@yahoo.fr,1980-11-16,female,Rabat,0720476330,2023-12-03,Instagram
CLI00789,El Khamlichi,Amine,amine_elkhamlichi@hotmail.com,1983-12-01,M,Oujda,0773264309,2025-08-24,TikTok
CLI03897,Lahlou,Hind,hind.lahlou53@hotmail.com,1963-05-25,f,Oujda,0619430584,2026-04-03,Direct
CLI02359,El Khamlichi,Brahim,brahim.elkhamlichi@menara.ma,1965-09-28,M,Tétouan,0661301446,2026-02-05,Recommandation
CLI01609,Belkadi,Reda,redabelkadi@outlook.com,1971-08-11,H,Béni Mellal,0636759164,2025-04-14,Recommandation
CLI04826,Drissi,Dounia,douniadrissi@yahoo.fr,1975-04-26,f,Tanger,0642011970,2022-05-08,Facebook
CLI04044,Lamrani,Ilham,ilham.lamrani35@menara.ma,1950-11-08,Femme,Béni Mellal,0711952665,2024-11-15,Email
CLI03179,El Bakkali,Ghita,ghita-elbakkali@gmail.com,1951-03-07,Femme,Nador,0619279006,2023-08-11,Affichage
CLI00911,El Moussaoui,Latifa,latifaelmoussaoui@hotmail.com,1949-07-03,F,TETOUAN,0659095668,2025-12-21,Recommandation
CLI03737,El Amrani,Houda,houdaelamrani@menara.ma,1980-01-15,0,marrakesh,0761355220,2022-08-26,Facebook
CLI03225,Lahlou,Hafida,hafidalahlou@gmail.com,1980-08-29,Femme,Kenitra,0799189034,2023-04-19,Direct
CLI00785,Lahlou,Mehdi,mehdi-lahlou83@menara.ma,2009-06-20,m,Taza,0683647238,2026-04-15,Direct
CLI00928,Chraibi,Nassim,nassim_chraibi@hotmail.com,2001-08-11,male,Tanger,0777610659,2022-05-28,Facebook
CLI01055,Zeroual,Rania,rania-zeroual@menara.ma,1979-01-24,Femme,dar beida,0777925604,2024-02-03,Instagram
CLI01928,Filali,Hanane,hanane.filali@hotmail.com,1890-01-01,F,TANGER,0661892004,2022-09-04,TikTok
CLI04568,Moussaoui,Nadia,nadia-moussaoui@menara.ma,2015-06-01,f,Fès,0769708632,2022-10-31,TV
CLI00044,Kettani,Yasmine,yasmine-kettani@menara.ma,1963-08-20,F,Taza,0745171236,2024-11-21,Affichage
CLI00434,Tahiri,Latifa,latifa_tahiri@outlook.com,1984-08-12,female,EL JADIDA,0785571617,2023-12-27,Influenceur
CLI01276,El Fassi,Hajar,hajar.elfassi@outlook.com,1959-02-21,F,Béni Mellal,0720834791,2023-02-22,Google SEO
CLI00451,Bakkali,Rabha,rabha-bakkali11@gmail.com,2004-07-23,F,Casablanca,0705468356,2024-07-26,TikTok
CLI02603,Tahiri,Widad,widad.tahiri@gmail.com,1996-02-15,0,Nador,0680784424,2024-04-19,Influenceur
CLI01165,Zeroual,Amina,amina-zeroual45@hotmail.com,1983-03-05,female,Safi,0778145647,2022-09-06,Recommandation
CLI01453,El Azzouzi,Driss,driss-elazzouzi@yahoo.fr,1969-07-22,male,Tétouan,0712325460,2023-08-26,Instagram
CLI02579,Berrada,Loubna,loubna-berrada47@menara.ma,1995-10-10,female,Casablanca,0707911729,2024-02-02,Facebook
CLI00090,Belkadi,Soufiane,soufiane_belkadi@gmail.com,1998-02-04,Homme,Tanger,0763745499,2024-12-09,Google SEO
CLI04050,Filali,Hassan,hassan-filali@hotmail.com,1957-12-08,Homme,Casablanca,0621133407,2026-01-12,Affichage
CLI00197,Belkadi,Najat,najatbelkadi@hotmail.com,1987-09-11,female,Kenitra,0617298068,2023-05-09,Influenceur
CLI03730,Belkadi,Laila,laila-belkadi20@hotmail.com,1984-10-30,F,El Jadida,0705204882,2024-10-16,TikTok
CLI00019,Bakkali,Dounia,dounia_bakkali@outlook.com,1945-10-16,female,NADOR,0774348734,2025-06-10,Direct
CLI03712,Fennich,Meryem,meryem_fennich@hotmail.com,1996-05-04,f,Casablanca,0601132633,2026-03-27,TV
CLI02201,Mernissi,Youssef,youssef.mernissi81@menara.ma,1946-03-27,Homme,Fès,0778490321,2023-04-29,Direct
CLI02973,El Azzouzi,Souad,souad_elazzouzi75@menara.ma,1958-02-02,F,Nador,0643625691,2026-03-25,TikTok
CLI02761,Saidi,Samir,samir_saidi@gmail.com,1963-06-20,m,Nador,0630434948,2024-05-04,Instagram
CLI01904,El Ghazi,Ilyas,ilyas.elghazi@outlook.com,1979-03-25,H,Casablanca,0642412484,2025-09-11,TikTok
CLI03993,Ksikes,Hanane,hanane-ksikes@hotmail.com,1989-01-12,f,Safi,0778321684,2025-05-30,Recommandation
CLI00047,Lamrani,Sara,sara_lamrani@hotmail.com,1979-11-10,f,Agadir,0664317139,2022-09-19,Google SEO
CLI04092,Drissi,Hassan,hassandrissi@hotmail.com,1981-05-12,1,El Jadida,0692093829,2023-02-17,Influenceur
CLI02231,Bakkali,Hamid,hamid-bakkali35@hotmail.com,1982-11-26,1,Béni Mellal,0779883686,2025-04-01,Email
CLI01921,Kettani,Kawtar,kawtar_kettani34@gmail.com,1958-07-28,0,El Jadida,0623222320,2024-09-18,Affichage
CLI04799,Alaoui,Naima,naima_alaoui74@hotmail.com,1991-10-28,female,Safi,0725458728,2023-01-02,Instagram
CLI03230,El Andaloussi,Btissam,btissam.elandaloussi@outlook.com,1990-11-04,female,Safi,0677269252,2022-08-16,Email
CLI01702,El Andaloussi,Anass,anass.elandaloussi64@yahoo.fr,1971-10-06,m,Tanger,0702728204,2022-10-27,Google SEO
CLI00670,Kettani,Siham,sihamkettani50@outlook.com,1987-11-01,f,Tétouan,0737112229,2022-07-03,TV
CLI99649,El Ghazi,Hajar,hajar_elghazi99@gmail.com,2004-03-20,0,Meknès,0670554565,2026-01-07,Instagram
CLI02199,Hajji,Salma,salmahajji92@outlook.com,1890-01-01,Femme,Safi,0683069250,2026-01-22,TV
CLI03215,Alaoui,Reda,reda-alaoui@gmail.com,2002-10-14,1,Rabat,0782725639,2023-06-19,Email
CLI01027,Tazi,Mohammed,mohammed-tazi@hotmail.com,1998-12-13,m,Tétouan,0762702660,2026-04-04,Recommandation
CLI00958,Filali,Fouad,incomplet,2006-01-31,Homme,Tanger,0727636281,2025-02-17,Recommandation
CLI03005,Tazi,Aicha,aicha.tazi@hotmail.com,1985-09-17,F,Kenitra,0709642938,2024-02-26,TikTok
CLI03863,Chraibi,Kawtar,kawtarchraibi@outlook.com,1952-06-04,F,marrakech,0789365748,2025-03-09,TikTok
CLI02441,El Khamlichi,Driss,drisselkhamlichi@menara.ma,2005-06-04,Homme,Tanger,0789538157,2026-02-26,TikTok
CLI01177,Alaoui,Zakaria,zakaria-alaoui@outlook.com,1962-05-07,M,Rabat,0771360549,2022-06-16,Recommandation
CLI00730,Tazi,Badr,badr.tazi@gmail.com,2007-05-31,male,SAFI,0623332470,2025-01-07,Direct
CLI02587,Lahlou,Mariam,mariam.lahlou@menara.ma,1988-05-01,female,Tétouan,0620925210,2026-04-23,TV
CLI03129,El Khamlichi,Ilyas,ilyas.elkhamlichi57@menara.ma,1963-02-10,M,FES,0732013065,2024-09-15,Email
CLI02807,Ziani,Rim,rim_ziani25@outlook.com,1947-02-23,0,Safi,0704401217,2025-05-02,Affichage
CLI01433,Bouyahia,Btissam,btissambouyahia56@hotmail.com,1999-09-17,0,tanja,0692676988,2024-10-23,TV
CLI02034,El Ouafi,Tarik,tarik-elouafi@yahoo.fr,1998-01-25,M,Taza,0756280733,2023-02-07,TikTok
CLI04806,Tazi,Khadija,khadijatazi@gmail.com,1973-10-04,f,Marrakech,0666520410,2024-10-13,Facebook
CLI01366,Rhazouani,Othmane,othmane.rhazouani12@gmail.com,1945-08-05,m,Béni Mellal,0656924768,2023-01-29,Affichage
CLI03859,El Khamlichi,Khalid,khalid-elkhamlichi14@yahoo.fr,1955-02-19,m,Rabat,0619864471,2025-08-04,Email
CLI03128,Benhaddou,Rim,rimbenhaddou@hotmail.com,1952-12-11,Femme,Rabat,0791102984,2023-02-07,TV
CLI04908,El Moussaoui,Dounia,dounia_elmoussaoui81@hotmail.com,1987-12-24,0,Fès,0799879045,2025-10-01,Recommandation
CLI01267,Filali,Siham,siham.filali12@yahoo.fr,1960-11-07,f,Taza,0647852474,2024-12-19,Recommandation
CLI00277,Hajji,Siham,siham.hajji@outlook.com,2005-01-03,Femme,Tanger,0717929111,2022-10-14,Direct
CLI95277,El Ouafi,Simo,simoelouafi@yahoo.fr,2002-01-31,Homme,Agadir,0696839484,2025-10-08,Facebook
CLI01089,Benhaddou,Abdellatif,abdellatif-benhaddou@hotmail.com,1954-12-20,m,Marrakech,0712128981,2023-01-08,Instagram
CLI04426,El Ghazi,Sanaa,sanaa-elghazi@hotmail.com,1949-06-23,female,Taza,0618833658,2025-09-17,TV
CLI00969,Fennich,Ayoub,ayoub-fennich@menara.ma,2001-09-08,m,Meknès,0623442252,2024-12-16,Instagram
CLI01539,Bouyahia,Ilham,ilhambouyahia@hotmail.com,1945-11-10,0,Marrakech,0636447026,2023-01-07,Email
CLI00136,Ziani,Ali,ali-ziani73@outlook.com,2002-09-28,H,Nador,0765574313,2024-11-13,Facebook
CLI02704,Guerrouj,Reda,redaguerrouj@menara.ma,2001-11-13,1,Fès,0637858144,2023-08-03,Facebook
CLI00288,Bouyahia,Omar,omar_bouyahia47@gmail.com,1950-07-09,H,Agadir,0683253817,2023-03-14,TV
CLI04578,Berrada,Bilal,bilal-berrada@gmail.com,1972-08-31,male,Agadir,0795605607,2024-10-25,Email
CLI01852,Saidi,Hind,hindsaidi@yahoo.fr,1989-10-13,F,Fes,0745507283,2023-07-15,Instagram
CLI00939,El Khamlichi,Hamid,hamid_elkhamlichi@menara.ma,1949-03-12,m,Nador,0619053347,2025-04-19,Google SEO
CLI01152,El Hajjaji,Btissam,btissam.elhajjaji@hotmail.com,1996-05-14,0,Nador,0735722892,2026-03-02,Google SEO
CLI00201,Bouyahia,Younes,younes.bouyahia@hotmail.com,2010-03-21,male,Casablanca,0643519066,2023-11-22,TV
CLI04957,Benjelloun,Othmane,othmanebenjelloun@menara.ma,1987-07-16,male,Béni Mellal,0647457374,2023-04-23,Recommandation
CLI04074,El Ghazi,Sara,sara.elghazi@outlook.com,2003-09-11,F,Kenitra,0673980998,2025-04-13,Affichage
CLI02084,El Ouafi,Meryem,meryem_elouafi50@gmail.com,1946-06-29,0,Rabat,0798816103,2023-06-08,Direct
CLI02827,Kettani,Meryem,meryem.kettani@gmail.com,1955-07-05,Femme,nador,0617456589,2024-03-29,Affichage
CLI01894,El Azzouzi,Aziz,azizelazzouzi@hotmail.com,1890-01-01,male,Marrakech,0779888921,2023-07-28,Email
CLI02789,El Andaloussi,Younes,youneselandaloussi94@hotmail.com,1985-05-13,Homme,Meknès,0643288589,2026-04-11,TV
CLI01974,El Ghazi,Abdellatif,abdellatifelghazi@gmail.com,1947-05-03,male,Fès,0759044790,2022-07-02,TikTok
CLI04866,Lahlou,Walid,walidlahlou@yahoo.fr,2007-02-09,male,Nador,0668580848,2023-10-18,TV
CLI02488,Lamrani,Houssam,houssam-lamrani54@outlook.com,1987-02-21,1,rabat,0641096615,2022-05-07,TV
CLI02274,Zeroual,Aicha,aichazeroual@outlook.com,2015-06-01,F,Fès,0724645604,2025-05-22,Affichage
CLI02894,Tazi,Hind,hind.tazi97@menara.ma,1964-08-14,F,Kenitra,0760882323,2022-04-01,TikTok
CLI02673,El Ghazi,Badr,badrelghazi44@hotmail.com,1949-06-18,Homme,Agadir,0612272544,2025-05-09,TV
CLI04940,Filali,Younes,younes_filali@yahoo.fr,1951-05-26,1,Nador,0641124788,2025-01-29,Direct
CLI04678,Zeroual,Fatima,fatimazeroual@menara.ma,2003-08-14,0,Béni Mellal,0622700261,2024-02-15,Influenceur
CLI00782,Berrada,Fouad,fouad.berrada@outlook.com,2007-02-27,H,Rabat,0753931321,2026-02-03,TikTok
CLI01297,Drissi,Hind,hinddrissi@gmail.com,2004-03-12,female,Oujda,0649431487,2023-09-28,Facebook
CLI04942,El Hajjaji,Yasmine,yasmineelhajjaji@menara.ma,1966-01-24,female,Tanger,0793393093,2023-08-06,Influenceur
CLI02447,Zeroual,Ghita,ghitazeroual22@menara.ma,1965-08-23,f,TANGER,0613574087,2024-10-19,Recommandation
CLI04608,Bouyahia,Tarik,tarik-bouyahia20@yahoo.fr,1969-12-22,M,Fès,0648536819,2022-04-11,Google SEO
CLI04533,Tazi,Rim,rimtazi@hotmail.com,1956-03-28,0,Marrakech,0720584708,2025-02-05,TikTok
CLI01378,El Bakkali,Abdellatif,abdellatif-elbakkali@gmail.com,1994-10-24,Homme,Kenitra,0654646398,2023-01-14,TV
CLI04950,Drissi,Souad,souad.drissi@gmail.com,1974-09-28,female,Kenitra,0754277221,2023-12-05,Recommandation
CLI04980,El Moussaoui,Reda,reda.elmoussaoui@menara.ma,1978-03-10,1,Oujda,0738805285,2025-02-15,Google SEO
CLI01644,Saidi,Hind,hind-saidi@menara.ma,1998-09-29,0,RABAT,0770792625,2025-01-31,Instagram
CLI02226,Cherkaoui,Salma,salma.cherkaoui40@menara.ma,1950-08-03,F,Oujda,0786707167,2024-11-20,Instagram
CLI04779,Filali,Omar,omarfilali@hotmail.com,1890-01-01,male,Casablanca,0625053034,2024-04-29,Influenceur
CLI03818,Boulahia,Jamal,jamalboulahia@hotmail.com,2000-08-20,M,El Jadida,0717530972,2023-03-22,Google SEO
CLI04605,Ziani,Driss,driss-ziani@hotmail.com,1973-07-08,1,Tanger,0646744846,2023-08-01,TV
CLI02796,El Ouafi,Brahim,brahim.elouafi27@outlook.com,1976-04-16,H,Marrakech,0632630150,2024-06-25,Affichage
CLI01730,Guerrouj,Meryem,meryem_guerrouj@gmail.com,1993-12-19,Femme,Béni Mellal,0656535243,2024-05-17,Direct
CLI04386,Ksikes,Anass,anass_ksikes@hotmail.com,1951-03-26,1,Casablanca,0657499647,2023-07-13,Facebook
CLI00876,Lamrani,Dounia,dounia_lamrani@outlook.com,1951-10-28,Femme,FES,0735365974,2024-10-29,Influenceur
CLI02299,Ouazzani,Driss,driss_ouazzani@menara.ma,1993-07-04,m,Tétouan,0728554179,2025-12-27,Email
CLI01650,Naciri,Meryem,meryem-naciri@menara.ma,1987-04-02,Femme,Rabat,0707721434,2026-04-07,Affichage
CLI03306,Bensouda,Hind,hindbensouda40@yahoo.fr,1999-02-14,F,Kenitra,0627209935,2023-02-22,Facebook
CLI04122,Tahiri,Mohammed,mohammed-tahiri40@yahoo.fr,1973-10-01,M,Marrakech,0778726856,2024-11-14,TikTok
CLI02961,Ouazzani,Hind,hind-ouazzani@gmail.com,1974-07-31,0,El Jadida,0673276199,2025-12-05,Google SEO
CLI01188,El Azzouzi,Anass,anasselazzouzi80@outlook.com,1956-03-19,male,Meknès,0796566764,2025-09-22,Google SEO
CLI00068,Ouazzani,Samir,samir.ouazzani@menara.ma,1957-02-13,1,Casablanca,0667065405,2024-04-23,Instagram
CLI04077,El Hamdouchi,Ahmed,ahmed.elhamdouchi79@menara.ma,1982-11-26,male,Béni Mellal,0728790597,2023-12-14,Email
CLI03883,Tahiri,Najat,najat_tahiri@yahoo.fr,1988-02-27,female,Taza,0759701190,2025-09-08,Affichage
CLI00170,Lamrani,Bilal,bilallamrani@outlook.com,1989-03-15,Homme,Casablanca,0797972965,2025-06-09,TV
CLI03073,Alaoui,Sanaa,sanaa-alaoui@outlook.com,1966-02-04,Femme,Oujda,0622695143,2023-02-20,Influenceur
CLI00034,Naciri,Hicham,hichamnaciri75@yahoo.fr,1954-06-29,Homme,Agadir,0712567468,2024-01-16,Google SEO
CLI02399,Lamrani,Hafida,hafida_lamrani@yahoo.fr,1992-03-13,Femme,Fès,0612558877,2023-08-05,Recommandation
CLI03159,Chakir,Widad,widad_chakir@menara.ma,1945-12-24,female,kénitra,0663134946,2022-10-13,Google SEO
CLI00615,El Amrani,Adil,adil-elamrani@yahoo.fr,1980-11-15,Homme,fez,0684090805,2023-10-19,Instagram
CLI03593,Oulhaj,Hafida,hafidaoulhaj@gmail.com,1969-12-19,0,Rabat,0640917089,2025-05-18,TikTok
CLI02227,Fennich,Ilyas,ilyas_fennich@outlook.com,1967-09-26,male,Rabat,0609341373,2024-07-24,Recommandation
CLI00871,Kettani,Oumaima,oumaima.kettani@outlook.com,1946-04-24,f,Nador,0770636219,2023-12-28,Affichage
CLI02302,Oulhaj,Nadia,nadia.oulhaj@outlook.com,1965-03-28,f,Nador,0646150411,2025-05-19,Direct
CLI02149,Fennich,Youssef,youssef-fennich67@outlook.com,1959-11-23,m,Safi,0600805701,2023-07-26,TV
CLI00482,Chraibi,Amine,amine.chraibi@gmail.com,1976-01-13,m,El Jadida,0766134732,2022-11-08,Email
CLI02023,Cherkaoui,Salma,salmacherkaoui@menara.ma,1987-09-26,female,Fès,0609715475,2022-06-06,TV
CLI97068,El Ouafi,Tarik,tarik-elouafi@yahoo.fr,1998-01-25,M,Taza,0756280733,2023-02-07,TikTok
CLI04654,Errami,Manal,manal-errami@hotmail.com,1990-04-11,F,El Jadida,0667520186,2024-05-14,Google SEO
CLI94752,Filali,Hamid,hamidfilali79@outlook.com,1981-12-06,M,Meknès,0613109862,2022-07-07,Recommandation
CLI00967,El Moussaoui,Mehdi,mehdi.elmoussaoui@gmail.com,1949-07-16,Homme,Rabat,0790073971,2024-12-19,Email
CLI01574,Ziani,Hind,hind_ziani@outlook.com,1978-01-05,Femme,Safi,0774715203,2025-11-03,TikTok
CLI01953,Saidi,Soufiane,soufiane.saidi@yahoo.fr,1989-10-06,M,Safi,0783726877,2022-08-30,TV
CLI01866,El Khamlichi,Dounia,dounia-elkhamlichi@menara.ma,1954-02-25,Femme,El Jadida,0708840755,2025-10-28,Email
CLI02884,Oulhaj,Jamal,jamal_oulhaj@hotmail.com,1987-11-05,M,Béni Mellal,0658496200,2024-06-12,Email
CLI04841,Benhaddou,Riad,riad.benhaddou@menara.ma,2004-05-14,H,Safi,0788569344,2024-10-01,Google SEO
CLI01557,Berrada,Zineb,zinebberrada@menara.ma,1972-01-02,female,Béni Mellal,0704884915,2022-07-19,Google SEO
CLI92428,Bouazza,Younes,younes-bouazza@outlook.com,1958-12-04,M,el jadida,0609251142,2025-07-24,Influenceur
CLI03891,El Azzouzi,Jamal,jamal-elazzouzi88@yahoo.fr,1965-09-29,m,Meknès,0724834831,2024-09-09,Instagram
CLI02536,Errami,Karim,karim.errami@gmail.com,1952-09-07,M,Fès,0626073478,2026-01-27,Recommandation
CLI00845,Ouazzani,Youssef,youssef-ouazzani@gmail.com,1992-03-07,1,El Jadida,0601635640,2026-05-01,Direct
CLI01766,El Amrani,Fouad,fouad_elamrani41@outlook.com,1951-05-15,m,Tanger,0673885467,2022-07-26,Email
CLI02479,El Hamdouchi,Amine,amineelhamdouchi@yahoo.fr,1986-11-05,Homme,Safi,0653330032,2026-02-18,TikTok
CLI04189,Lahlou,Kawtar,kawtar.lahlou@gmail.com,1956-12-31,female,Tétouan,0706752475,2023-01-12,Google SEO
CLI04816,El Andaloussi,Tarik,tarikelandaloussi22@gmail.com,1994-06-30,1,Marrakech,0766045894,2023-12-11,TikTok
CLI04087,Benomar,Nadia,nadiabenomar@yahoo.fr,1959-01-03,female,TANGER,0743976210,2024-07-02,Affichage
CLI03254,Bensouda,Brahim,brahim-bensouda@hotmail.com,1959-07-23,1,Casablanca,0789960993,2022-10-10,Facebook
CLI00634,Tazi,Laila,laila-tazi@hotmail.com,1958-02-27,female,Nador,0612710267,2024-10-03,Influenceur
CLI03697,Zeroual,Salma,salma_zeroual92@menara.ma,1948-06-08,f,Agadir,0796826069,2024-04-01,Facebook
CLI01078,Ouazzani,Laila,laila.ouazzani@yahoo.fr,2002-10-29,0,Fès,0747940645,2025-02-27,Email
CLI04413,El Bakkali,Walid,walid_elbakkali@yahoo.fr,1988-01-22,1,Marrakech,0673191975,2025-12-16,Influenceur
CLI03989,Zeroual,Ali,ali.zeroual@gmail.com,1958-01-16,1,Kenitra,0660223779,2024-04-10,TV
CLI01525,Benali,Rim,rim.benali@gmail.com,1983-06-23,Femme,Oujda,0785861888,2022-12-20,Instagram
CLI00200,Benkirane,Soufiane,soufianebenkirane@hotmail.com,1949-01-12,M,eljadida,0613721386,2022-05-18,TikTok
CLI01250,El Hamdouchi,Mustapha,mustapha_elhamdouchi62@menara.ma,2008-12-30,M,Marrakech,0735917650,2023-12-19,Recommandation
CLI03615,Benjelloun,Samira,samira_benjelloun@menara.ma,1977-11-11,Femme,Kenitra,0689372595,2025-07-20,Influenceur
CLI00022,Zeroual,Walid,walid.zeroual@outlook.com,2007-03-26,M,Tanger,0765375564,2025-04-24,Influenceur
CLI01126,Guerrouj,Abdellatif,abdellatif-guerrouj@yahoo.fr,2003-10-12,Homme,Nador,0793315423,2025-07-13,Google SEO
CLI03776,El Khamlichi,Adil,adil-elkhamlichi@gmail.com,2007-03-02,M,Casablanca,0788728782,2025-05-13,Influenceur
CLI04700,Tahiri,Laila,lailatahiri@gmail.com,1972-01-21,f,Agadir,0786748475,2022-03-24,Affichage
CLI03597,Drissi,Widad,widad.drissi@menara.ma,2000-04-29,0,Taza,0635275172,2026-04-29,Affichage
CLI01903,Oulhaj,Samira,samira.oulhaj@yahoo.fr,1946-12-01,0,Tétouan,0752615878,2022-07-04,TV
CLI00800,Hajji,Hafida,hafida.hajji@yahoo.fr,1989-05-26,female,beni mellal,0703010956,2022-05-08,Direct
CLI02817,El Ouafi,Laila,lailaelouafi@outlook.com,1973-06-12,F,Marrakech,0668127561,2023-01-24,Google SEO
CLI02679,Bouyahia,Youssef,youssef_bouyahia@yahoo.fr,2000-12-31,H,Béni Mellal,0665088997,2025-10-01,TikTok
CLI03566,Ziani,Driss,driss.ziani@menara.ma,2009-05-13,m,beni mellal,0759356140,2026-01-21,Google SEO
CLI01716,El Azzouzi,Btissam,btissamelazzouzi20@outlook.com,1950-01-14,Femme,Nador,0706201663,2025-01-06,Email
CLI00363,El Ghazi,Rim,rim-elghazi@hotmail.com,1964-04-29,0,Fès,0636149872,2022-12-07,Affichage
CLI03708,El Amrani,Rania,rania-elamrani@outlook.com,1997-07-05,f,Agadir,0754523558,2022-08-16,TV
CLI01368,Guerrouj,Mohammed,mohammedguerrouj@gmail.com,1957-05-19,1,Oujda,0648783103,2024-03-01,Instagram
CLI01811,Fennich,Siham,sihamfennich@gmail.com,2015-06-01,Femme,Rabat,0643881767,2023-10-05,Influenceur
CLI00956,Rhazouani,Naima,naima-rhazouani@menara.ma,1986-11-11,Femme,Marrakech,0669028377,2024-03-15,Facebook
CLI01957,Benomar,Ahmed,ahmed_benomar@menara.ma,1959-10-05,m,marrakesh,0601749317,2025-02-07,TikTok
CLI02473,Ziani,Houda,houda_ziani43@menara.ma,1989-03-21,F,Meknès,0662098180,2023-04-05,Recommandation
CLI03559,Alaoui,Latifa,latifa_alaoui94@hotmail.com,1995-02-18,0,casa,0691454705,2022-03-25,Recommandation
CLI90430,El Hamdouchi,Riad,riad_elhamdouchi@gmail.com,1951-12-31,Homme,Tétouan,0650105875,2025-06-02,Facebook
CLI02106,Guerrouj,Nadia,nadia.guerrouj@outlook.com,1986-06-20,female,Safi,0755461203,2024-11-24,Affichage
CLI02841,Rhazouani,Walid,walidrhazouani@gmail.com,1967-06-14,M,Kenitra,0609045816,2023-05-24,Direct
CLI03632,Chakir,Simo,simo.chakir@outlook.com,1958-11-12,male,Oujda,0723436664,2024-11-09,Direct
CLI03528,Rhazouani,Hanane,hanane.rhazouani@gmail.com,1955-08-28,f,Taza,0761920297,2023-10-06,Influenceur
CLI03155,Tazi,Ilyas,ilyas-tazi@yahoo.fr,1954-04-16,male,Agadir,0750002197,2023-08-06,TV
CLI04739,Moussaoui,Nassim,nassim-moussaoui56@yahoo.fr,1947-11-22,H,Nador,0762277121,2026-02-01,Google SEO
CLI02994,El Amrani,Hajar,hajar_elamrani@menara.ma,1954-01-09,female,El Jadida,0671513194,2023-07-06,Affichage
CLI00628,Fennich,Souad,souad.fennich@gmail.com,1949-08-02,f,Oujda,0679457727,2024-02-29,Affichage
CLI02611,Rhazouani,Amine,amine_rhazouani45@menara.ma,1990-05-16,M,Kenitra,0716639303,2024-04-16,Facebook
CLI03611,Ouazzani,Imane,imaneouazzani70@hotmail.com,2009-12-24,Femme,El Jadida,0727460011,2025-05-13,Instagram
CLI04948,Bouazza,Younes,younes_bouazza@hotmail.com,2003-05-23,1,Kenitra,0677358467,2024-12-25,Direct
CLI02255,Belkadi,Oumaima,oumaima.belkadi@gmail.com,1996-06-28,Femme,Béni Mellal,0722011270,2022-08-23,Recommandation
CLI04731,Hajji,Rim,rim.hajji@hotmail.com,1982-07-21,F,Tétouan,0773310600,2024-08-31,TV
CLI02698,Naciri,Khadija,khadija.naciri@menara.ma,1973-04-02,F,Tétouan,0710104433,2025-02-21,Google SEO
CLI00832,Guerrouj,Aziz,aziz.guerrouj@gmail.com,1996-08-19,M,Kenitra,0781652444,2023-09-03,TikTok
CLI94505,Hajji,Khadija,khadijahajji65@outlook.com,1979-10-13,Femme,BENI MELLAL,0628296380,2022-05-01,Facebook
CLI00335,Bensouda,Meryem,meryembensouda@yahoo.fr,2001-04-15,0,Oujda,0754918017,2025-10-20,Facebook
CLI00362,Berrada,Issam,issam_berrada@outlook.com,1964-10-31,male,Casablanca,0753703045,2026-04-14,Email
CLI02434,El Hajjaji,Meryem,meryemelhajjaji@hotmail.com,1980-05-10,female,Agadir,0618505608,2026-01-06,Email
CLI04297,Tahiri,Fatima,fatima.tahiri@outlook.com,1965-03-05,f,Casablanca,0765749981,2025-01-09,Influenceur
CLI03336,Zeroual,Houda,houda.zeroual@gmail.com,1954-12-26,female,Marrakech,0625957485,2022-07-28,TV
CLI01153,Berrada,Reda,reda_berrada@outlook.com,2004-07-05,1,tanger,0610419453,2025-08-13,Recommandation
CLI00546,Berrada,Walid,walid.berrada@hotmail.com,1986-12-01,m,dar beida,0771343240,2026-04-10,Influenceur
CLI01435,Alaoui,Nadia,nadia_alaoui@outlook.com,2007-03-12,female,Marrakech,0779365611,2023-05-16,TikTok
CLI02235,Moussaoui,Omar,omarmoussaoui31@menara.ma,2005-11-30,male,fès,0768013143,2024-07-01,Email
CLI02578,Bensouda,Samir,samirbensouda@hotmail.com,1982-03-06,male,beni mellal,0649128300,2025-08-29,Influenceur
CLI00578,Bouyahia,Nadia,nadia_bouyahia@gmail.com,1953-11-26,Femme,Béni Mellal,0633484587,2025-03-31,Instagram
CLI03699,El Hajjaji,Bilal,bilal.elhajjaji@gmail.com,1947-02-12,male,eljadida,0631010945,2023-10-27,TV
CLI03516,Naciri,Rim,rimnaciri60@yahoo.fr,2006-12-19,F,Nador,0764786359,2023-04-14,Recommandation
CLI01629,El Andaloussi,Hamid,hamid_elandaloussi@yahoo.fr,1979-07-20,m,Marrakech,0663856702,2024-07-23,Google SEO
CLI02186,Benhaddou,Amina,amina_benhaddou@hotmail.com,1981-04-25,Femme,Kenitra,0601012448,2023-10-02,Google SEO
CLI03079,Chakir,Dounia,douniachakir@yahoo.fr,1956-08-10,f,Taza,0757198872,2022-05-08,Email
CLI01959,Tazi,Badr,badr-tazi1@yahoo.fr,1957-04-10,H,Tétouan,0760251435,2022-06-13,Affichage
CLI03056,El Hajjaji,Sara,saraelhajjaji@gmail.com,1995-05-23,Femme,Béni Mellal,0727861189,2023-01-01,Instagram
CLI02833,El Hajjaji,Btissam,btissam-elhajjaji@outlook.com,1962-10-14,female,Oujda,0612983945,2022-05-01,Recommandation
CLI00867,Lahlou,Meryem,meryem-lahlou36@gmail.com,1974-09-08,F,Taza,0616599302,2025-08-05,Google SEO
CLI03551,Oulhaj,Hicham,hicham-oulhaj@gmail.com,1950-10-11,H,dar beida,0683478626,2026-01-03,Recommandation
CLI02277,Tazi,Nour,nour_tazi@yahoo.fr,1979-10-03,F,Fès,0708337836,2025-02-13,Instagram
CLI02787,Guerrouj,Khadija,khadija.guerrouj@hotmail.com,1966-06-16,female,Rabat,0625409411,2025-09-21,Email
CLI01929,El Fassi,Youssef,youssef.elfassi35@outlook.com,1952-05-31,Homme,Taza,0732550652,2024-10-26,TV
CLI02911,El Moussaoui,Nassim,nassim.elmoussaoui@hotmail.com,1986-04-27,m,Béni Mellal,0605450827,2023-04-19,TikTok
CLI03812,Belkadi,Rachid,rachid-belkadi85@outlook.com,2008-05-24,H,Taza,0772463303,2024-04-02,Recommandation
CLI00736,Chakir,Aziz,aziz.chakir@gmail.com,2007-04-22,m,Tétouan,0613717850,2022-10-05,TV
CLI02368,Berrada,Hicham,hichamberrada57@yahoo.fr,1947-03-20,M,Tanger,0713920318,2025-06-19,Influenceur
CLI03386,Tahiri,Houda,houdatahiri97@gmail.com,1993-07-09,female,dar beida,0602075200,2023-07-05,Facebook
CLI00972,Fennich,Laila,laila.fennich@yahoo.fr,1999-02-11,f,Marrakech,0747868623,2022-05-23,Direct
CLI00396,Benomar,Fouad,fouad-benomar@hotmail.com,1978-12-10,M,Marrakech,0715662776,2025-03-15,Affichage
CLI03136,Chakir,Walid,walid_chakir@yahoo.fr,1976-08-24,1,Marrakech,0660161687,2022-08-07,Influenceur
CLI03702,Tahiri,Fatima,fatimatahiri@outlook.com,1988-06-07,female,Casablanca,0713502485,2023-02-07,TikTok
CLI00606,Benomar,Yasmine,yasminebenomar@yahoo.fr,1965-11-18,f,Agadir,0742388565,2026-01-24,Facebook
CLI00961,El Hamdouchi,Rachid,rachidelhamdouchi@yahoo.fr,2006-01-24,m,Taza,0687387758,2023-05-27,Email
CLI03201,Belkadi,Latifa,latifabelkadi@hotmail.com,1980-12-02,f,Marrakech,0670931912,2025-10-07,Instagram
CLI00416,Errami,Latifa,latifa.errami@menara.ma,1995-01-24,female,El Jadida,0608751029,2022-12-22,Email
CLI00613,El Moussaoui,Amina,amina_elmoussaoui66@yahoo.fr,1958-03-07,0,Tétouan,0659119186,2026-04-18,Facebook
CLI00056,El Mansouri,Manal,incomplet,1992-12-31,f,Rabat,0783885160,2025-05-07,Influenceur
CLI01498,Chakir,Imane,imanechakir@menara.ma,1982-08-29,0,Rabat,0608996469,2026-01-03,Facebook
CLI04681,El Andaloussi,Mustapha,mustapha.elandaloussi37@outlook.com,1965-02-19,Homme,Kénitra,0609053904,2022-08-05,Google SEO
CLI00996,Chakir,Walid,walid.chakir@hotmail.com,1973-02-05,H,Meknès,0616906968,2024-02-12,TikTok
CLI03451,Saidi,Zineb,zinebsaidi@yahoo.fr,1983-04-09,0,Nador,0665129472,2023-05-16,TV
CLI01084,Bouyahia,Manal,manalbouyahia@yahoo.fr,1999-11-22,f,Tanger,0756999138,2024-02-25,Email
CLI03994,El Khamlichi,Salma,salma-elkhamlichi@gmail.com,1985-01-31,0,Oujda,0694020712,2025-03-11,Direct
CLI04813,Moussaoui,Jamal,jamal_moussaoui@hotmail.com,1955-10-15,M,Agadir,0625573824,2022-03-28,Google SEO
CLI04045,El Hajjaji,Salma,salma-elhajjaji@menara.ma,1968-12-22,Femme,Kenitra,0654277185,2023-12-17,TikTok
CLI01101,Guerrouj,Rachid,rachid.guerrouj@menara.ma,1975-05-29,male,Kenitra,0695868419,2023-07-11,Influenceur
CLI00321,El Moussaoui,Hind,hind-elmoussaoui@outlook.com,1960-01-09,f,Marrakech,0627560417,2025-01-04,Direct
CLI02799,Boulahia,Aicha,aichaboulahia@hotmail.com,1972-08-15,F,El Jadida,0712806955,2024-04-21,Facebook
CLI00805,Mernissi,Najat,najat-mernissi@outlook.com,1954-10-31,female,Casablanca,0627000466,2023-01-19,Influenceur
CLI00374,El Azzouzi,Hind,hind-elazzouzi@menara.ma,1954-05-21,0,Béni Mellal,0638655963,2025-08-07,Google SEO
CLI00160,El Bakkali,Amine,amineelbakkali@yahoo.fr,2006-06-06,m,beni mellal,0709935387,2023-12-26,TikTok
CLI00920,Tazi,Tarik,tarik.tazi20@gmail.com,1998-02-10,male,Safi,0658268687,2023-06-19,Influenceur
CLI04308,El Hajjaji,Khalid,khalid.elhajjaji@yahoo.fr,2015-06-01,male,Marrakech,0768458616,2023-03-10,Facebook
CLI01251,Kettani,Btissam,btissam.kettani@gmail.com,1966-12-28,female,Taza,0749668667,2025-02-21,TV
CLI04449,Bensouda,Dounia,dounia.bensouda58@hotmail.com,1986-10-31,F,Rabat,0716096477,2023-08-02,Instagram
CLI00089,Ziani,Oumaima,oumaima_ziani@yahoo.fr,1947-03-15,female,Agadir,0674205493,2025-09-13,Facebook
CLI02755,El Moussaoui,Mohammed,mohammed.elmoussaoui91@yahoo.fr,1971-09-05,male,marrakech,0795132465,2022-06-06,Instagram
CLI01743,Benhaddou,Soufiane,soufiane_benhaddou42@outlook.com,1992-01-10,male,Rabat,0642867855,2025-12-04,Recommandation
CLI01625,Cherkaoui,Hind,hindcherkaoui@menara.ma,2003-09-09,0,Safi,0695672176,2025-08-13,Instagram
CLI02901,Boulahia,Malika,malika.boulahia@menara.ma,1954-10-12,Femme,Casablanca,0782038528,2024-06-25,TikTok
CLI04947,Benkirane,Nassim,nassim_benkirane@yahoo.fr,1987-12-23,M,Nador,0657379527,2023-08-20,Google SEO
CLI02943,Berrada,Driss,driss-berrada@menara.ma,1953-07-07,H,MEKNES,0645240558,2022-07-05,TV
CLI02988,Benjelloun,Imane,imane-benjelloun@hotmail.com,1966-07-20,f,Agadir,0722950944,2023-05-30,Email
CLI03232,El Khamlichi,Rabha,rabha-elkhamlichi@gmail.com,1967-09-01,female,NADOR,0705386767,2023-08-15,Direct
CLI04933,Cherkaoui,Khadija,khadijacherkaoui@hotmail.com,2001-08-29,Femme,casa,0614518916,2026-03-20,Affichage
CLI04212,Belkadi,Karim,karim.belkadi31@yahoo.fr,1986-07-18,Homme,Kenitra,0649198170,2023-06-25,Google SEO
CLI04489,El Mansouri,Imane,imaneelmansouri@yahoo.fr,1991-11-28,F,Tétouan,0624156880,2022-06-10,Direct
CLI03371,Berrada,Btissam,btissamberrada15@yahoo.fr,1951-04-26,Femme,Casablanca,0652428169,2024-02-12,Recommandation
CLI01900,El Fassi,Zineb,zineb-elfassi61@gmail.com,1999-05-21,female,Agadir,0740519950,2024-09-04,Affichage
CLI04130,Hajji,Riad,riad_hajji@outlook.com,1976-01-30,M,Safi,0662092275,2023-08-07,Instagram
CLI02666,El Bakkali,Ayoub,ayoub-elbakkali57@yahoo.fr,1952-04-12,male,Kenitra,0779942061,2024-02-19,Email
CLI01822,Berrada,Badr,badr.berrada@yahoo.fr,1981-11-20,male,Meknès,0621311669,2022-08-24,Recommandation
CLI00194,Chraibi,Issam,issam.chraibi@menara.ma,1983-02-26,M,Safi,0665177739,2025-09-01,Facebook
CLI02375,Guerrouj,Fatima,fatima.guerrouj@gmail.com,1964-08-20,f,Casablanca,0739428115,2025-02-22,Affichage
CLI03809,Fennich,Imane,imane.fennich@outlook.com,1948-05-27,0,El Jadida,0787943205,2023-08-24,Google SEO
CLI02992,Bensouda,Hajar,hajar_bensouda@gmail.com,1960-03-16,0,Nador,0726323107,2023-05-31,Affichage
CLI03067,Bensouda,Mariam,mariam.bensouda@yahoo.fr,1999-02-24,F,Taza,0692669236,2024-01-19,Facebook
CLI00768,Bensouda,Soufiane,soufianebensouda@menara.ma,1992-05-03,Homme,Casablanca,0623552165,2025-07-11,Google SEO
CLI00261,Bouyahia,Mehdi,mehdi_bouyahia@yahoo.fr,1971-10-06,M,Tétouan,0698624058,2025-10-31,Google SEO
CLI01613,Benjelloun,Amina,amina_benjelloun28@gmail.com,2005-10-30,0,El Jadida,0724725426,2022-12-23,TikTok
CLI00661,Chakir,Fatima,fatima.chakir@yahoo.fr,1949-02-07,female,Fès,0700968730,2025-04-11,Recommandation
CLI02969,Bouyahia,Youssef,youssefbouyahia@gmail.com,1946-05-09,Homme,Tétouan,0628917088,2023-12-26,Affichage
CLI04982,Mernissi,Ilyas,pasdearobase.com,1968-04-08,m,Tétouan,0616493780,2024-04-20,Affichage
CLI00869,Mernissi,Othmane,othmane-mernissi@gmail.com,2002-11-13,1,Oujda,0756919832,2023-11-12,Instagram
CLI01325,El Ouafi,Tarik,tarikelouafi@gmail.com,2006-10-26,1,tanger,0669523578,2022-07-09,Influenceur
CLI01980,El Amrani,Aicha,aicha-elamrani@yahoo.fr,1995-01-26,Femme,Casablanca,0658193669,2022-11-18,Recommandation
CLI00666,Moussaoui,Sanaa,sanaa.moussaoui4@hotmail.com,1973-03-15,female,Casablanca,0771656094,2025-12-06,TikTok
CLI02811,Benomar,Nassim,nassim-benomar34@hotmail.com,1984-06-27,H,El Jadida,0777323724,2022-10-26,TV
CLI02916,Saidi,Widad,widad_saidi@gmail.com,1954-08-22,female,Béni Mellal,0717247273,2023-02-13,Instagram
CLI02284,Ouazzani,Chaimae,chaimae.ouazzani@yahoo.fr,1969-03-01,Femme,Taza,0711813207,2024-08-15,Facebook
CLI93676,Lahlou,Btissam,btissamlahlou@yahoo.fr,1981-11-27,female,oujda,0788560694,2023-04-28,TikTok
CLI03009,El Amrani,Sara,saraelamrani98@gmail.com,1999-07-06,female,Rabat,0605978428,2022-07-04,Instagram
CLI03800,Tazi,Ahmed,ahmed.tazi4@outlook.com,2001-06-25,1,El Jadida,0666935489,2023-10-22,Instagram
CLI00557,El Amrani,Brahim,brahim-elamrani@gmail.com,1977-02-02,male,Meknès,0674017750,2023-10-13,TV
CLI03342,Filali,Siham,siham.filali@yahoo.fr,1978-11-10,Femme,Rabat,0769730572,2025-05-10,Instagram
CLI00836,Benjelloun,Simo,simo.benjelloun@menara.ma,1983-02-17,M,casablanca,0620018676,2026-04-01,Influenceur
CLI01180,Tahiri,Ghita,ghita.tahiri@hotmail.com,1985-08-18,female,Fès,0747558030,2022-09-17,TV
CLI00725,El Azzouzi,Khalid,khalid_elazzouzi73@outlook.com,1997-01-06,1,Taza,0678020586,2022-08-02,TV
CLI00007,Bakkali,Hassan,hassan.bakkali@gmail.com,2009-03-20,Homme,Oujda,0736026064,2024-01-20,Direct
CLI01005,El Hajjaji,Meryem,meryemelhajjaji9@hotmail.com,1983-11-21,f,NADOR,0725923868,2024-01-31,Direct
CLI03383,El Hajjaji,Mohammed,mohammed-elhajjaji@hotmail.com,1958-07-08,M,tanja,0702294009,2022-10-06,Direct
CLI01263,Lahlou,Mehdi,mehdilahlou@outlook.com,2009-04-18,male,El Jadida,0610349561,2023-02-18,Instagram
CLI02369,Guerrouj,Dounia,dounia-guerrouj@hotmail.com,1890-01-01,0,meknès,0730966676,2024-08-27,Facebook
CLI04613,El Andaloussi,Driss,drisselandaloussi86@yahoo.fr,1960-10-04,male,Nador,0705723647,2024-05-25,Recommandation
CLI01174,Bouazza,Sara,sara-bouazza56@menara.ma,1963-05-16,F,Oujda,0645797251,2023-07-26,Affichage
CLI02345,Berrada,Walid,walidberrada38@hotmail.com,1981-05-12,M,OUJDA,0644783907,2023-07-17,Instagram
CLI04626,Boulahia,Nassim,nassim.boulahia@outlook.com,1953-04-21,1,Safi,0676959534,2024-05-10,Instagram
CLI00974,Fennich,Zineb,zineb-fennich@outlook.com,1994-01-29,Femme,Kenitra,0747082139,2024-10-28,Affichage
CLI03589,Moussaoui,Samira,samira-moussaoui@menara.ma,2001-01-11,f,Tétouan,0757016016,2025-02-25,Instagram
CLI00298,Guerrouj,Fouad,fouadguerrouj@menara.ma,1982-04-30,H,Nador,0714627301,2022-09-28,Recommandation
CLI00392,El Moussaoui,Khalid,khalid-elmoussaoui@yahoo.fr,1968-06-27,male,Rabat,0725715099,2022-06-11,Direct
CLI95867,Saidi,Khadija,khadija_saidi39@gmail.com,1950-03-14,Femme,Safi,0720207657,2024-01-08,TV
CLI00058,Chraibi,Rabha,rabha_chraibi82@hotmail.com,1995-08-12,0,El Jadida,0631243292,2024-05-12,Instagram
CLI04201,Bouyahia,Riad,riad_bouyahia@gmail.com,1980-05-24,Homme,Taza,0789913546,2024-05-25,Influenceur
CLI03885,Hajji,Nassim,nassim.hajji66@yahoo.fr,1967-04-28,m,Fès,0632851552,2023-11-07,TV
CLI01467,Rhazouani,Nassim,nassim_rhazouani@hotmail.com,1998-12-24,M,Marrakech,0745956600,2022-07-16,Email
CLI04814,Kettani,Houssam,houssamkettani65@yahoo.fr,1945-08-18,male,marrakesh,0659206337,2022-09-28,Google SEO
CLI04821,El Moussaoui,Adil,adil_elmoussaoui@gmail.com,1950-06-13,male,Nador,0794599248,2023-11-23,TikTok
CLI02784,Bakkali,Imane,imane_bakkali@outlook.com,1973-02-19,female,Marrakech,0670547209,2023-03-26,Facebook
CLI04542,Bouyahia,Karim,karim_bouyahia@menara.ma,1985-12-21,1,Tanger,0612880143,2024-09-06,Recommandation
CLI03365,Kettani,Tarik,tarik-kettani@hotmail.com,1988-07-05,Homme,Fès,0772096738,2025-12-03,Influenceur
CLI01303,Kettani,Loubna,loubnakettani@outlook.com,1962-06-08,0,Tanger,0707228834,2024-01-18,Instagram
CLI02687,Idrissi,Karim,karim.idrissi74@hotmail.com,1995-11-06,1,Tétouan,0671976616,2024-06-29,Facebook
CLI01221,Bouyahia,Mariam,mariam.bouyahia@gmail.com,1948-01-25,F,Kenitra,0669157376,2023-01-02,Direct
CLI01476,Bouazza,Yasmine,yasmine_bouazza49@outlook.com,2000-03-17,f,Béni Mellal,0754247388,2025-12-29,TikTok
CLI00807,Benjelloun,Nadia,nadia.benjelloun@yahoo.fr,1946-05-03,0,Nador,0769873137,2022-12-24,TV
CLI03768,El Hamdouchi,Hafida,hafida-elhamdouchi1@yahoo.fr,1967-08-20,f,Tétouan,0642661367,2023-08-30,Influenceur
CLI01506,Errami,Hassan,hassan_errami@menara.ma,1961-02-28,Homme,Meknès,0612620306,2024-02-26,TV
CLI02238,El Azzouzi,Samira,samira-elazzouzi50@outlook.com,1973-01-28,0,Safi,0797320096,2025-03-27,Google SEO
CLI01011,Drissi,Hassan,hassan.drissi@hotmail.com,1999-10-17,Homme,casa,0700493326,2026-02-10,Direct
CLI01816,El Andaloussi,Rania,rania-elandaloussi16@outlook.com,2015-06-01,0,meknès,0729508687,2023-07-17,Recommandation
CLI02647,El Fassi,Hicham,hicham-elfassi@hotmail.com,1981-12-08,male,Nador,0683881489,2024-02-19,TV
CLI00176,Errami,Nassim,nassim.errami@menara.ma,1954-07-25,M,El Jadida,0621699586,2025-05-04,Influenceur
CLI04106,El Khamlichi,Imane,imane_elkhamlichi97@outlook.com,2001-06-26,f,Meknès,0751743881,2023-03-10,Affichage
CLI03270,Oulhaj,Naima,naimaoulhaj65@hotmail.com,2004-02-09,Femme,Rabat,0655784190,2023-12-19,Email
CLI00681,Bouazza,Zineb,zineb_bouazza@gmail.com,1976-03-10,f,Fès,0690015944,2023-12-17,Influenceur
CLI04937,El Fassi,Simo,simo_elfassi40@yahoo.fr,1988-09-20,1,Agadir,0607109728,2025-06-19,Recommandation
CLI01222,Lahlou,Khadija,khadijalahlou83@outlook.com,1972-11-19,0,RABAT,0730445002,2022-03-31,Google SEO
CLI02748,Oulhaj,Samir,samir-oulhaj45@hotmail.com,1998-03-11,1,marrakech,0652880049,2024-07-05,Influenceur
CLI03649,Tazi,Hajar,hajartazi8@yahoo.fr,1999-10-20,female,Agadir,0753870979,2022-12-31,Instagram
CLI01450,Lahlou,Loubna,loubna.lahlou66@outlook.com,1963-12-23,Femme,Rabat,0725207882,2024-05-25,Instagram
CLI01054,Guerrouj,Hind,hindguerrouj7@hotmail.com,1978-02-08,female,Tétouan,0606661799,2024-01-11,Influenceur
CLI03150,El Ouafi,Manal,manalelouafi44@outlook.com,1967-07-19,f,Marrakech,0644991615,2023-01-31,TV
CLI04977,Chraibi,Driss,driss-chraibi@yahoo.fr,1999-08-30,m,Tétouan,0664622056,2024-03-20,Instagram
CLI03612,Moussaoui,Yasmine,yasmine.moussaoui66@gmail.com,1975-08-10,F,Taza,0693812401,2022-09-15,Recommandation
CLI02585,Lamrani,Badr,badrlamrani@outlook.com,1976-09-04,male,Meknès,0706625016,2024-07-11,Facebook
CLI04116,Lahlou,Omar,omar-lahlou80@yahoo.fr,1989-04-10,m,kenitra,0670890537,2025-12-16,Direct
CLI02135,El Ouafi,Salma,salma.elouafi@yahoo.fr,1954-01-11,F,Rabat,0646968516,2022-04-28,TV
CLI02569,Guerrouj,Simo,simoguerrouj@gmail.com,1973-08-11,Homme,Oujda,0649859634,2022-05-22,Email
CLI04683,El Bakkali,Souad,souad-elbakkali@gmail.com,2006-09-05,Femme,SAFI,0606438428,2023-07-18,Facebook
CLI03633,Ouazzani,Jamal,jamal_ouazzani46@gmail.com,2007-12-22,male,NADOR,0652765096,2022-05-23,Google SEO
CLI03126,Chraibi,Samira,samira-chraibi51@hotmail.com,1988-06-22,female,Fès,0784103411,2025-08-24,Email
CLI03934,Saidi,Yasmine,yasmine_saidi@gmail.com,1982-03-31,female,Casablanca,0728159043,2025-02-18,Influenceur
CLI03918,Idrissi,Fatima,fatimaidrissi@yahoo.fr,2004-02-22,f,Taza,0797280466,2025-04-07,Direct
CLI03053,El Fassi,Ahmed,ahmed.elfassi@gmail.com,1988-12-21,M,Oujda,0741851996,2024-10-16,Affichage
CLI00313,Fennich,Dounia,douniafennich61@yahoo.fr,2007-11-26,Femme,Béni Mellal,0713578529,2025-10-13,Recommandation
CLI02662,El Hajjaji,Othmane,othmane_elhajjaji@menara.ma,1950-10-08,Homme,Marrakech,0705346574,2022-05-28,Google SEO
CLI04843,Chraibi,Khalid,khalidchraibi@gmail.com,1960-04-29,M,Safi,0658861565,2023-10-21,Email
CLI04496,Idrissi,Hanane,hanane-idrissi@gmail.com,1965-11-02,F,Taza,0706472095,2025-04-08,Affichage
CLI04757,Idrissi,Houda,houda.idrissi1@hotmail.com,2006-06-03,Femme,Tétouan,0662665680,2023-01-22,Recommandation
CLI03638,El Mansouri,Abdellatif,abdellatifelmansouri20@gmail.com,1963-03-24,H,Casablanca,0702533441,2023-03-16,Instagram
CLI00927,El Hamdouchi,Hanane,hananeelhamdouchi@hotmail.com,1997-01-03,female,Tanger,0632823392,2025-09-21,Instagram
CLI04494,Rhazouani,Mariam,mariam.rhazouani21@yahoo.fr,1991-09-20,F,Meknès,0755831108,2023-08-18,Instagram
CLI03404,Zeroual,Souad,souad.zeroual@outlook.com,2005-01-07,Femme,Fès,0717792117,2025-04-23,Google SEO
CLI00623,El Ouafi,Yasmine,yasmine-elouafi2@outlook.com,1960-04-27,Femme,Fès,0611271285,2022-06-19,Facebook
CLI01682,Lahlou,Simo,simo_lahlou@hotmail.com,2004-02-26,male,Casablanca,0643390627,2022-09-25,TV
CLI02327,Zeroual,Othmane,othmane-zeroual@hotmail.com,1995-10-31,H,Tétouan,0660827610,2024-12-02,Google SEO
CLI02712,Lamrani,Yasmine,incomplet,1980-07-02,female,Béni Mellal,0678458458,2025-08-01,Recommandation
CLI01404,Naciri,Nour,nour_naciri@hotmail.com,1959-08-30,female,Béni Mellal,0697630900,2024-11-19,Direct
CLI03061,El Khamlichi,Houda,houda-elkhamlichi@menara.ma,2006-03-07,f,Meknès,0721225624,2024-09-23,Recommandation
CLI02991,El Khamlichi,Walid,walid_elkhamlichi@yahoo.fr,1995-05-20,m,Nador,0731727496,2025-03-29,Email
CLI02825,Cherkaoui,Walid,walid_cherkaoui@yahoo.fr,1955-04-17,H,Kenitra,0660964057,2024-02-04,Affichage
CLI00777,El Khamlichi,Brahim,brahim.elkhamlichi@menara.ma,1947-06-08,H,Marrakech,0689117972,2025-03-30,Google SEO
CLI01219,Zeroual,Widad,widad.zeroual@gmail.com,1972-07-17,female,Taza,0683436953,2025-03-30,Instagram
CLI02523,El Bakkali,Yasmine,yasmine.elbakkali@outlook.com,1949-07-01,female,tangier,0785645192,2023-05-13,Recommandation
CLI04312,El Amrani,Hafida,hafida-elamrani@yahoo.fr,1951-04-25,F,Rabat,0745209814,2026-01-14,Affichage
CLI03916,Saidi,Ghita,ghita-saidi@yahoo.fr,1981-06-18,f,Béni Mellal,0703083892,2023-06-22,Recommandation
CLI02547,El Mansouri,Rabha,rabhaelmansouri60@hotmail.com,2002-05-20,0,mkch,0669456468,2024-10-15,Influenceur
CLI02910,Zeroual,Aicha,aicha-zeroual28@hotmail.com,1958-09-20,F,Tétouan,0654270983,2026-02-18,Instagram
CLI04084,Bensouda,Btissam,btissam-bensouda@gmail.com,1999-07-20,Femme,Oujda,0645370747,2024-04-06,Instagram
CLI01839,Filali,Naima,naima.filali@menara.ma,1954-03-31,f,Safi,0604587242,2026-04-03,Facebook
CLI01641,Errami,Aziz,aziz_errami@gmail.com,1998-07-14,m,Béni Mellal,0654425247,2023-10-21,Direct
CLI01328,Mernissi,Issam,issam.mernissi93@hotmail.com,1994-02-13,H,Fes,0695866399,2023-08-21,Facebook
CLI02816,Errami,Manal,manalerrami@outlook.com,1986-12-07,F,Oujda,0712876128,2025-05-21,Facebook
CLI00360,Chakir,Nassim,nassim-chakir@menara.ma,1972-03-31,1,Kenitra,0763985547,2022-04-08,Recommandation
CLI93922,Benkirane,Driss,driss.benkirane@yahoo.fr,1945-12-20,1,Casablanca,0704204730,2022-08-23,Affichage
CLI03317,Bensouda,Zakaria,zakaria_bensouda@yahoo.fr,1987-01-05,Homme,Rabat,0729966390,2023-12-04,Direct
CLI04503,Lamrani,Aicha,aicha.lamrani@yahoo.fr,1977-12-05,Femme,El Jadida,0631384287,2024-06-11,Email
CLI04795,Belkadi,Hassan,hassan.belkadi6@yahoo.fr,1988-05-14,Homme,el jadida,0763453004,2025-05-21,Direct
CLI02718,Chakir,Sanaa,sanaa.chakir85@hotmail.com,1958-01-17,0,Marrakech,0665869491,2023-02-28,TV
CLI94871,El Ghazi,Amine,amine_elghazi@hotmail.com,1984-06-19,1,El Jadida,0767981302,2023-09-08,Influenceur
CLI03492,Mernissi,Mohammed,mohammed_mernissi@menara.ma,2005-05-01,M,Nador,0706467651,2024-05-04,Direct
CLI02919,Benjelloun,Simo,simobenjelloun@gmail.com,1981-12-29,1,Taza,0792225716,2022-08-04,Recommandation
CLI00296,El Fassi,Driss,drisselfassi@yahoo.fr,2008-12-12,Homme,OUJDA,0676742662,2023-03-10,TV
CLI02322,Bouyahia,Anass,anass_bouyahia1@gmail.com,2005-04-04,male,Oujda,0611149633,2023-02-09,Influenceur
CLI03366,Zeroual,Rania,raniazeroual50@yahoo.fr,1952-05-08,f,Oujda,0799143839,2025-05-12,Direct
CLI04624,Ziani,Btissam,btissamziani52@yahoo.fr,2007-02-24,Femme,Fès,0616400796,2024-06-26,TikTok
CLI02332,El Hamdouchi,Anass,anass.elhamdouchi@yahoo.fr,1966-07-03,m,Rabat,0722417018,2022-10-15,Email
CLI02405,Lamrani,Mustapha,mustaphalamrani77@gmail.com,1998-09-17,Homme,casablanca,0669239510,2023-12-30,Affichage
CLI01649,Oulhaj,Hafida,hafida_oulhaj@hotmail.com,1992-09-26,0,Béni Mellal,0723935433,2023-08-19,Direct
CLI03991,Boulahia,Karim,karim_boulahia83@gmail.com,1979-06-03,Homme,Oujda,0691402268,2023-03-01,Google SEO
CLI04401,El Amrani,Soufiane,soufiane_elamrani@hotmail.com,1968-04-08,M,tangier,0690815973,2025-06-29,Facebook
CLI01666,Benjelloun,Imane,imane.benjelloun92@hotmail.com,1981-07-22,female,Casablanca,0790071320,2025-06-09,Recommandation
CLI00531,El Ouafi,Loubna,loubna.elouafi@outlook.com,1993-12-23,f,El Jadida,0700892196,2022-04-14,Email
CLI00523,Chakir,Ahmed,ahmed-chakir@gmail.com,2006-10-30,H,RABAT,0674117674,2023-11-02,Instagram
CLI02866,Belkadi,Amina,amina_belkadi83@yahoo.fr,1960-12-29,Femme,Meknès,0673330030,2024-11-18,Recommandation
CLI04030,El Andaloussi,Soufiane,soufiane-elandaloussi91@yahoo.fr,1973-07-01,H,Béni Mellal,0653460581,2023-02-18,Instagram
CLI02731,Errami,Latifa,latifaerrami@menara.ma,1956-12-26,female,tng,0612349605,2024-09-30,TV
CLI04780,El Andaloussi,Malika,malika.elandaloussi@hotmail.com,1980-10-03,0,Fès,0740860045,2026-02-22,Instagram
CLI04671,Ouazzani,Aicha,aicha.ouazzani@gmail.com,2004-12-30,F,béni mellal,0768054635,2023-01-24,Recommandation
CLI01540,El Azzouzi,Salma,salmaelazzouzi@yahoo.fr,1976-11-24,Femme,Tétouan,0794715534,2024-03-04,Direct
CLI02602,Bakkali,Othmane,othmane.bakkali@gmail.com,1961-05-23,H,Tétouan,0703078176,2025-11-17,Facebook
CLI00407,Alaoui,Amine,amine-alaoui92@gmail.com,2007-02-14,M,Fès,0771287153,2024-10-04,TV
CLI00981,El Fassi,Jamal,jamalelfassi45@hotmail.com,1946-04-17,m,Casablanca,0653642357,2025-07-27,Google SEO
CLI00570,Berrada,Issam,issam.berrada@hotmail.com,1996-02-13,Homme,Béni Mellal,0734151773,2024-12-20,Recommandation
CLI01588,El Andaloussi,Nour,nour.elandaloussi24@menara.ma,2008-09-08,Femme,Safi,0671926026,2025-07-04,Instagram
CLI01292,Lamrani,Khalid,khalid-lamrani@menara.ma,1965-10-20,H,Béni Mellal,0702155383,2025-06-21,Google SEO
CLI02193,Cherkaoui,Fatima,fatima-cherkaoui@gmail.com,1997-05-13,female,Tétouan,0629719228,2022-12-30,Affichage
CLI04016,Oulhaj,Btissam,btissam-oulhaj@yahoo.fr,1979-12-23,0,Agadir,0773063855,2025-08-06,Influenceur
CLI04791,Mernissi,Omar,omarmernissi@hotmail.com,1952-12-13,m,Meknès,0662873448,2024-02-26,Direct
CLI04878,Benali,Sanaa,sanaa-benali@gmail.com,1951-01-31,F,tanja,0678692292,2022-08-17,Email
CLI03732,Ksikes,Zakaria,zakariaksikes@outlook.com,1964-01-08,m,Safi,0718700136,2022-08-24,TikTok
CLI02840,Benjelloun,Manal,manal.benjelloun31@hotmail.com,1986-06-29,Femme,Oujda,0710321658,2023-01-15,Google SEO
CLI00802,Berrada,Hanane,hanane.berrada95@hotmail.com,1957-08-09,female,Oujda,0668080815,2025-10-29,Direct
CLI03942,Benkirane,Mariam,mariambenkirane@hotmail.com,1972-02-29,female,kenitra,0788313066,2024-01-29,Direct
CLI03257,Benhaddou,Dounia,dounia-benhaddou@gmail.com,1964-06-30,F,Béni Mellal,0775897015,2022-11-11,Recommandation
CLI02456,Tazi,Malika,malikatazi27@yahoo.fr,2003-11-13,F,Béni Mellal,0751359964,2025-04-08,Facebook
CLI04609,Ouazzani,Ayoub,ayoubouazzani@yahoo.fr,1953-04-08,Homme,AGADIR,0625093700,2023-07-19,TV
CLI04708,Idrissi,Chaimae,chaimaeidrissi85@outlook.com,1954-12-04,f,El Jadida,0722036999,2024-08-13,TikTok
CLI03847,Bensouda,Hafida,hafida-bensouda@gmail.com,1962-06-06,f,Casablanca,0658991144,2026-02-12,Email
CLI02696,Idrissi,Hind,incomplet,2004-12-02,F,Rabat,0732553827,2024-02-21,Recommandation
CLI03903,Idrissi,Othmane,@sansdomaine,1992-08-22,M,Rabat,0639199862,2024-06-10,Direct
CLI01704,El Ghazi,Rania,raniaelghazi19@outlook.com,2005-02-13,F,agadir,0742832670,2023-09-17,Instagram
CLI00137,El Fassi,Houssam,houssam.elfassi@hotmail.com,1969-10-20,m,agadir,0774112490,2025-03-02,Email
CLI03657,Oulhaj,Riad,riadoulhaj@hotmail.com,1946-12-24,H,Safi,0725880496,2022-11-11,Facebook
CLI01541,Chakir,Abdellatif,abdellatif-chakir47@yahoo.fr,1979-09-30,male,El Jadida,0789653945,2023-03-13,Google SEO
CLI00859,Lamrani,Fouad,fouad_lamrani51@hotmail.com,1947-09-30,H,Agadir,0632501736,2024-06-16,TikTok
CLI00739,Berrada,Ghita,ghita-berrada35@outlook.com,1980-11-30,female,Béni Mellal,0708070633,2025-05-18,Influenceur
CLI04133,Bouazza,Sara,sara.bouazza@outlook.com,1984-01-04,f,Tanger,0613171871,2023-05-31,Affichage
CLI02732,Chakir,Nabil,nabilchakir@hotmail.com,1981-11-23,Homme,Meknès,0613887057,2025-02-26,Instagram
CLI03184,Ksikes,Salma,salma-ksikes23@hotmail.com,1946-04-04,F,Tétouan,0799111307,2023-01-27,Email
CLI04807,Chraibi,Ilham,ilham-chraibi@gmail.com,1951-11-07,f,Oujda,0633951788,2023-03-11,Google SEO
CLI01321,Boulahia,Kawtar,kawtarboulahia@yahoo.fr,1963-12-21,female,Rabat,0722693485,2023-09-30,Recommandation
CLI02861,Bouazza,Btissam,btissam.bouazza@menara.ma,1995-06-11,f,Tanger,0600565723,2022-03-31,Affichage
CLI01826,Kettani,Simo,simo-kettani@hotmail.com,2007-09-08,1,Taza,0764126139,2023-03-27,TikTok
CLI02098,Bakkali,Dounia,douniabakkali@yahoo.fr,1951-12-10,F,Casablanca,0760378280,2022-11-27,Email
CLI03625,El Fassi,Amine,amine.elfassi@menara.ma,1958-03-29,male,TAZA,0794731109,2025-07-15,Affichage
CLI00574,Naciri,Mohammed,mohammed-naciri@hotmail.com,2005-10-15,male,Kenitra,0607983342,2024-10-23,Email
CLI04006,Chraibi,Hassan,hassan-chraibi@menara.ma,2009-03-14,1,Rabat,0675349587,2023-04-02,TikTok
CLI02004,Bouazza,Oumaima,oumaimabouazza17@yahoo.fr,1946-03-19,F,Oujda,0624891055,2022-12-11,Direct
CLI04993,Rhazouani,Fatima,fatimarhazouani32@outlook.com,1975-10-15,female,Casablanca,0714309177,2022-12-29,Affichage
CLI01106,Oulhaj,Zineb,zineb_oulhaj@yahoo.fr,1961-02-22,female,Kenitra,0763802076,2024-11-08,Instagram
CLI01680,Kettani,Fatima,fatima.kettani@gmail.com,2008-09-09,0,Safi,0732773765,2025-01-04,TikTok
CLI04753,Boulahia,Adil,adil.boulahia9@hotmail.com,2004-11-09,M,Meknès,0630037417,2022-11-23,Facebook
CLI02619,El Bakkali,Oumaima,oumaima-elbakkali@menara.ma,1977-10-10,0,Béni Mellal,0753474911,2022-08-27,Influenceur
CLI01794,Cherkaoui,Btissam,btissam.cherkaoui4@hotmail.com,1957-06-26,0,Safi,0629085050,2024-01-10,Recommandation
CLI00573,Naciri,Nour,nournaciri@hotmail.com,1962-05-11,F,Fès,0624913577,2024-08-06,TV
CLI04128,Tazi,Ali,alitazi@yahoo.fr,1992-10-31,Homme,Rabat,0796237411,2024-08-04,Instagram
CLI03428,Berrada,Dounia,dounia-berrada4@gmail.com,1980-09-24,F,Marrakech,0653340164,2024-05-23,Direct
CLI01893,Benhaddou,Karim,karim.benhaddou@outlook.com,1950-02-10,m,Taza,0739039092,2025-11-13,Google SEO
CLI00843,Tahiri,Walid,walid_tahiri@gmail.com,1951-12-24,1,Tétouan,0792118824,2023-08-06,Instagram
CLI03477,Drissi,Laila,laila-drissi@hotmail.com,1987-11-27,f,Béni Mellal,0624606398,2024-05-16,Instagram
CLI03189,Lahlou,Riad,riadlahlou@menara.ma,1991-05-25,male,Tétouan,0697936864,2022-04-22,Facebook
CLI04058,Naciri,Anass,anassnaciri58@menara.ma,1960-10-03,1,Fès,0629785529,2025-09-18,Influenceur
CLI04754,Filali,Anass,anassfilali@outlook.com,1960-05-12,m,Agadir,0628704793,2025-11-29,Facebook
CLI00336,El Amrani,Soufiane,soufianeelamrani@yahoo.fr,1951-06-12,m,Fès,0619416800,2025-04-13,Influenceur
CLI04205,Chraibi,Latifa,latifa-chraibi@menara.ma,1989-07-11,0,Nador,0709525630,2024-03-01,Affichage
CLI00562,El Ghazi,Souad,souad_elghazi37@hotmail.com,1951-07-24,f,Oujda,0655557277,2024-02-25,Email
CLI00395,El Khamlichi,Brahim,brahim-elkhamlichi@outlook.com,2001-08-30,H,Fès,0612983381,2025-07-16,Influenceur
CLI93897,Boulahia,Reda,redaboulahia@hotmail.com,2006-10-01,m,Tanger,0668406972,2022-03-25,Facebook
CLI03469,Berrada,Hind,hindberrada@yahoo.fr,2005-05-18,F,Tanger,0695485211,2023-06-07,Facebook
CLI00760,Idrissi,Ghita,ghita.idrissi@outlook.com,2001-03-28,f,Tanger,0668094149,2026-03-10,Instagram
CLI04020,Guerrouj,Othmane,othmane-guerrouj@yahoo.fr,1957-09-25,1,Fès,0691128110,2023-07-31,Instagram
CLI01534,El Bakkali,Mehdi,mehdi.elbakkali@outlook.com,1995-11-05,M,Fès,0654804423,2025-11-15,Influenceur
CLI04576,Ziani,Soufiane,soufiane.ziani@gmail.com,2009-10-05,H,Kenitra,0776631619,2024-04-12,Affichage
CLI03853,Tazi,Amine,amine_tazi@hotmail.com,2009-09-08,m,Nador,0744405137,2024-09-25,Recommandation
CLI02574,Mernissi,Rabha,rabha_mernissi38@gmail.com,1977-01-28,female,Tanger,0691653647,2022-09-05,Google SEO
CLI00620,Naciri,Hafida,hafida.naciri@hotmail.com,1970-07-20,f,Agadir,0680046358,2022-09-27,Google SEO
CLI02035,Lamrani,Yasmine,yasmine_lamrani@yahoo.fr,2004-12-02,0,Tanger,0782862558,2024-09-09,Direct
CLI00152,Zeroual,Simo,simo-zeroual@gmail.com,1953-02-21,male,Rabat,0661632945,2025-04-02,Instagram
CLI04773,El Hamdouchi,Yasmine,yasmine_elhamdouchi60@gmail.com,1957-12-02,0,Marrakech,0668811346,2023-07-25,TV
CLI04704,Berrada,Hamid,hamidberrada@outlook.com,2004-08-31,1,Béni Mellal,0753457568,2023-06-12,Email
CLI00213,El Bakkali,Hafida,hafidaelbakkali@yahoo.fr,1963-07-22,0,Nador,0623413261,2025-04-20,Instagram
CLI03316,Tazi,Siham,siham-tazi@gmail.com,2001-08-31,Femme,el jadida,0689273340,2022-11-12,TV
CLI02707,Idrissi,Imane,imaneidrissi@gmail.com,2002-03-20,F,Tétouan,0654352682,2023-12-29,Instagram
CLI03242,Mernissi,Amine,aminemernissi@hotmail.com,2006-01-07,m,Safi,0709419513,2024-08-11,Google SEO
CLI04614,Lahlou,Mohammed,mohammed.lahlou@outlook.com,1949-04-10,H,Rabat,0651182224,2023-11-18,Affichage
CLI03894,Ziani,Aziz,aziz_ziani@gmail.com,1890-01-01,m,Oujda,0699120111,2024-09-25,Influenceur
CLI00924,Lamrani,Bilal,bilal.lamrani@hotmail.com,1985-03-17,H,Meknès,0702000532,2023-11-29,Affichage
CLI00749,El Hamdouchi,Houssam,houssamelhamdouchi93@hotmail.com,1990-01-21,M,Oujda,0755611404,2024-12-26,Facebook
CLI00885,El Fassi,Samir,malformé@,1985-08-18,M,El Jadida,0653236618,2023-09-04,TikTok
CLI04160,Ksikes,Samir,samir_ksikes@outlook.com,1990-08-12,1,Casablanca,0615785504,2023-08-10,Affichage
CLI02812,Tazi,Karim,karim.tazi40@hotmail.com,2009-10-17,H,MARRAKECH,0705692745,2022-09-17,Google SEO
CLI01817,Tahiri,Meryem,meryemtahiri@hotmail.com,1969-08-02,F,Agadir,0700625515,2024-12-13,Instagram
CLI03017,El Ouafi,Loubna,loubna_elouafi39@hotmail.com,1984-05-02,F,Kenitra,0631020852,2023-10-15,Google SEO
CLI00976,Drissi,Hafida,hafida-drissi1@menara.ma,2009-08-15,Femme,Casablanca,0716009169,2025-10-29,Facebook
CLI00942,Bakkali,Younes,younes_bakkali@yahoo.fr,1989-02-08,1,Rabat,0716185759,2024-05-22,Instagram
CLI03582,Mernissi,Adil,adil-mernissi@menara.ma,2001-01-26,H,Oujda,0633014118,2023-05-29,Facebook
CLI01365,Bouazza,Mehdi,mehdi-bouazza10@outlook.com,1971-11-10,male,Taza,0626691419,2025-09-18,Email
CLI04506,Ziani,Amina,amina.ziani@gmail.com,1985-03-24,female,Taza,0662070986,2024-04-01,Direct
CLI02781,Lahlou,Zakaria,zakaria.lahlou@outlook.com,1946-09-17,male,El Jadida,0718256166,2023-07-07,Recommandation
CLI04617,Benjelloun,Badr,badr-benjelloun@menara.ma,1962-01-10,1,Nador,0736794339,2023-06-25,TikTok
CLI02402,Benkirane,Ghita,ghita-benkirane@gmail.com,1946-07-03,0,Fès,0777744108,2025-01-09,Recommandation
CLI00446,El Andaloussi,Sanaa,sanaaelandaloussi@hotmail.com,2002-11-11,f,Marrakech,0728633302,2025-07-20,Instagram
CLI03648,El Mansouri,Nabil,nabil.elmansouri7@gmail.com,2003-07-22,H,Casablanca,0638878151,2025-05-22,Recommandation
CLI01137,Bakkali,Reda,reda.bakkali@menara.ma,1960-12-29,Homme,Marrakech,0739476254,2025-08-24,Facebook
CLI02064,Tahiri,Latifa,latifa.tahiri@menara.ma,1994-07-26,Femme,Rabat,0690530673,2024-05-17,Google SEO
CLI02838,Chakir,Karim,karimchakir@gmail.com,1993-03-20,M,Tanger,0739947834,2024-04-17,Affichage
CLI01479,Ziani,Ilham,ilham.ziani96@gmail.com,1950-05-17,F,Oujda,0637808866,2026-03-19,TV
CLI01999,El Ouafi,Khadija,khadija-elouafi@hotmail.com,1957-01-08,Femme,Béni Mellal,0752650534,2024-08-12,Direct
CLI04915,Naciri,Khalid,khalid_naciri@yahoo.fr,1989-01-31,m,Kenitra,0653413016,2026-02-18,Direct
CLI02699,El Moussaoui,Aicha,aicha.elmoussaoui@menara.ma,1980-01-04,female,Tanger,0687684865,2022-06-04,TikTok
CLI04633,Drissi,Ali,ali_drissi@hotmail.com,1969-01-23,male,Fès,0791802502,2025-01-18,Facebook
CLI01244,Hajji,Latifa,latifa_hajji38@yahoo.fr,1976-02-25,f,rabat,0650947651,2022-06-12,Instagram
CLI00285,Oulhaj,Ayoub,ayouboulhaj94@outlook.com,1956-01-14,M,Rabat,0660078068,2023-01-06,Influenceur
CLI03454,Zeroual,Hafida,hafidazeroual@gmail.com,1998-12-23,f,MEKNES,0748187317,2024-01-29,Affichage
CLI02319,Belkadi,Brahim,brahim-belkadi@menara.ma,1973-03-24,M,Nador,0609225212,2026-05-01,Email
CLI00256,Bouyahia,Khadija,khadija.bouyahia@gmail.com,1998-10-03,Femme,Safi,0795453817,2023-01-04,TV
CLI03661,Naciri,Naima,naima_naciri7@yahoo.fr,1890-01-01,f,Tanger,0778703713,2025-10-22,Instagram
CLI03343,Bouyahia,Bilal,bilal-bouyahia@hotmail.com,1998-10-16,1,Tétouan,0694522791,2024-11-20,Affichage
CLI00565,Benkirane,Soufiane,soufiane_benkirane@hotmail.com,1974-12-03,H,Safi,0788863677,2022-06-25,Recommandation
CLI04594,Lahlou,Hanane,hananelahlou@gmail.com,2009-11-15,female,El Jadida,0648871069,2023-03-08,TikTok
CLI02676,Mernissi,Fatima,fatima.mernissi@yahoo.fr,1964-12-13,F,Casablanca,0765058484,2022-12-30,Instagram
CLI04721,El Amrani,Ali,alielamrani@menara.ma,1967-08-05,H,Safi,0723261002,2024-06-15,Direct
CLI02189,Drissi,Ilham,ilham_drissi@gmail.com,2008-09-28,female,Marrakech,0648351560,2025-09-06,TV
CLI02722,Benali,Bilal,bilalbenali@yahoo.fr,1966-03-27,H,Meknès,0693349565,2024-04-13,Instagram
CLI01564,Oulhaj,Fouad,fouad.oulhaj@gmail.com,2003-12-09,male,Safi,0785219793,2024-06-25,Email
CLI02737,Cherkaoui,Souad,souad-cherkaoui91@outlook.com,1996-01-24,Femme,Taza,0630421037,2025-07-18,TV
CLI03210,Rhazouani,Omar,omar.rhazouani@hotmail.com,1960-10-23,1,El Jadida,0603153087,2024-06-04,Google SEO
CLI01630,Kettani,Hassan,hassankettani@menara.ma,1987-04-14,1,Agadir,0735440789,2022-09-11,Influenceur
CLI01448,Ksikes,Abdellatif,abdellatif.ksikes@gmail.com,2008-03-08,H,Taza,0656702772,2024-10-05,Affichage
CLI00289,El Hamdouchi,Nabil,nabil-elhamdouchi@yahoo.fr,1975-08-31,male,Oujda,0778817884,2024-03-29,Direct
CLI03807,Idrissi,Rabha,rabha-idrissi@menara.ma,1978-03-27,f,Béni Mellal,0698504788,2024-12-28,Facebook
CLI01461,Oulhaj,Mohammed,mohammedoulhaj7@gmail.com,1957-02-07,m,Béni Mellal,0758744888,2026-02-28,Email
CLI02437,Ksikes,Laila,laila-ksikes51@yahoo.fr,1962-11-07,F,Tanger,0790855765,2024-04-24,Direct
CLI01668,Bouyahia,Khalid,khalid_bouyahia@yahoo.fr,1958-09-10,Homme,Béni Mellal,0757666476,2023-10-23,Google SEO
CLI00318,Errami,Youssef,youssef.errami@gmail.com,1999-11-30,male,Taza,0716231981,2024-01-19,Affichage
CLI03533,El Ghazi,Naima,naima.elghazi@hotmail.com,2009-03-04,0,Agadir,0704787123,2024-07-09,Direct
CLI00166,Moussaoui,Aicha,aicha_moussaoui@menara.ma,2003-06-04,Femme,Casablanca,0776184723,2022-06-19,Google SEO
CLI00944,Lamrani,Chaimae,chaimaelamrani78@hotmail.com,1984-04-24,0,Fès,0618361133,2026-02-28,Affichage
CLI04249,Hajji,Widad,widad_hajji@gmail.com,1963-06-28,female,Meknès,0759253242,2023-08-24,TikTok
CLI00946,El Khamlichi,Rabha,rabha-elkhamlichi@yahoo.fr,1948-09-01,Femme,Agadir,0773446717,2025-09-24,Direct
CLI00497,Hajji,Nadia,nadia-hajji@yahoo.fr,1966-09-24,F,Marrakech,0717679298,2022-08-22,Affichage
CLI03468,Cherkaoui,Ayoub,ayoub.cherkaoui4@yahoo.fr,1973-11-04,Homme,Kenitra,0673618857,2022-12-17,TikTok
CLI00646,El Bakkali,Malika,malika_elbakkali64@hotmail.com,1982-10-12,Femme,Safi,0796919284,2024-06-07,TikTok
CLI01750,El Bakkali,Nassim,nassimelbakkali55@hotmail.com,1982-04-14,male,meknes,0669225916,2024-11-15,Recommandation
CLI01601,El Moussaoui,Hassan,hassanelmoussaoui@menara.ma,1996-01-21,H,Tétouan,0657538481,2022-10-24,Instagram
CLI03341,Bouyahia,Oumaima,oumaimabouyahia@outlook.com,2000-07-18,female,Agadir,0714097741,2022-11-03,Affichage
CLI01661,Boulahia,Hind,hind-boulahia32@gmail.com,2010-04-23,Femme,Nador,0791532425,2023-06-30,Influenceur
CLI03326,Mernissi,Aicha,aicha.mernissi@gmail.com,1975-06-29,F,Casablanca,0601995009,2024-06-20,Affichage
CLI00143,Benali,Mustapha,mustapha_benali@menara.ma,1985-09-02,H,Agadir,0693087059,2025-10-29,Email
CLI02303,El Fassi,Siham,siham-elfassi@gmail.com,1970-04-01,female,Rabat,0701147472,2026-04-23,TV
CLI01667,Ksikes,Nassim,nassim_ksikes@outlook.com,1949-04-15,1,El Jadida,0766045689,2025-09-17,Email
CLI02993,Boulahia,Aziz,aziz_boulahia5@outlook.com,1962-12-21,Homme,Kenitra,0768272634,2025-10-29,Google SEO
CLI04914,Drissi,Ilham,ilhamdrissi@yahoo.fr,1972-10-11,female,casa,0669858871,2025-02-25,Email
CLI00691,Naciri,Walid,walid_naciri@menara.ma,1959-01-11,male,Rabat,0631954196,2023-07-13,Influenceur
CLI02932,Zeroual,Loubna,malformé@,1966-03-22,Femme,Agadir,0655483868,2024-03-01,Influenceur
CLI03491,Ksikes,Anass,anassksikes@hotmail.com,1954-03-28,M,Casablanca,0752773087,2023-02-16,Facebook
CLI00123,El Hajjaji,Othmane,othmane.elhajjaji@gmail.com,1974-05-25,Homme,Agadir,0617518636,2023-08-06,Email
CLI01854,Benkirane,Badr,badrbenkirane@menara.ma,1977-01-05,male,taza,0763646533,2023-10-30,Email
CLI02560,Ouazzani,Ayoub,ayoub.ouazzani@outlook.com,1952-01-08,M,Marrakech,0600001330,2023-07-08,Facebook
CLI00716,El Andaloussi,Hassan,hassan.elandaloussi@outlook.com,1971-10-20,H,EL JADIDA,0689915114,2022-05-05,TikTok
CLI04088,Bakkali,Ayoub,ayoub_bakkali@yahoo.fr,1989-04-19,1,Nador,0639519047,2022-03-24,Direct
CLI02196,Belkadi,Walid,walid.belkadi@gmail.com,1993-01-02,Homme,Oujda,0713315792,2025-01-30,Google SEO
CLI01367,Bouazza,Nabil,nabil.bouazza36@hotmail.com,1999-01-28,1,Safi,0640513251,2023-03-07,Direct
CLI03252,Lamrani,Mohammed,mohammed.lamrani@gmail.com,1992-07-22,Homme,Nador,0778034931,2023-12-27,Influenceur
CLI97227,Guerrouj,Siham,siham_guerrouj@outlook.com,1973-07-09,f,Rabat,0665227204,2024-02-16,Email
CLI02381,Saidi,Hafida,hafida_saidi@gmail.com,1975-02-27,0,Tétouan,0711778545,2022-10-07,Email
CLI00284,Lahlou,Mehdi,mehdi.lahlou18@menara.ma,1995-09-14,1,Taza,0792929831,2025-02-05,Influenceur
CLI01091,Errami,Nassim,nassim.errami@menara.ma,1992-03-06,male,Oujda,0658416806,2022-09-10,Instagram
CLI02382,Saidi,Youssef,youssefsaidi@menara.ma,1961-03-14,male,Fès,0730025539,2025-02-15,TikTok
CLI00551,Oulhaj,Simo,simo.oulhaj@hotmail.com,1971-07-15,Homme,Béni Mellal,0625014257,2023-02-23,Influenceur
CLI01370,El Mansouri,Ilyas,ilyas-elmansouri@hotmail.com,1980-10-24,Homme,Nador,0741060326,2025-04-16,Direct
CLI04603,Ksikes,Nassim,nassim.ksikes@yahoo.fr,1984-03-26,Homme,Béni Mellal,0610475753,2023-12-10,Instagram
CLI04359,Chraibi,Bilal,bilal-chraibi@yahoo.fr,1956-06-18,Homme,Kenitra,0745025284,2025-12-05,Email
CLI04677,Filali,Issam,issamfilali@outlook.com,1958-03-29,1,Rabat,0609830924,2022-12-03,TikTok
CLI04431,Bensouda,Kawtar,kawtar-bensouda@menara.ma,2006-06-09,0,Kenitra,0730407419,2023-11-10,Affichage
CLI04810,Bensouda,Souad,souad_bensouda@hotmail.com,1969-10-21,female,Tétouan,0796727704,2025-03-14,Instagram
CLI03107,El Khamlichi,Samira,samiraelkhamlichi@gmail.com,1992-10-23,f,El Jadida,0668466656,2025-09-04,TikTok
CLI00035,El Khamlichi,Malika,malika.elkhamlichi@outlook.com,2009-06-04,0,Kenitra,0797703482,2025-04-12,Recommandation
CLI02751,Benali,Kawtar,kawtar-benali@hotmail.com,1969-08-12,f,Meknès,0674157088,2026-03-14,Email
CLI03608,Bakkali,Samir,samir.bakkali@hotmail.com,1957-05-18,H,El Jadida,0780579687,2022-05-26,Email
CLI02632,Oulhaj,Nassim,nassim-oulhaj94@menara.ma,1957-11-02,1,Meknès,0728544305,2026-02-27,Facebook
CLI04651,Filali,Mohammed,mohammed-filali@yahoo.fr,1971-12-13,male,Nador,0790907939,2022-05-21,Influenceur
CLI04817,El Ouafi,Siham,siham-elouafi@yahoo.fr,1976-09-24,female,Casablanca,0797054134,2024-10-08,TikTok
CLI02371,Lamrani,Hanane,hananelamrani@gmail.com,1978-02-18,F,Nador,0687322766,2022-10-08,TikTok
CLI00878,Fennich,Abdellatif,abdellatiffennich@outlook.com,1953-02-16,1,Nador,0723591426,2023-10-16,Instagram
CLI91302,Berrada,Fouad,fouad_berrada69@menara.ma,1972-04-08,M,Marrakech,0777927969,2022-05-10,Email
CLI02425,Errami,Btissam,btissam-errami@outlook.com,1974-07-09,Femme,Casablanca,0629406357,2024-02-16,Facebook
CLI03019,El Azzouzi,Jamal,jamal_elazzouzi@menara.ma,2015-06-01,male,TETOUAN,0628311794,2024-10-25,TV
CLI00235,Idrissi,Rim,rimidrissi85@gmail.com,1975-06-10,0,Tanger,0763681579,2025-09-23,Affichage
CLI03077,El Mansouri,Houda,houdaelmansouri47@gmail.com,2005-04-08,Femme,Taza,0737281774,2025-09-29,Google SEO
CLI03175,Filali,Ayoub,ayoub_filali9@outlook.com,1967-08-08,H,Nador,0792725452,2023-05-20,Affichage
CLI01460,Ouazzani,Nabil,nabilouazzani45@outlook.com,1974-10-21,m,Meknès,0623370071,2024-02-09,TikTok
CLI02445,Hajji,Fouad,fouad.hajji@menara.ma,1997-12-01,H,Meknès,0658053315,2025-01-08,Instagram
CLI01458,Bensouda,Khadija,khadija-bensouda32@hotmail.com,1976-01-01,f,Casablanca,0787650775,2023-07-27,Facebook
CLI01711,Mernissi,Nassim,nassim-mernissi33@gmail.com,2002-09-21,H,Marrakech,0638819011,2022-10-10,Recommandation
CLI01977,El Khamlichi,Driss,driss_elkhamlichi43@gmail.com,1990-01-02,m,Kenitra,0750513918,2023-03-26,Recommandation
CLI00122,El Khamlichi,Latifa,latifa_elkhamlichi@yahoo.fr,1998-03-01,F,Marrakech,0623253672,2025-12-31,TV
CLI04479,Boulahia,Issam,issam-boulahia@gmail.com,1996-12-11,M,Tanger,0717675161,2023-07-20,Google SEO
CLI01439,Benjelloun,Btissam,btissam_benjelloun22@hotmail.com,1961-10-09,female,Marrakech,0799842882,2022-11-22,Affichage
CLI04493,El Khamlichi,Riad,riad-elkhamlichi@gmail.com,1993-03-18,1,Casablanca,0740456847,2025-04-04,Direct
CLI00707,Bouyahia,Siham,siham_bouyahia@menara.ma,1984-10-02,0,El Jadida,0787045069,2023-10-13,Instagram
CLI03810,El Azzouzi,Aicha,aicha_elazzouzi@hotmail.com,1956-05-19,female,Marrakech,0623360694,2024-05-25,Email
CLI00872,Idrissi,Driss,driss_idrissi98@menara.ma,1977-12-12,1,Fès,0793396504,2024-02-20,TV
CLI04501,Benhaddou,Simo,simobenhaddou6@gmail.com,1952-03-08,male,Kenitra,0649606164,2025-04-25,Affichage
CLI03374,Ziani,Salma,salma.ziani@yahoo.fr,2007-01-06,0,Safi,0606605677,2023-04-14,Facebook
CLI02054,Belkadi,Driss,driss_belkadi@outlook.com,1973-06-20,1,Taza,0623201651,2022-09-17,TV
CLI02640,Chakir,Samira,samira.chakir@outlook.com,1951-01-09,F,casablanca,0719423802,2022-06-25,Instagram
CLI01462,Drissi,Karim,karim_drissi@menara.ma,1947-02-16,M,Nador,0658545513,2023-04-18,TV
CLI91199,Tazi,Widad,widad.tazi25@gmail.com,1957-02-27,0,Kenitra,0777873135,2025-06-24,Google SEO
CLI01664,Benhaddou,Nour,nour-benhaddou@outlook.com,1999-06-05,0,Fès,0762157740,2024-03-11,TikTok
CLI00906,El Hajjaji,Samira,samira_elhajjaji@gmail.com,1986-04-23,Femme,Fès,0702289466,2025-06-18,TikTok
CLI00181,Bakkali,Mariam,mariam_bakkali33@hotmail.com,2009-11-18,0,Taza,0790947985,2025-06-21,Instagram
CLI03954,Berrada,Samir,samir-berrada@hotmail.com,2006-08-25,M,Agadir,0706536612,2025-08-09,Instagram
CLI03513,Fennich,Yasmine,yasmine-fennich40@gmail.com,1952-10-26,Femme,Tétouan,0742828183,2024-09-19,Facebook
CLI01572,Idrissi,Btissam,btissamidrissi53@gmail.com,1947-12-19,0,Kenitra,0604559657,2023-07-21,Influenceur
CLI00743,Tahiri,Souad,souad-tahiri94@yahoo.fr,2007-05-30,0,Nador,0789880315,2024-10-05,Email
CLI00786,Ksikes,Latifa,latifaksikes@outlook.com,1998-06-03,F,meknes,0754584726,2024-05-15,Facebook
CLI02141,Filali,Youssef,youssef.filali@menara.ma,1960-12-03,Homme,Tétouan,0676452658,2022-06-09,Direct
CLI04071,Bensouda,Rabha,rabha-bensouda33@outlook.com,1949-10-19,female,Tétouan,0782706908,2024-07-23,Direct
CLI03295,Hajji,Hicham,hicham.hajji@menara.ma,1963-01-25,male,Marrakech,0742243490,2023-01-28,TV
CLI04054,Boulahia,Nadia,nadia_boulahia@yahoo.fr,2006-03-27,0,Fès,0779931845,2025-07-18,Direct
CLI04473,Berrada,Hajar,hajar.berrada@hotmail.com,1951-06-05,f,Tanger,0718778630,2023-08-02,Direct
CLI00679,Alaoui,Hafida,hafida_alaoui@hotmail.com,1946-11-12,F,Oujda,0724914168,2023-02-23,Influenceur
CLI00764,Tazi,Ali,ali.tazi97@outlook.com,1956-01-19,H,Oujda,0761337184,2023-09-17,Recommandation
CLI00619,Kettani,Zakaria,zakaria_kettani98@yahoo.fr,1984-12-14,male,Casablanca,0707158796,2024-03-20,Recommandation
CLI02520,Saidi,Ilham,ilhamsaidi@menara.ma,1966-11-07,f,Marrakech,0715663057,2024-11-22,Facebook
CLI03521,Kettani,Jamal,jamal_kettani@gmail.com,1981-03-19,Homme,Fès,0775335940,2022-11-06,TV
CLI01633,Errami,Hafida,hafida.errami@yahoo.fr,1956-09-21,0,SAFI,0770332570,2025-09-03,Recommandation
CLI00819,Mernissi,Oumaima,oumaima.mernissi@outlook.com,1949-04-18,Femme,Kenitra,0688067821,2022-12-31,Recommandation
CLI02958,Bouazza,Mohammed,mohammed-bouazza@outlook.com,2002-04-22,m,El Jadida,0637801104,2023-04-08,Direct
CLI03222,Boulahia,Youssef,youssef-boulahia@gmail.com,1998-08-10,m,Béni Mellal,0740005431,2023-09-20,Facebook
CLI01723,Benkirane,Riad,riad-benkirane@outlook.com,1997-02-23,male,Tétouan,0665061471,2023-07-31,TikTok
CLI01897,Hajji,Driss,driss_hajji44@gmail.com,1978-08-11,male,El Jadida,0709903172,2023-07-13,Instagram
CLI00222,Ziani,Siham,siham-ziani72@outlook.com,1965-10-05,female,El Jadida,0640778487,2024-04-28,Email
CLI00740,Drissi,Younes,younes_drissi@gmail.com,1987-03-09,H,Nador,0748188044,2025-08-24,Facebook
CLI01935,Ouazzani,Malika,malika.ouazzani@gmail.com,2004-05-16,Femme,Kenitra,0621652508,2025-10-31,Instagram
CLI04781,El Ouafi,Ghita,ghitaelouafi@menara.ma,1971-06-04,Femme,agadir,0659445287,2025-09-06,TV
CLI04094,Zeroual,Brahim,brahim_zeroual@yahoo.fr,1946-02-05,Homme,Fès,0645422897,2025-11-01,Recommandation
CLI00804,Benjelloun,Najat,najat.benjelloun73@hotmail.com,1955-02-16,Femme,Oujda,0769470318,2024-05-04,Google SEO
CLI03123,Oulhaj,Rim,rimoulhaj@yahoo.fr,2006-04-24,F,dar beida,0778514554,2025-01-14,TV
CLI00172,Bakkali,Brahim,brahim.bakkali@gmail.com,1989-08-26,M,Casablanca,0753540838,2025-05-28,Influenceur
CLI04202,Naciri,Samir,samirnaciri@yahoo.fr,1978-07-05,M,Meknès,0610256982,2023-03-20,TV
CLI01169,Chakir,Mehdi,mehdi.chakir@hotmail.com,1967-01-12,m,Rabat,0613246598,2022-06-04,Influenceur
CLI03050,Ziani,Imane,imane_ziani58@menara.ma,1976-11-28,female,Fès,0605876869,2023-02-13,Recommandation
CLI04794,Benkirane,Ilham,ilham.benkirane74@menara.ma,1974-04-04,F,Kenitra,0769890949,2024-01-10,TikTok
CLI02264,El Khamlichi,Naima,naima.elkhamlichi@outlook.com,1964-10-09,F,TAZA,0643742822,2024-08-09,Google SEO
CLI03194,El Andaloussi,Houssam,houssam.elandaloussi@hotmail.com,1982-05-29,male,Oujda,0705432260,2025-01-22,Facebook
CLI04504,El Hajjaji,Khadija,khadija-elhajjaji@outlook.com,1982-12-06,Femme,Marrakech,0623055412,2024-03-16,Instagram
CLI02846,El Mansouri,Issam,issamelmansouri29@gmail.com,1970-10-02,H,Taza,0657036595,2025-06-18,TV
CLI02150,El Hamdouchi,Jamal,jamal_elhamdouchi@outlook.com,1991-06-09,M,Béni Mellal,0768084690,2022-06-03,Google SEO
CLI01555,Guerrouj,Omar,omar_guerrouj67@outlook.com,1964-10-02,1,Tétouan,0645538151,2025-03-09,Affichage
CLI97798,Moussaoui,Laila,laila.moussaoui@hotmail.com,1981-12-08,0,NADOR,0719379022,2025-07-23,TV
CLI01002,El Bakkali,Youssef,youssefelbakkali50@hotmail.com,2008-02-18,male,beni mellal,0767720517,2024-04-04,Instagram
CLI01545,El Bakkali,Hanane,hanane-elbakkali@gmail.com,1974-04-10,0,Oujda,0707819516,2022-10-23,Recommandation
CLI04141,Chraibi,Houssam,houssam.chraibi@menara.ma,1947-06-29,Homme,Kenitra,0635196095,2022-12-28,Affichage
CLI00686,Rhazouani,Rania,rania.rhazouani@outlook.com,1952-10-15,0,Agadir,0772239898,2024-10-27,Email
CLI04163,Bouazza,Amine,amine.bouazza@yahoo.fr,1978-01-30,H,Fès,0787422749,2025-12-24,TV
CLI00413,El Andaloussi,Najat,najat.elandaloussi@hotmail.com,1955-06-07,f,Oujda,0601859626,2024-05-03,Email
CLI03156,Hajji,Yasmine,yasminehajji@gmail.com,1957-06-14,0,Rabat,0766256951,2025-12-10,Facebook
CLI01232,Oulhaj,Simo,simooulhaj71@gmail.com,1981-05-12,Homme,Tétouan,0663159229,2022-07-03,Instagram
CLI00601,Chraibi,Rania,rania_chraibi@hotmail.com,1994-07-15,f,Safi,0750184819,2025-07-14,Direct
CLI00003,Ksikes,Houda,houda.ksikes@menara.ma,2008-03-10,female,Fès,0639117182,2024-08-10,Facebook
CLI03525,Benjelloun,Samira,samira-benjelloun@menara.ma,1970-12-06,0,Safi,0625814010,2022-10-03,Instagram
CLI03794,El Azzouzi,Mariam,mariam_elazzouzi@hotmail.com,1987-01-14,f,Kénitra,0788622353,2025-12-30,Recommandation
CLI04733,El Moussaoui,Aicha,aichaelmoussaoui@menara.ma,1989-07-02,0,Kenitra,0682113591,2022-05-31,Influenceur
CLI03212,Zeroual,Siham,sihamzeroual37@outlook.com,1966-11-19,female,Fès,0734917100,2026-02-17,Email
CLI03816,Tahiri,Laila,laila_tahiri@gmail.com,1950-01-12,female,Meknès,0705773641,2024-11-27,Recommandation
CLI03185,El Hamdouchi,Brahim,brahimelhamdouchi@outlook.com,1953-07-23,m,Oujda,0662667141,2023-01-01,Influenceur
CLI00354,Zeroual,Abdellatif,abdellatifzeroual51@outlook.com,1966-08-14,m,Safi,0620948181,2024-10-10,Email
CLI03498,Tazi,Ilham,ilhamtazi@menara.ma,1951-07-28,female,Tétouan,0735722315,2024-07-16,Facebook
CLI03338,El Hamdouchi,Rim,rim-elhamdouchi@yahoo.fr,1951-10-25,F,Oujda,0751315463,2023-09-14,Influenceur
CLI00191,Boulahia,Zakaria,zakaria-boulahia@yahoo.fr,1973-03-08,H,Kenitra,0639282722,2024-04-16,TV
CLI00571,El Hajjaji,Amina,amina_elhajjaji5@menara.ma,1993-02-24,0,Tétouan,0744294774,2024-04-02,Facebook
CLI02411,Berrada,Hafida,hafidaberrada10@outlook.com,1948-09-23,Femme,FES,0692101727,2022-04-03,Recommandation
CLI00165,Drissi,Fouad,fouad_drissi@outlook.com,1992-11-16,1,Rabat,0703323098,2025-04-11,Facebook
CLI03536,El Mansouri,Naima,naima.elmansouri@outlook.com,1950-05-04,f,MEKNES,0645300734,2023-11-29,Instagram
CLI03775,El Hajjaji,Widad,widad-elhajjaji7@menara.ma,1975-11-08,F,Casablanca,0698603779,2024-10-07,Google SEO
CLI00726,Benjelloun,Kawtar,kawtar.benjelloun@yahoo.fr,1956-01-12,F,Meknès,0716793350,2022-10-22,TikTok
CLI01266,Benali,Houssam,houssam.benali@yahoo.fr,1980-05-24,1,Rabat,0764054739,2022-05-20,Affichage
CLI04519,Kettani,Othmane,othmane_kettani46@gmail.com,1984-10-02,H,Rabat,0703203613,2024-05-11,Influenceur
CLI04913,Guerrouj,Karim,karim-guerrouj@outlook.com,1997-01-18,M,Kenitra,0624526562,2025-09-21,Affichage
CLI02642,Benjelloun,Walid,walidbenjelloun@menara.ma,1969-06-12,m,Rabat,0672972231,2022-10-28,Affichage
CLI00303,Ouazzani,Meryem,meryem.ouazzani62@gmail.com,1955-04-29,f,Tétouan,0671401401,2023-06-15,Instagram
CLI01047,Idrissi,Rachid,rachid-idrissi@outlook.com,2004-09-21,Homme,Kenitra,0681726282,2022-10-21,TV
CLI04376,Alaoui,Omar,omar.alaoui4@hotmail.com,1890-01-01,m,Taza,0712246394,2025-08-01,Affichage
CLI03651,Idrissi,Soufiane,soufiane_idrissi33@outlook.com,1976-02-26,Homme,Tanger,0643101609,2026-03-15,Direct
CLI03769,Naciri,Fouad,fouad_naciri@hotmail.com,1968-05-31,male,Tanger,0612013279,2023-06-15,Influenceur
CLI01823,Tazi,Meryem,meryem_tazi@outlook.com,1956-01-08,f,El Jadida,0798362074,2022-06-28,TV
CLI03600,Ksikes,Nassim,nassim_ksikes@menara.ma,1973-07-07,1,Nador,0662480727,2025-07-31,Recommandation
CLI00217,El Ghazi,Loubna,loubnaelghazi11@outlook.com,1955-07-04,F,Béni Mellal,0748463122,2022-11-23,Recommandation
CLI04924,Tazi,Ilham,ilham-tazi86@outlook.com,1972-11-12,f,eljadida,0665087280,2023-11-25,Google SEO
CLI01241,El Khamlichi,Souad,souadelkhamlichi@hotmail.com,1979-05-10,f,Kenitra,0790964598,2024-02-02,Direct
CLI00989,Hajji,Bilal,bilal.hajji91@gmail.com,1947-02-11,1,agadir,0663435948,2023-09-25,Affichage
CLI04321,El Hajjaji,Zakaria,zakariaelhajjaji73@menara.ma,1967-09-17,M,oujda,0760288552,2023-01-25,TV
CLI01988,El Moussaoui,Mohammed,mohammed_elmoussaoui68@yahoo.fr,1951-08-12,H,Taza,0634658672,2024-10-22,Influenceur
CLI01360,Alaoui,Laila,laila.alaoui@hotmail.com,1974-01-08,Femme,Tanger,0643529493,2026-03-06,Google SEO
CLI02173,El Fassi,Loubna,loubna-elfassi@hotmail.com,2003-05-01,f,Tétouan,0682435097,2023-05-19,TV
CLI01359,El Khamlichi,Jamal,jamal.elkhamlichi@gmail.com,1972-07-17,1,Tanger,0697673887,2022-04-18,Facebook
CLI03115,El Hamdouchi,Hanane,hanane_elhamdouchi54@menara.ma,1972-05-31,female,Kenitra,0634670061,2023-05-14,Influenceur
CLI01215,Rhazouani,Amina,amina.rhazouani@hotmail.com,1969-09-15,0,Béni Mellal,0741260848,2025-05-25,Instagram
CLI00368,Bouyahia,Hassan,hassan.bouyahia49@menara.ma,1959-03-31,m,Béni Mellal,0676769915,2022-12-21,Google SEO
CLI02688,Alaoui,Manal,manal.alaoui@gmail.com,2003-09-08,F,Béni Mellal,0746083486,2023-09-30,Recommandation
CLI03281,Alaoui,Adil,adil-alaoui3@menara.ma,1947-01-07,H,Oujda,0701775475,2025-08-30,Google SEO
CLI02634,Zeroual,Issam,issam-zeroual@menara.ma,1949-08-07,H,Kenitra,0791590542,2024-11-10,Recommandation
CLI97632,Mernissi,Sara,sara.mernissi@gmail.com,1984-04-28,f,El Jadida,0663924948,2026-02-01,Recommandation
CLI02708,El Hajjaji,Fouad,fouad.elhajjaji@menara.ma,1993-06-03,male,Nador,0732575921,2026-02-25,Facebook
CLI04785,Mernissi,Widad,widad-mernissi@yahoo.fr,1997-07-15,f,Kenitra,0709394235,2025-07-25,Google SEO
CLI01978,Cherkaoui,Khadija,khadija.cherkaoui3@yahoo.fr,2009-08-27,0,El Jadida,0715699332,2024-10-16,Direct
CLI03560,El Amrani,Nabil,nabil-elamrani@yahoo.fr,1964-06-17,M,Marrakech,0739220781,2022-06-06,Google SEO
CLI03299,Saidi,Salma,salma.saidi99@hotmail.com,1972-05-26,Femme,El Jadida,0636966378,2024-03-14,Influenceur
CLI01048,Hajji,Badr,badr_hajji@yahoo.fr,1969-05-01,M,Kenitra,0792741168,2023-06-09,Google SEO
CLI01086,Benali,Rabha,rabhabenali47@gmail.com,2004-01-07,Femme,Rabat,0724107402,2024-07-29,Direct
CLI02794,Guerrouj,Younes,younes-guerrouj37@gmail.com,1953-06-24,M,Fès,0651415617,2023-08-09,Email
CLI02618,Drissi,Widad,widad-drissi@menara.ma,2009-02-10,F,Kenitra,0676965776,2024-10-30,TikTok
CLI01228,Filali,Rabha,rabha_filali@outlook.com,1991-06-30,0,dar beida,0676713771,2025-09-08,Affichage
CLI04237,El Ouafi,Latifa,latifaelouafi27@gmail.com,1965-04-10,female,Agadir,0658284365,2022-05-01,Influenceur
CLI03595,Guerrouj,Souad,souadguerrouj@menara.ma,1982-01-29,f,Fès,0758723636,2022-07-21,Facebook
CLI00678,Tahiri,Rabha,rabhatahiri55@yahoo.fr,1985-07-03,F,SAFI,0658853798,2022-06-22,Facebook
CLI01210,Chakir,Driss,driss-chakir60@menara.ma,1989-05-07,male,Béni Mellal,0690773729,2022-12-13,TikTok
CLI01471,Fennich,Brahim,brahim_fennich11@yahoo.fr,1949-05-30,Homme,Oujda,0728001617,2025-08-07,Email
CLI03015,Naciri,Reda,reda_naciri@yahoo.fr,1997-11-27,Homme,Agadir,0781906045,2025-05-27,TV
CLI03204,Lahlou,Fouad,fouadlahlou56@outlook.com,1945-09-03,1,Safi,0795260518,2022-05-13,TikTok
CLI04363,Belkadi,Souad,souad.belkadi@menara.ma,1987-08-18,f,Meknès,0768798760,2025-05-02,TikTok
CLI04793,El Hamdouchi,Rania,rania.elhamdouchi@yahoo.fr,2006-07-08,female,Tanger,0748237961,2024-03-26,Email
CLI02169,Errami,Rania,rania-errami@hotmail.com,2009-09-13,0,Safi,0709404475,2024-01-21,Google SEO
CLI02195,Bouazza,Bilal,bilal.bouazza@gmail.com,1988-07-26,H,Rabat,0730677798,2023-09-15,Email
CLI97859,El Khamlichi,Mohammed,mohammedelkhamlichi@hotmail.com,2007-11-16,H,Rabat,0702944203,2026-01-29,Instagram
CLI03886,Mernissi,Meryem,meryemmernissi@outlook.com,2005-02-08,female,meknes,0687808970,2022-05-18,Direct
CLI03728,El Bakkali,Naima,naima.elbakkali@gmail.com,1981-02-27,Femme,beni mellal,0663017982,2024-12-30,Instagram
CLI00917,El Hajjaji,Sara,saraelhajjaji@outlook.com,1989-02-19,F,Casablanca,0758129205,2023-12-27,TV
CLI04115,El Andaloussi,Btissam,btissam.elandaloussi@hotmail.com,1992-11-22,F,Kenitra,0667279664,2025-05-23,Instagram
CLI03667,Ksikes,Nassim,nassim.ksikes5@gmail.com,1967-07-19,M,Rabat,0742360256,2025-11-07,Direct
CLI03439,Berrada,Imane,imaneberrada@menara.ma,1964-09-11,F,Casablanca,0645490654,2024-08-16,Direct
CLI00389,El Hajjaji,Zakaria,zakaria.elhajjaji@menara.ma,1996-10-22,M,Tanger,0733533106,2026-04-22,Google SEO
CLI04027,Chakir,Zineb,zinebchakir66@hotmail.com,2001-12-03,Femme,AGADIR,0690167443,2025-06-10,Influenceur
CLI05000,Rhazouani,Hamid,hamid.rhazouani@menara.ma,1949-06-06,M,Tanger,0703209915,2023-01-03,Facebook
CLI04964,El Khamlichi,Hicham,hicham_elkhamlichi@yahoo.fr,1984-05-02,H,Fès,0760058945,2024-01-29,TikTok
CLI01477,Errami,Hicham,hichamerrami@yahoo.fr,2015-06-01,M,Safi,0653251218,2025-08-27,Google SEO
CLI03349,Moussaoui,Ilham,ilhammoussaoui@gmail.com,2005-07-31,f,Casablanca,0703349775,2023-04-10,TV
CLI00436,Fennich,Fatima,fatima-fennich@menara.ma,1951-09-06,F,Marrakech,0781230834,2025-02-04,Google SEO
CLI03621,Belkadi,Bilal,bilal-belkadi28@menara.ma,2004-04-22,m,Kenitra,0728925702,2025-01-13,Influenceur
CLI02250,Cherkaoui,Simo,simo.cherkaoui@yahoo.fr,1998-07-31,H,Rabat,0743522173,2024-04-08,Facebook
CLI00491,Benkirane,Mariam,mariambenkirane72@outlook.com,2006-10-04,Femme,Béni Mellal,0698529894,2024-08-20,Google SEO
CLI04014,Benjelloun,Hajar,hajar_benjelloun@gmail.com,2006-08-08,F,Tétouan,0752761988,2026-01-24,Google SEO
CLI04332,El Ouafi,Zineb,zineb-elouafi@menara.ma,1992-04-21,F,casa,0683775223,2024-06-09,TikTok
CLI02409,Tahiri,Hanane,hanane_tahiri@yahoo.fr,2001-12-16,F,Taza,0648995312,2025-03-23,Google SEO
CLI03832,Saidi,Malika,malikasaidi52@gmail.com,1962-03-17,0,Meknès,0717657077,2022-11-03,TV
CLI04005,El Ghazi,Hanane,hananeelghazi@hotmail.com,1890-01-01,0,Nador,0671949452,2022-05-07,Affichage
CLI02157,Oulhaj,Ilyas,ilyasoulhaj83@gmail.com,1953-11-15,m,Rabat,0698133241,2024-10-06,TV
CLI03534,Boulahia,Hicham,hicham-boulahia@yahoo.fr,1964-10-07,H,Béni Mellal,0695471774,2025-02-21,Instagram
CLI03425,El Moussaoui,Soufiane,soufiane_elmoussaoui85@yahoo.fr,1960-02-28,m,Tétouan,0643539595,2023-01-16,Influenceur
CLI04663,El Moussaoui,Aziz,aziz_elmoussaoui@yahoo.fr,1977-01-12,male,Tétouan,0719228928,2024-12-02,TikTok
CLI01951,Benali,Samira,samira-benali@hotmail.com,2002-11-01,F,Meknès,0723943837,2022-07-09,TikTok
CLI03213,Moussaoui,Aziz,aziz.moussaoui@yahoo.fr,1980-06-13,Homme,Nador,0737475063,2024-08-09,Influenceur
CLI02185,Bensouda,Othmane,othmane.bensouda@menara.ma,1964-01-15,H,Rabat,0726497478,2025-04-15,Direct
CLI02397,Zeroual,Mustapha,mustapha-zeroual@outlook.com,1963-04-16,1,Meknès,0751639172,2024-07-14,Direct
CLI04485,Fennich,Houssam,pasdearobase.com,1990-07-25,1,Fès,0756118740,2023-11-06,Direct
CLI01881,El Amrani,Driss,driss.elamrani@hotmail.com,1950-08-09,1,Rabat,0693837396,2023-12-06,TikTok
CLI01332,El Hajjaji,Salma,salma_elhajjaji7@yahoo.fr,1980-10-22,female,Marrakech,0630958723,2024-06-01,Affichage
CLI02750,El Hajjaji,Badr,badr_elhajjaji@hotmail.com,1990-02-16,H,Casablanca,0633580210,2024-09-03,Email
CLI00386,Ziani,Widad,widadziani21@gmail.com,1974-06-28,female,tangier,0676815118,2022-06-02,TikTok
CLI01660,Chakir,Fatima,fatimachakir45@menara.ma,2001-08-21,0,Rabat,0792032735,2023-01-30,Direct
CLI03465,Bensouda,Riad,riad-bensouda@menara.ma,2002-09-20,Homme,Kenitra,0655561396,2022-11-28,Google SEO
CLI00517,Bensouda,Oumaima,oumaima_bensouda@hotmail.com,1964-01-20,0,Fès,0765158815,2022-06-12,Direct
CLI00507,El Azzouzi,Salma,salma.elazzouzi70@gmail.com,1983-09-02,Femme,Oujda,0758438458,2025-02-04,Affichage
CLI03577,Boulahia,Hanane,hanane.boulahia@outlook.com,1958-08-01,0,Tétouan,0657655514,2023-05-03,Influenceur
CLI04173,Naciri,Laila,laila_naciri@hotmail.com,1957-11-06,F,El Jadida,0757750297,2024-04-25,TikTok
CLI04033,Benali,Laila,laila_benali@gmail.com,1977-11-09,Femme,Kenitra,0706551281,2025-03-24,Facebook
CLI01085,Benhaddou,Fatima,fatima-benhaddou@hotmail.com,1986-10-03,Femme,Oujda,0777331680,2025-08-12,Influenceur
CLI01073,El Mansouri,Reda,reda.elmansouri@gmail.com,2004-07-08,1,TETOUAN,0625209452,2025-01-01,Email
CLI04008,El Amrani,Driss,driss.elamrani62@yahoo.fr,1983-12-13,Homme,Oujda,0726597984,2023-10-12,Email
CLI02230,Lamrani,Naima,naimalamrani@outlook.com,2001-12-10,0,Béni Mellal,0770317056,2023-02-17,Affichage
CLI03960,Berrada,Othmane,othmane-berrada@outlook.com,2006-11-16,1,Kenitra,0633177736,2025-05-29,Recommandation
CLI03671,Berrada,Jamal,jamalberrada@gmail.com,1999-03-30,H,Safi,0696232686,2024-01-10,Facebook
CLI01919,Lahlou,Aziz,aziz_lahlou@hotmail.com,2009-07-16,H,Kenitra,0779936427,2022-07-01,Email
CLI01505,Ouazzani,Laila,laila.ouazzani@hotmail.com,1982-01-27,female,Tétouan,0722094003,2024-10-06,Direct
CLI00127,Hajji,Mohammed,mohammed-hajji@outlook.com,1982-06-26,H,Oujda,0611219656,2022-06-25,TikTok
CLI02159,Filali,Issam,issam-filali@outlook.com,1975-09-17,m,Marrakech,0768893861,2022-10-07,Influenceur
CLI03798,Ouazzani,Abdellatif,abdellatif_ouazzani@outlook.com,1993-04-06,H,el jadida,0766546439,2024-09-18,Affichage
CLI00133,Benjelloun,Ghita,ghita.benjelloun@menara.ma,1957-01-25,F,Marrakech,0695180238,2024-07-15,Google SEO
CLI04483,Naciri,Amina,amina.naciri@yahoo.fr,1966-10-08,female,Meknès,0642172540,2025-06-20,Instagram
CLI02641,El Fassi,Malika,malika_elfassi@outlook.com,2006-08-25,female,Béni Mellal,0774364254,2022-09-21,Facebook
CLI00320,El Moussaoui,Omar,omar_elmoussaoui@gmail.com,1955-09-19,Homme,Agadir,0754090034,2025-07-09,Affichage
CLI01831,Fennich,Reda,reda.fennich@outlook.com,1948-01-11,Homme,El Jadida,0610408384,2026-01-16,Email
CLI03145,Fennich,Ayoub,ayoub.fennich@gmail.com,1994-03-26,Homme,TAZA,0709955506,2024-12-13,Facebook
CLI03169,Benkirane,Souad,souad_benkirane@gmail.com,1946-06-09,female,Safi,0672725906,2022-05-28,Email
CLI04064,El Hajjaji,Younes,younes.elhajjaji@gmail.com,1957-06-29,H,Casablanca,0686861183,2025-08-16,TV
CLI02424,Filali,Oumaima,oumaimafilali@menara.ma,1981-01-22,Femme,Tanger,0724261033,2024-10-04,Facebook
CLI02740,El Amrani,Riad,riad.elamrani@hotmail.com,1993-01-30,male,Tétouan,0682683138,2024-07-31,Google SEO
CLI02143,El Mansouri,Loubna,loubna_elmansouri@hotmail.com,1990-08-05,f,Safi,0620307108,2023-08-24,Instagram
CLI00941,Tazi,Nabil,nabil.tazi@gmail.com,1960-03-14,m,Taza,0732772648,2025-12-13,Affichage
CLI03441,El Fassi,Btissam,btissam.elfassi48@hotmail.com,1954-09-25,f,Taza,0735924445,2025-09-08,Google SEO
CLI02623,Drissi,Mohammed,mohammeddrissi80@hotmail.com,1951-08-07,Homme,Fès,0768620753,2022-04-08,TV
CLI02208,Kettani,Sara,sara.kettani30@menara.ma,1972-08-04,0,Marrakech,0733736090,2024-08-17,Affichage
CLI01538,Zeroual,Fouad,fouad.zeroual@outlook.com,1983-06-27,male,Tanger,0785688886,2024-01-05,Instagram
CLI03021,El Moussaoui,Fouad,fouadelmoussaoui56@yahoo.fr,1984-08-06,Homme,Tanger,0792512118,2025-12-22,TV
CLI03333,Guerrouj,Oumaima,oumaima_guerrouj@outlook.com,1999-09-26,0,Safi,0715361451,2024-11-23,Affichage
CLI00045,Filali,Salma,salma.filali@outlook.com,1976-07-19,f,Safi,0670985931,2025-09-22,Direct
CLI00759,Kettani,Rachid,rachid_kettani@outlook.com,1979-07-18,1,Safi,0602730086,2024-10-22,TV
CLI00572,El Bakkali,Hamid,hamid_elbakkali30@outlook.com,2007-01-19,M,Agadir,0779252985,2024-11-16,Affichage
CLI01735,Naciri,Hassan,hassannaciri@menara.ma,1953-03-08,m,Tétouan,0638041917,2024-05-16,Instagram
CLI03658,Bakkali,Rania,rania.bakkali@hotmail.com,1969-01-23,0,El Jadida,0613521485,2025-12-20,Direct
CLI02749,Benkirane,Driss,driss.benkirane@yahoo.fr,1945-12-20,1,Casablanca,0704204730,2022-08-23,Affichage
CLI01262,Hajji,Omar,omar.hajji@menara.ma,2005-10-10,m,oujda,0745385653,2025-06-28,TikTok
CLI04289,Fennich,Ilyas,ilyas-fennich@gmail.com,1971-05-16,M,Safi,0677150613,2023-09-04,Affichage
CLI01643,El Andaloussi,Dounia,dounia-elandaloussi@outlook.com,1980-07-30,0,Béni Mellal,0709121040,2022-09-02,Direct
CLI02665,Benjelloun,Zineb,zineb-benjelloun66@yahoo.fr,1998-06-24,F,Oujda,0745454472,2025-06-06,Direct
CLI00168,Lamrani,Nour,nourlamrani2@yahoo.fr,1999-03-14,F,Béni Mellal,0614374470,2025-10-29,Instagram
CLI04682,Filali,Sara,sara.filali60@menara.ma,1955-08-05,0,El Jadida,0700658689,2025-02-08,Facebook
CLI03866,Kettani,Dounia,dounia_kettani@hotmail.com,1999-08-20,F,Safi,0790010380,2024-04-15,Instagram
CLI02974,El Mansouri,Manal,manal_elmansouri@menara.ma,1999-08-07,F,Tanger,0766101061,2024-10-01,TV
CLI04472,Boulahia,Khadija,khadija_boulahia@menara.ma,1957-07-01,female,Rabat,0752799366,2025-10-16,Facebook
CLI04455,El Khamlichi,Manal,manal_elkhamlichi@yahoo.fr,1961-02-05,0,Meknès,0659826810,2025-04-23,TikTok
CLI00607,Saidi,Ali,ali-saidi@yahoo.fr,1998-03-24,1,Rabat,0734755752,2022-09-30,Facebook
CLI04042,Belkadi,Hicham,hicham_belkadi@hotmail.com,1956-02-10,male,béni mellal,0617050757,2025-07-13,Affichage
CLI01597,Hajji,Ali,alihajji@menara.ma,2009-01-01,Homme,Agadir,0655777917,2023-11-14,Recommandation
CLI00773,Naciri,Hamid,hamid-naciri@outlook.com,2005-06-12,1,Safi,0635040566,2024-02-05,TV
CLI01021,Zeroual,Siham,sihamzeroual@gmail.com,1890-01-01,f,MEKNES,0752403211,2023-05-06,TikTok
CLI03822,Naciri,Widad,widad-naciri@gmail.com,2010-02-25,F,Marrakech,0717193225,2025-03-26,Direct
CLI02875,El Ouafi,Rachid,rachid.elouafi7@yahoo.fr,1974-01-13,1,Tanger,0786064144,2025-01-05,Facebook
CLI00054,El Azzouzi,Siham,sihamelazzouzi82@gmail.com,2007-03-22,female,Agadir,0654599102,2023-10-15,Facebook
CLI01082,Bensouda,Hamid,hamid-bensouda@outlook.com,1951-11-10,1,Rabat,0773923852,2024-11-19,Google SEO
CLI03858,Ksikes,Yasmine,yasmine-ksikes49@hotmail.com,2006-10-03,f,Tnja,0667023175,2023-01-04,Google SEO
CLI04598,Ziani,Nadia,nadia-ziani@hotmail.com,1964-06-30,f,Rabat,0712624089,2023-12-15,Facebook
CLI04380,Mernissi,Amina,amina_mernissi@yahoo.fr,2003-09-11,Femme,Meknès,0757002462,2025-12-27,TV
CLI00004,Filali,Badr,badrfilali@hotmail.com,1984-12-04,M,Taza,0713315098,2023-11-16,Email
CLI02527,El Amrani,Yasmine,yasmineelamrani@yahoo.fr,1966-01-18,0,Safi,0682987908,2025-12-06,Influenceur
CLI01528,Benkirane,Salma,salma_benkirane87@outlook.com,1952-11-08,Femme,Casablanca,0612821938,2023-04-02,Influenceur
CLI00247,Drissi,Badr,badr_drissi39@gmail.com,1968-11-09,M,Nador,0647214586,2023-12-08,Affichage
CLI01032,El Bakkali,Nabil,nabil_elbakkali@hotmail.com,2004-12-16,1,Nador,0718870179,2024-06-29,TV
CLI01695,Alaoui,Oumaima,oumaima-alaoui@yahoo.fr,1989-09-04,F,Taza,0670472334,2024-01-07,Recommandation
CLI02037,Benkirane,Najat,najatbenkirane@yahoo.fr,2002-03-26,f,El Jadida,0634147756,2023-10-24,Affichage
CLI03630,Oulhaj,Hassan,hassan.oulhaj62@gmail.com,1981-12-23,male,Meknès,0780901517,2025-05-12,Recommandation
CLI01741,Bensouda,Chaimae,chaimae.bensouda@hotmail.com,2003-09-27,Femme,Agadir,0602358937,2025-05-21,Direct
CLI00180,Idrissi,Abdellatif,abdellatif.idrissi57@yahoo.fr,1981-06-23,H,Kenitra,0634721228,2023-01-12,Instagram
CLI02778,Tahiri,Issam,issam.tahiri@gmail.com,1951-02-02,M,Agadir,0609479479,2023-05-26,Facebook
CLI02937,Rhazouani,Souad,souad.rhazouani@outlook.com,1956-02-09,female,Tétouan,0694787454,2025-09-19,TikTok
CLI02484,Lamrani,Siham,siham.lamrani20@yahoo.fr,1971-01-03,F,Taza,0701632703,2023-10-18,Recommandation
CLI01639,Bouyahia,Yasmine,yasmine_bouyahia@menara.ma,1970-12-29,f,Kenitra,0755375826,2025-11-08,Affichage
CLI04602,Guerrouj,Samira,samira.guerrouj35@hotmail.com,1951-07-05,Femme,Tanger,0671169174,2026-03-10,Instagram
CLI01882,Boulahia,Fouad,fouadboulahia@gmail.com,1947-12-29,M,Nador,0702613534,2024-11-12,Facebook
CLI00889,Bensouda,Zineb,zinebbensouda83@hotmail.com,1995-08-11,Femme,Marrakech,0630753841,2023-07-29,Affichage
CLI03094,Kettani,Walid,walid_kettani@menara.ma,1958-03-20,m,Fès,0613787187,2025-11-17,TV
CLI01104,Chraibi,Dounia,douniachraibi@gmail.com,1945-07-30,F,tangier,0606548708,2025-01-20,Recommandation
CLI03535,Benhaddou,Mariam,mariam_benhaddou@menara.ma,1960-03-19,Femme,Safi,0700804435,2025-10-02,Affichage
CLI03998,Bakkali,Widad,widad-bakkali@gmail.com,1967-10-20,Femme,Taza,0612484417,2025-08-02,Instagram
CLI00631,El Fassi,Nabil,nabilelfassi@gmail.com,1952-12-18,Homme,Tanger,0635826862,2024-01-08,Direct
CLI02834,Rhazouani,Ghita,ghita.rhazouani@outlook.com,2015-06-01,0,Agadir,0600455786,2023-04-04,Affichage
CLI01401,Bouyahia,Ali,ali-bouyahia@outlook.com,1982-05-04,m,Rabat,0745116089,2024-01-09,TikTok
CLI01417,Drissi,Sara,sara.drissi72@yahoo.fr,1968-09-07,F,Taza,0606322801,2025-05-25,Facebook
CLI04875,Bouazza,Rania,rania-bouazza@hotmail.com,1977-12-15,Femme,TAZA,0783174827,2024-04-16,Influenceur
CLI02126,Guerrouj,Nassim,nassim_guerrouj41@hotmail.com,1950-09-16,m,El Jadida,0781098176,2025-09-24,Influenceur
CLI01859,Bouazza,Riad,riadbouazza@hotmail.com,1970-02-13,Homme,Marrakech,0672123848,2023-08-16,Direct
CLI01334,Ouazzani,Laila,lailaouazzani@menara.ma,1948-06-13,female,Tétouan,0601828523,2025-12-02,Email
CLI00134,Benhaddou,Hassan,hassan_benhaddou59@yahoo.fr,2008-10-30,Homme,Fès,0759738320,2022-11-03,Influenceur
CLI02944,El Bakkali,Souad,souad.elbakkali@menara.ma,1969-11-14,0,Oujda,0702598458,2022-11-26,TikTok
CLI02042,El Bakkali,Driss,driss_elbakkali@outlook.com,1969-06-30,Homme,Casablanca,0635288899,2024-08-25,Google SEO
CLI04734,Errami,Salma,salma.errami@yahoo.fr,1972-05-24,0,Tétouan,0778350169,2025-05-26,Email
CLI01946,Hajji,Karim,karimhajji53@outlook.com,1955-07-12,male,Meknès,0748294350,2023-09-23,Google SEO
CLI01923,Cherkaoui,Rachid,rachid-cherkaoui@hotmail.com,1890-01-01,Homme,Tétouan,0617844988,2025-09-25,Email
CLI01685,Filali,Mehdi,mehdi-filali33@outlook.com,1984-02-20,Homme,Tétouan,0642200722,2023-12-27,Direct
CLI03831,Cherkaoui,Dounia,dounia_cherkaoui96@hotmail.com,1978-12-24,female,El Jadida,0689893651,2024-01-05,TV
CLI03977,El Bakkali,Imane,imane-elbakkali@gmail.com,1986-10-20,female,Rabat,0617449459,2022-04-23,Affichage
CLI00710,Benomar,Brahim,brahim_benomar@hotmail.com,1985-05-05,H,Oujda,0612424462,2024-12-15,Influenceur
CLI04693,Cherkaoui,Ghita,ghitacherkaoui1@yahoo.fr,1998-06-29,0,Oujda,0647751525,2022-07-20,Influenceur
CLI02543,Rhazouani,Ayoub,ayoub_rhazouani@menara.ma,2009-05-22,m,Taza,0733562395,2022-08-13,Google SEO
CLI92840,Ouazzani,Adil,adil.ouazzani@yahoo.fr,1971-02-28,H,oujda,0722593648,2024-06-08,Affichage
CLI03738,Ouazzani,Issam,issam.ouazzani@outlook.com,2007-04-20,H,Agadir,0717294889,2023-03-30,Affichage
CLI02660,Ksikes,Houda,houda-ksikes@yahoo.fr,1890-01-01,Femme,Oujda,0658423022,2023-05-21,Direct
CLI04464,Lahlou,Omar,omarlahlou82@outlook.com,1952-04-06,Homme,Tétouan,0771267365,2024-02-03,Google SEO
CLI00401,Moussaoui,Ali,ali_moussaoui27@hotmail.com,1959-05-27,m,Casablanca,0668646225,2026-04-28,Facebook
CLI01771,El Hajjaji,Younes,pasdearobase.com,1962-01-14,male,Taza,0781851331,2024-05-18,Instagram
CLI02438,Boulahia,Simo,simo-boulahia78@menara.ma,1970-09-09,M,Nador,0635219609,2023-02-25,Instagram
CLI01606,Naciri,Fatima,fatima_naciri@menara.ma,2001-11-21,F,Kenitra,0679157829,2024-07-16,Google SEO
CLI01190,Zeroual,Imane,imane.zeroual89@outlook.com,1973-09-13,F,Agadir,0791150101,2025-09-10,Influenceur
CLI01802,Fennich,Ghita,ghitafennich50@outlook.com,1998-04-23,0,rabat,0736891080,2026-03-19,Recommandation
CLI03764,El Andaloussi,Fatima,fatima.elandaloussi@menara.ma,1982-12-23,F,Tétouan,0778979269,2024-09-27,Instagram
CLI02268,Bensouda,Othmane,othmane-bensouda@gmail.com,1994-05-19,M,Meknès,0792960586,2022-12-15,TikTok
CLI02110,Chraibi,Loubna,loubna.chraibi@yahoo.fr,1961-12-11,f,Marrakech,0680540092,2024-12-05,Email
CLI01162,Guerrouj,Hamid,hamid.guerrouj@outlook.com,1988-03-11,m,FES,0670632503,2024-01-21,Instagram
CLI04246,Benjelloun,Hind,hind-benjelloun43@gmail.com,1957-02-18,0,Nador,0704486010,2025-01-07,Instagram
CLI04248,Chakir,Imane,imanechakir99@hotmail.com,2006-02-17,F,Tétouan,0642171152,2023-04-11,Facebook
CLI01071,Benkirane,Simo,simobenkirane@outlook.com,1993-10-14,1,Meknès,0653026184,2023-02-06,Google SEO
CLI00048,Lahlou,Naima,naima-lahlou@gmail.com,1983-07-17,F,Béni Mellal,0642284210,2025-07-03,Facebook
CLI00877,Rhazouani,Manal,manal.rhazouani36@outlook.com,1994-03-31,female,El Jadida,0695948152,2023-05-01,Influenceur
CLI00319,Filali,Houssam,houssamfilali16@gmail.com,1969-11-29,H,Taza,0732123476,2025-01-03,Recommandation
CLI00593,Chraibi,Fatima,fatima.chraibi@outlook.com,1995-09-09,0,Oujda,0690477425,2023-04-28,Affichage
CLI03113,Tazi,Fatima,fatima_tazi@yahoo.fr,1975-09-17,0,Fès,0668080682,2023-11-10,Recommandation
CLI04859,Tahiri,Anass,anass.tahiri@yahoo.fr,1952-02-20,male,béni mellal,0644220976,2022-04-28,Affichage
CLI04747,El Ouafi,Widad,widad-elouafi@hotmail.com,1970-01-26,Femme,Rabat,0655708747,2026-03-10,Influenceur
CLI97509,Fennich,Walid,walid.fennich65@yahoo.fr,1996-07-27,Homme,MARRAKECH,0789476973,2025-09-04,TikTok
CLI01681,El Hajjaji,Salma,salma-elhajjaji@outlook.com,1981-11-22,f,Oujda,0626661539,2024-09-18,Email
CLI04419,Hajji,Laila,laila-hajji85@menara.ma,1951-01-02,F,Nador,0717756565,2023-05-16,Affichage
CLI03915,Ksikes,Hanane,hanane-ksikes@menara.ma,1945-05-24,Femme,Marrakech,0665849144,2023-04-12,Instagram
CLI03846,Ouazzani,Sanaa,sanaa.ouazzani@yahoo.fr,1990-02-08,Femme,Agadir,0797169917,2025-06-04,TikTok
CLI02066,Chakir,Houssam,houssam_chakir98@outlook.com,1970-11-19,Homme,Tétouan,0643876738,2023-11-20,Recommandation
CLI04227,Ouazzani,Soufiane,soufiane-ouazzani@yahoo.fr,1951-09-12,m,Oujda,0653966086,2024-10-02,Google SEO
CLI00926,El Hajjaji,Omar,omarelhajjaji@menara.ma,1989-09-19,m,Rabat,0689633761,2025-01-21,Affichage
CLI00031,Ouazzani,Fouad,fouad_ouazzani@menara.ma,1998-01-23,H,Fès,0681206797,2025-06-14,Recommandation
CLI03904,Bakkali,Ahmed,ahmedbakkali@yahoo.fr,1987-08-10,M,Kénitra,0799123065,2025-04-05,TikTok
CLI01318,Bakkali,Amina,amina_bakkali@gmail.com,1951-10-27,Femme,Tanger,0743459731,2025-12-28,Direct
CLI03765,Lamrani,Samira,samira_lamrani@outlook.com,1983-02-08,Femme,Kenitra,0697876824,2025-11-18,TikTok
CLI01149,El Andaloussi,Hind,hind.elandaloussi@yahoo.fr,2008-09-05,Femme,Taza,0713068624,2022-08-31,Google SEO
CLI04270,Moussaoui,Hamid,hamid-moussaoui53@hotmail.com,1999-07-10,M,Tanger,0790647395,2025-08-05,Affichage
CLI04095,Mernissi,Imane,imane-mernissi@menara.ma,2000-06-01,Femme,Meknès,0683892166,2022-11-22,Facebook
CLI00311,El Moussaoui,Badr,badrelmoussaoui@outlook.com,1989-08-25,male,Tétouan,0745009025,2024-03-19,TikTok
CLI00347,Mernissi,Samir,samirmernissi@hotmail.com,1953-05-28,male,Béni Mellal,0641085628,2024-01-24,Affichage
CLI03455,Oulhaj,Abdellatif,abdellatifoulhaj66@outlook.com,1977-06-13,M,tanja,0661758692,2025-08-20,Direct
CLI04035,Bakkali,Widad,widad-bakkali@outlook.com,1961-08-10,0,Meknès,0683466117,2026-01-06,Recommandation
CLI01000,Chraibi,Younes,younes_chraibi1@menara.ma,1969-05-08,1,Meknès,0727896157,2023-07-15,Email
CLI04339,Hajji,Simo,simo-hajji@yahoo.fr,1947-06-20,M,Taza,0650192271,2025-01-11,TV
CLI04867,Mernissi,Siham,siham_mernissi@yahoo.fr,2001-12-14,female,Rabat,0691171073,2024-12-27,Google SEO
CLI02965,Moussaoui,Hicham,hichammoussaoui@hotmail.com,1947-03-18,H,Rabat,0666296682,2025-09-04,Direct
CLI02522,El Bakkali,Sara,sara-elbakkali60@hotmail.com,1948-11-15,female,Taza,0768532414,2024-10-24,Affichage
CLI01556,El Hamdouchi,Siham,siham-elhamdouchi@outlook.com,1993-07-14,F,Nador,0757688155,2025-04-18,TV
CLI04039,Boulahia,Btissam,btissamboulahia@hotmail.com,1990-07-25,female,Nador,0702491246,2023-08-01,TV
CLI03433,Bensouda,Oumaima,oumaima.bensouda42@gmail.com,1946-03-02,female,Tétouan,0701624445,2022-05-16,Instagram
CLI03095,Oulhaj,Ilyas,ilyas-oulhaj@menara.ma,2002-07-18,male,casablanca,0784009062,2023-09-08,TikTok
CLI04476,Benjelloun,Riad,riad_benjelloun@yahoo.fr,1995-08-19,M,Oujda,0712229593,2025-03-08,TikTok
CLI04543,Saidi,Widad,widad-saidi@menara.ma,1958-09-25,0,Fès,0690695422,2024-08-28,Email
CLI01571,Benjelloun,Hanane,hanane-benjelloun@menara.ma,1992-01-07,female,Rabat,0768722037,2022-09-17,Email
CLI01871,Benjelloun,Jamal,jamal_benjelloun@menara.ma,1945-08-15,m,Béni Mellal,0787235784,2024-07-15,TikTok
CLI01780,Benjelloun,Younes,younes_benjelloun@gmail.com,1987-05-18,M,tétouan,0725394185,2026-04-30,Recommandation
CLI00440,Drissi,Mariam,mariamdrissi@gmail.com,1993-05-04,F,Nador,0602314290,2025-09-18,Google SEO
CLI03944,Mernissi,Khalid,khalid.mernissi@yahoo.fr,1949-05-30,Homme,El Jadida,0782924590,2025-06-02,TV
CLI02783,Saidi,Widad,widadsaidi28@gmail.com,1985-02-01,Femme,El Jadida,0709912691,2022-07-22,Direct
CLI03502,Ksikes,Ilyas,ilyas-ksikes79@hotmail.com,2000-02-29,H,Safi,0661845672,2025-04-11,Direct
CLI00314,Errami,Mariam,mariam.errami34@menara.ma,2003-12-07,F,El Jadida,0691954198,2022-10-30,Direct
CLI00129,El Mansouri,Hassan,hassan_elmansouri73@yahoo.fr,1956-11-13,H,Tanger,0604300684,2025-12-03,Affichage
CLI02667,Tazi,Manal,manal-tazi@outlook.com,1993-11-29,female,Taza,0687879091,2025-03-09,Facebook
CLI03231,Zeroual,Youssef,youssefzeroual18@outlook.com,1967-04-30,H,Tanger,0707588222,2026-02-14,Direct
CLI01429,Tahiri,Zineb,zinebtahiri6@hotmail.com,1964-10-02,F,fez,0732453527,2022-11-14,TV
CLI04198,Benhaddou,Fatima,fatimabenhaddou@hotmail.com,1968-03-12,0,Casablanca,0799207705,2026-01-15,Direct
CLI01223,Bensouda,Ghita,ghitabensouda@menara.ma,1982-12-06,female,Agadir,0776030409,2022-12-31,Email
CLI01813,Hajji,Nassim,nassim.hajji@hotmail.com,2007-10-19,M,Agadir,0626134097,2022-05-23,Email
CLI03953,Ksikes,Samir,samirksikes@outlook.com,1957-01-03,H,Marrakech,0767192247,2024-07-22,Affichage
CLI03937,Naciri,Loubna,loubna.naciri@hotmail.com,1946-07-13,female,Tétouan,0724372436,2022-11-15,Direct
CLI03684,Benali,Younes,younes-benali@outlook.com,1977-04-21,1,Kenitra,0783326210,2023-11-26,Google SEO
CLI02315,Zeroual,Latifa,latifa-zeroual@gmail.com,1947-12-27,female,Marrakech,0795829565,2025-02-17,Influenceur
CLI04766,Ouazzani,Karim,karim.ouazzani@gmail.com,1956-07-22,m,Béni Mellal,0643571102,2023-11-08,Email
CLI03820,Bakkali,Othmane,othmanebakkali53@hotmail.com,1948-05-18,male,Agadir,0666955392,2025-10-14,Instagram
CLI04635,Benomar,Hamid,hamid.benomar70@outlook.com,1978-02-28,M,Kenitra,0788159061,2025-06-19,TV
CLI02128,El Bakkali,Loubna,loubna_elbakkali@outlook.com,1968-02-08,0,Rabat,0777689977,2024-05-29,Email
CLI00367,Tahiri,Naima,naima-tahiri@gmail.com,1954-04-02,f,Taza,0665120704,2025-12-28,TV
CLI04740,Guerrouj,Zineb,zineb-guerrouj@hotmail.com,1999-04-11,Femme,Béni Mellal,0716454411,2025-08-31,Facebook
CLI03059,Lahlou,Nabil,nabil_lahlou@gmail.com,1985-01-29,H,Safi,0708194448,2024-02-12,TV
CLI03375,Benali,Mehdi,mehdi.benali@menara.ma,1982-08-10,Homme,Fès,0678236910,2023-12-13,TV
CLI00515,Boulahia,Yasmine,yasmine_boulahia48@menara.ma,2004-12-10,0,Tétouan,0658895369,2025-09-26,Google SEO
CLI00425,Benjelloun,Ilyas,ilyas.benjelloun@yahoo.fr,1965-04-21,M,Agadir,0681447443,2025-09-12,Google SEO
CLI02298,El Fassi,Simo,simo_elfassi89@yahoo.fr,1958-02-08,M,Casablanca,0716535955,2025-10-15,Email
CLI00024,Guerrouj,Rachid,rachid.guerrouj40@menara.ma,1961-10-27,M,Nador,0614919058,2022-06-17,Influenceur
CLI02103,Tazi,Khadija,khadija.tazi50@yahoo.fr,1969-05-03,female,Tétouan,0790019233,2023-12-10,Instagram
CLI04502,Chakir,Widad,widadchakir41@menara.ma,1945-09-22,F,Safi,0625270612,2025-11-09,Facebook
CLI01787,Cherkaoui,Ghita,ghita.cherkaoui50@gmail.com,2009-12-06,Femme,Marrakech,0738916244,2023-11-08,Instagram
CLI02758,El Moussaoui,Malika,malikaelmoussaoui@gmail.com,1990-01-01,F,Tanger,0625937581,2022-07-28,Affichage
CLI02281,Zeroual,Nassim,nassim_zeroual@menara.ma,1957-04-11,m,Nador,0698804093,2023-06-30,Email
CLI03279,Benomar,Amine,amine.benomar@gmail.com,1953-12-06,M,Meknès,0746431029,2025-06-08,Instagram
CLI01971,Chraibi,Walid,walid_chraibi@yahoo.fr,1996-11-28,m,Meknès,0729658636,2025-11-25,Google SEO
CLI04349,Ksikes,Najat,najat_ksikes@yahoo.fr,1972-07-05,female,TETOUAN,0632371535,2024-09-10,Direct
CLI01626,Oulhaj,Riad,riadoulhaj@menara.ma,1951-09-12,H,Nador,0638771239,2024-04-02,Affichage
CLI03634,Lamrani,Dounia,dounia_lamrani@outlook.com,1984-05-21,0,Nador,0699194576,2025-08-04,Email
CLI03394,Tahiri,Hamid,hamid_tahiri@gmail.com,1993-09-16,M,Oujda,0670599446,2023-10-12,Instagram
CLI00448,Lahlou,Anass,anass_lahlou@outlook.com,1966-10-02,male,Rabat,0609282066,2025-09-16,Direct
CLI95299,Moussaoui,Amina,amina-moussaoui@gmail.com,2008-12-19,f,El Jadida,0683397178,2024-06-02,TikTok
CLI03622,El Moussaoui,Karim,karim-elmoussaoui@yahoo.fr,2000-11-05,m,Agadir,0663978690,2023-08-22,Email
CLI03205,Ziani,Brahim,brahim-ziani99@outlook.com,1997-03-16,1,Kenitra,0736680295,2024-11-11,TikTok
CLI02459,El Bakkali,Hind,hind-elbakkali@menara.ma,1969-07-27,Femme,Rabat,0651747529,2023-03-01,Recommandation
CLI01898,Ksikes,Hassan,hassan_ksikes@menara.ma,2009-12-13,M,Safi,0796401014,2024-03-25,Influenceur
CLI03407,Hajji,Ghita,ghita.hajji@yahoo.fr,1961-07-28,0,kénitra,0736749281,2025-06-08,Affichage
CLI02745,Moussaoui,Nassim,nassim-moussaoui9@gmail.com,1962-10-06,male,Marrakech,0697923410,2026-04-10,Facebook
CLI00258,Ksikes,Houda,houda_ksikes@menara.ma,1996-10-14,0,marrakech,0648769639,2023-03-20,Email
CLI03055,Errami,Amine,amine-errami90@hotmail.com,1947-12-12,M,Casablanca,0725969718,2025-10-13,TikTok
CLI02188,El Bakkali,Jamal,jamal-elbakkali@gmail.com,1956-12-22,H,Tanger,0704310550,2025-12-02,Email
CLI02153,Benali,Latifa,latifa.benali89@gmail.com,1957-01-12,female,Casablanca,0642022305,2022-07-19,TV
CLI01647,El Ghazi,Khalid,khalid_elghazi@hotmail.com,1996-08-12,Homme,Marrakech,0623936276,2022-07-03,Instagram
CLI00144,Benjelloun,Aziz,aziz_benjelloun76@gmail.com,1992-03-15,male,Agadir,0791545226,2025-12-04,Direct
CLI00747,Benali,Nabil,nabil.benali@yahoo.fr,1995-08-02,m,Fès,0757744916,2026-04-05,Google SEO
CLI04400,Chakir,Sara,sara-chakir@menara.ma,2000-08-22,0,Oujda,0635248807,2024-11-14,Instagram
CLI01931,Fennich,Latifa,latifafennich@menara.ma,1976-12-23,f,El Jadida,0674420540,2023-10-30,TikTok
CLI02548,Benkirane,Salma,salma.benkirane65@yahoo.fr,1890-01-01,0,RABAT,0743784710,2025-02-22,Direct
CLI03523,El Ouafi,Karim,karimelouafi@gmail.com,1987-09-12,1,Meknès,0748567868,2024-02-15,TV
CLI00111,Boulahia,Manal,manal_boulahia@hotmail.com,1969-12-18,F,Béni Mellal,0656465193,2023-02-07,TV
CLI95742,Bouazza,Youssef,youssef-bouazza64@menara.ma,1995-09-04,1,tetouan,0728396324,2024-09-21,Direct
CLI99869,El Hajjaji,Rania,rania-elhajjaji@outlook.com,1963-12-24,f,Fès,0742462712,2023-02-16,Email
CLI02214,El Ouafi,Adil,adil.elouafi64@menara.ma,1996-12-05,1,Rabat,0707438203,2024-08-10,TV
CLI01252,Drissi,Houssam,houssam.drissi@outlook.com,1951-05-28,1,Casablanca,0614971103,2023-11-26,Affichage
CLI00742,Benkirane,Khadija,khadija-benkirane@yahoo.fr,1955-01-31,F,Nador,0664625540,2023-09-28,Facebook
CLI03359,Saidi,Driss,drisssaidi@gmail.com,1999-02-24,M,Kenitra,0776520562,2026-01-12,Facebook
CLI01014,Ouazzani,Omar,omarouazzani@outlook.com,1968-02-19,M,Agadir,0697499507,2024-08-17,Google SEO
CLI02360,Boulahia,Khalid,khalid-boulahia@menara.ma,1974-04-09,H,Kenitra,0669328940,2024-06-29,Instagram
CLI04262,Benali,Sara,sarabenali63@outlook.com,1970-04-26,F,Safi,0662184817,2023-11-14,Direct
CLI01762,El Mansouri,Issam,issam-elmansouri@gmail.com,1981-06-23,M,Casablanca,0609966763,2025-10-08,Direct
CLI02069,Saidi,Mariam,mariam.saidi1@menara.ma,1989-05-28,f,Rabat,0737380131,2024-12-25,Affichage
CLI02181,Bakkali,Yasmine,yasminebakkali@menara.ma,1945-12-21,f,Safi,0729148356,2022-04-20,TikTok
CLI03048,El Hamdouchi,Brahim,brahimelhamdouchi@gmail.com,1978-02-11,Homme,Meknès,0748943380,2022-12-15,TikTok
CLI01408,Belkadi,Mohammed,mohammed-belkadi@outlook.com,1991-02-03,Homme,Tanger,0636999528,2024-09-30,TikTok
CLI04245,El Hajjaji,Mustapha,mustapha_elhajjaji72@menara.ma,1949-11-20,male,Rabat,0609319938,2022-10-14,TV
CLI01025,Naciri,Mustapha,mustapha-naciri42@menara.ma,1954-05-22,male,Tanger,0767292543,2025-05-14,TikTok
CLI00055,El Amrani,Omar,omar_elamrani@outlook.com,1947-07-16,male,Casablanca,0761497840,2023-06-17,Email
CLI04692,Bouyahia,Fatima,fatima.bouyahia24@hotmail.com,1961-07-25,Femme,El Jadida,0756625282,2025-09-08,TikTok
CLI00780,Oulhaj,Rachid,rachidoulhaj94@menara.ma,2015-06-01,male,Kenitra,0762258660,2023-06-13,TikTok
CLI02599,El Amrani,Rim,rim-elamrani@hotmail.com,1986-03-30,female,Meknès,0740307505,2025-05-22,TV
CLI04828,Berrada,Naima,naima.berrada@hotmail.com,1951-10-11,f,marrakesh,0683586558,2023-10-13,Instagram
CLI02392,Belkadi,Mustapha,mustapha_belkadi@hotmail.com,2003-10-05,m,OUJDA,0747414124,2025-02-27,Google SEO
CLI03784,Cherkaoui,Hafida,hafida-cherkaoui@outlook.com,1983-09-10,F,Rabat,0664249148,2025-10-17,TikTok
CLI01363,Tahiri,Nassim,nassim.tahiri@outlook.com,2004-05-09,m,Tétouan,0678844790,2025-02-10,TV
CLI02039,Lamrani,Aziz,aziz_lamrani@hotmail.com,1947-11-04,Homme,Safi,0762220834,2025-06-11,Influenceur
CLI02981,Belkadi,Younes,younes-belkadi@gmail.com,1962-06-29,m,Casablanca,0689098308,2025-09-03,Direct
CLI04715,Lahlou,Younes,younes-lahlou12@gmail.com,1999-05-27,m,Rabat,0655001792,2025-10-24,Facebook
CLI03373,Kettani,Rim,rimkettani@menara.ma,1986-11-06,F,Meknès,0750660116,2022-12-19,TikTok
CLI02130,El Azzouzi,Brahim,brahim-elazzouzi84@hotmail.com,1970-09-09,male,Meknès,0615953384,2023-01-07,Instagram
CLI00711,Ziani,Houda,houda_ziani@yahoo.fr,2002-03-30,0,Fès,0642175188,2026-04-25,Direct
CLI03180,Benjelloun,Soufiane,soufianebenjelloun@hotmail.com,1953-11-03,1,Tnja,0611135492,2022-03-30,TikTok
CLI02885,Tazi,Souad,souad.tazi@gmail.com,1992-10-28,f,Nador,0673855555,2025-12-29,Google SEO
CLI04560,El Bakkali,Walid,walid-elbakkali@yahoo.fr,1980-07-05,male,Agadir,0646840894,2026-04-17,Google SEO
CLI04142,Bouyahia,Zineb,zineb.bouyahia@yahoo.fr,1946-04-04,0,NADOR,0625157538,2022-07-08,Google SEO
CLI00081,Fennich,Salma,salma-fennich@yahoo.fr,2000-10-23,f,Safi,0621655852,2022-11-02,Email
CLI01878,Rhazouani,Imane,imane-rhazouani@yahoo.fr,1996-02-20,Femme,Oujda,0798762295,2025-08-14,Direct
CLI00188,El Hamdouchi,Oumaima,oumaimaelhamdouchi86@menara.ma,2001-12-31,f,Agadir,0631491357,2024-06-23,Direct
CLI01472,El Azzouzi,Dounia,dounia_elazzouzi@yahoo.fr,1980-12-04,female,Kenitra,0626489710,2025-02-20,Google SEO
CLI04028,El Khamlichi,Younes,younes-elkhamlichi@menara.ma,2015-06-01,M,Safi,0681352462,2023-02-02,Recommandation
CLI00857,Bouazza,Jamal,jamal_bouazza@menara.ma,1981-06-13,m,Kenitra,0753595205,2025-05-10,Influenceur
CLI03121,Ksikes,Ghita,ghita-ksikes85@hotmail.com,1952-12-02,f,Kenitra,0644173098,2024-05-07,Instagram
CLI01873,Ouazzani,Hind,hind.ouazzani@hotmail.com,2007-05-12,Femme,Tanger,0645840892,2026-01-29,Facebook
CLI02528,Ziani,Reda,reda_ziani@outlook.com,2004-03-16,1,Tétouan,0696701552,2024-05-15,Facebook
CLI02285,Oulhaj,Oumaima,oumaima.oulhaj52@menara.ma,1967-11-12,f,Meknès,0716765599,2025-02-10,TV
CLI03082,Ksikes,Manal,manal.ksikes14@hotmail.com,1990-02-14,F,Casablanca,0772925783,2023-05-20,Influenceur
CLI03656,Bouyahia,Brahim,brahim-bouyahia@gmail.com,2015-06-01,M,Meknès,0710844760,2025-07-21,Direct
CLI01622,Belkadi,Latifa,latifa.belkadi@hotmail.com,1971-08-09,f,Taza,0621824140,2026-02-14,Affichage
CLI03796,Bensouda,Hajar,hajar_bensouda95@yahoo.fr,2005-03-18,female,Agadir,0677901715,2024-09-30,Recommandation
CLI02968,Ziani,Rabha,rabhaziani93@hotmail.com,1960-12-22,0,Fès,0679047421,2025-12-25,Facebook
CLI99543,El Amrani,Fatima,fatima_elamrani@outlook.com,1959-10-24,F,Casablanca,0684895543,2022-05-21,TV
CLI02105,Chraibi,Mehdi,mehdi-chraibi@yahoo.fr,2015-06-01,M,Meknès,0716295064,2023-10-28,Instagram
CLI04353,Belkadi,Younes,@sansdomaine,2001-02-25,m,Safi,0640214099,2025-10-14,Instagram
CLI02017,Benkirane,Nadia,nadiabenkirane@outlook.com,2009-03-20,female,Marrakech,0610265576,2025-01-06,Recommandation
CLI02469,Fennich,Rachid,rachid_fennich@menara.ma,1952-01-02,male,KENITRA,0602415517,2022-08-20,TikTok
CLI01299,El Andaloussi,Zakaria,zakaria_elandaloussi87@menara.ma,1965-09-11,1,Taza,0666028413,2024-04-20,Influenceur
CLI02597,El Ouafi,Hicham,hicham-elouafi@hotmail.com,1976-07-27,1,kénitra,0697855179,2023-06-14,Instagram
CLI04314,El Fassi,Souad,souad.elfassi@menara.ma,1994-02-06,Femme,Safi,0748063446,2024-07-29,Affichage
CLI02512,Bakkali,Rania,raniabakkali@gmail.com,2004-06-29,Femme,meknès,0646369199,2023-09-30,Instagram
CLI00501,Kettani,Ilyas,ilyas-kettani@menara.ma,1945-11-23,Homme,Béni Mellal,0676619128,2025-07-23,Recommandation
CLI02137,Drissi,Rabha,rabha_drissi86@gmail.com,1979-03-15,female,Béni Mellal,0635948224,2023-04-30,TikTok
CLI04727,El Ouafi,Mehdi,mehdielouafi@hotmail.com,1951-08-16,1,El Jadida,0705708109,2023-05-31,Instagram
CLI04983,Idrissi,Kawtar,kawtar.idrissi@menara.ma,1978-04-09,female,Tétouan,0793810210,2025-10-21,Facebook
CLI02845,Berrada,Naima,naima_berrada10@hotmail.com,1995-05-13,female,Béni Mellal,0718208086,2025-12-28,Instagram
CLI01722,Bensouda,Salma,salmabensouda@menara.ma,1961-02-21,0,Casablanca,0760669610,2022-10-08,Influenceur
CLI02557,El Azzouzi,Imane,imane_elazzouzi@menara.ma,1974-06-08,0,Taza,0655830035,2023-02-24,Affichage
CLI02309,Fennich,Amine,aminefennich@hotmail.com,2007-06-02,H,TANGER,0631759145,2022-11-03,Google SEO
CLI04107,Chakir,Adil,adil.chakir@menara.ma,1983-06-03,male,Tétouan,0732217841,2024-11-11,TikTok
CLI03672,Boulahia,Najat,najat-boulahia@outlook.com,2009-11-06,Femme,Marrakech,0610344694,2023-06-16,Email
CLI02529,Filali,Nadia,nadiafilali@yahoo.fr,1963-09-12,F,TANGER,0716832022,2025-03-27,Direct
CLI01233,Idrissi,Karim,karimidrissi@yahoo.fr,1975-04-13,Homme,Rabat,0618722824,2022-06-27,Direct
CLI02421,Oulhaj,Salma,salma-oulhaj@yahoo.fr,1953-02-02,female,Casablanca,0752235079,2023-04-25,TV
CLI00512,El Azzouzi,Rabha,rabha_elazzouzi@yahoo.fr,1890-01-01,female,Oujda,0660914985,2024-04-27,Instagram
CLI01493,Chakir,Nour,nour.chakir@hotmail.com,1999-05-01,F,Casablanca,0763256732,2023-09-17,Facebook
CLI02400,Alaoui,Mustapha,mustapha.alaoui40@yahoo.fr,1961-11-08,m,kénitra,0799638744,2024-07-09,Direct
CLI01765,Ouazzani,Ilyas,ilyas.ouazzani@gmail.com,1968-01-29,H,Meknès,0725478009,2025-05-06,TikTok
CLI04011,El Moussaoui,Aziz,aziz-elmoussaoui12@hotmail.com,1890-01-01,M,Fès,0635901818,2024-10-30,Instagram
CLI01696,Mernissi,Reda,reda.mernissi@gmail.com,1971-07-14,Homme,Meknès,0728868879,2026-01-23,Facebook
CLI00970,Tahiri,Mohammed,mohammed-tahiri@hotmail.com,1976-04-02,M,El Jadida,0694477269,2022-08-10,Google SEO
CLI04758,El Mansouri,Zakaria,zakaria-elmansouri@menara.ma,1963-01-23,1,MEKNES,0753473835,2025-12-07,Facebook
CLI00858,Errami,Zineb,zineb.errami@gmail.com,1955-08-13,Femme,Oujda,0703784233,2023-11-14,TV
CLI02964,El Khamlichi,Simo,simoelkhamlichi48@gmail.com,1981-05-24,1,Meknès,0732549660,2022-04-26,Direct
CLI00333,Guerrouj,Samir,samirguerrouj@outlook.com,1970-05-31,m,Meknès,0677674996,2024-04-09,Instagram
CLI03361,Drissi,Ahmed,ahmed_drissi@gmail.com,1951-11-30,male,Oujda,0666774818,2025-12-01,TV
CLI00700,Oulhaj,Nour,nour-oulhaj@outlook.com,1979-12-19,Femme,Tétouan,0796111102,2025-06-09,Affichage
CLI04105,Benomar,Walid,walidbenomar47@gmail.com,2008-10-09,m,Marrakech,0795755526,2026-04-21,Influenceur
CLI01412,El Moussaoui,Karim,karim-elmoussaoui@gmail.com,1972-12-21,M,Tanger,0755559502,2022-07-27,Influenceur
CLI04295,Belkadi,Malika,malika_belkadi@outlook.com,1968-07-22,F,El Jadida,0651065688,2025-08-29,Influenceur
CLI02253,Benjelloun,Rabha,rabha.benjelloun83@yahoo.fr,1948-09-06,0,Agadir,0627702604,2024-04-01,TV
CLI02983,El Ouafi,Zakaria,zakaria-elouafi@hotmail.com,1957-02-17,m,Kenitra,0658877968,2024-04-05,Google SEO
CLI00103,Boulahia,Rim,rimboulahia71@gmail.com,2015-06-01,female,Kenitra,0721182339,2026-03-27,Affichage
CLI03497,Bouazza,Zineb,zineb.bouazza@yahoo.fr,1948-09-21,f,Meknès,0796442216,2022-04-11,TV
CLI04988,Chakir,Nour,nour.chakir@yahoo.fr,1959-01-10,female,Kenitra,0780328214,2022-08-21,Facebook
CLI03875,Alaoui,Walid,walid.alaoui60@outlook.com,1949-04-30,1,el jadida,0751540328,2022-11-17,TV
CLI03273,Benomar,Zineb,zineb-benomar@yahoo.fr,1965-04-11,Femme,Oujda,0667453396,2023-09-13,Facebook
CLI01329,Naciri,Anass,anassnaciri@hotmail.com,1947-02-08,H,Béni Mellal,0795629179,2025-06-13,Influenceur
CLI96996,Ouazzani,Ayoub,ayoub.ouazzani@outlook.com,1952-01-08,M,Marrakech,0600001330,2023-07-08,Facebook
CLI03002,El Azzouzi,Ilham,ilham_elazzouzi@menara.ma,2008-10-27,female,meknès,0628923437,2025-04-26,Instagram
CLI03467,El Ghazi,Mariam,mariam_elghazi@hotmail.com,1975-07-17,female,El Jadida,0772797280,2024-10-25,TV
CLI00986,Tazi,Zakaria,zakaria_tazi@gmail.com,1993-09-18,M,MEKNES,0766562241,2026-04-24,TV
CLI04399,Belkadi,Meryem,meryem_belkadi98@hotmail.com,1972-12-09,Femme,BENI MELLAL,0744690246,2025-04-07,Influenceur
CLI01793,Bakkali,Siham,siham-bakkali@menara.ma,1973-04-21,F,tng,0676543999,2022-07-11,Recommandation
CLI04104,El Ouafi,Kawtar,kawtar.elouafi@gmail.com,1960-01-15,f,BENI MELLAL,0701835784,2025-04-27,Instagram
CLI02282,El Fassi,Widad,widad_elfassi@yahoo.fr,1994-02-04,Femme,meknès,0627222155,2024-02-23,Email
CLI03842,Oulhaj,Rim,rim-oulhaj@gmail.com,1986-12-26,female,EL JADIDA,0616307335,2026-04-02,TV
CLI00554,El Andaloussi,Hicham,hicham_elandaloussi@yahoo.fr,2009-06-28,M,Fès,0673034615,2022-09-17,Influenceur
CLI03219,Ouazzani,Driss,driss.ouazzani9@hotmail.com,1999-12-07,m,Marrakech,0740327415,2025-11-21,Recommandation
CLI00476,Ziani,Fatima,fatima_ziani12@outlook.com,1985-11-05,F,Nador,0640104145,2022-06-22,TV
CLI02418,Lahlou,Imane,imane-lahlou@outlook.com,1979-05-25,f,Marrakech,0757314926,2023-02-15,Influenceur
CLI00204,Fennich,Walid,walid.fennich65@yahoo.fr,1996-07-27,Homme,Béni Mellal,0789476973,2025-09-04,TikTok
CLI01670,Drissi,Ayoub,ayoub_drissi@yahoo.fr,1890-01-01,M,El Jadida,0669298738,2024-04-21,Influenceur
CLI00435,Tazi,Nassim,nassim_tazi73@hotmail.com,2002-05-18,m,Kenitra,0627868669,2022-06-29,Recommandation
CLI03124,El Fassi,Sara,saraelfassi@hotmail.com,1955-08-06,0,Kenitra,0637557378,2024-11-28,TikTok
CLI02422,Chraibi,Latifa,latifa_chraibi78@hotmail.com,2006-10-27,Femme,Meknès,0633429950,2022-12-26,Affichage
CLI02997,Bouyahia,Hajar,hajar-bouyahia@gmail.com,1976-02-23,f,Tétouan,0770414588,2022-07-02,Influenceur
CLI03163,Bakkali,Laila,lailabakkali@gmail.com,1956-06-27,female,marrakech,0640116280,2025-03-24,Instagram
CLI00394,Cherkaoui,Manal,manal_cherkaoui83@hotmail.com,2004-08-14,Femme,Béni Mellal,0635533803,2024-09-18,Email
CLI04641,El Amrani,Malika,malika-elamrani@hotmail.com,1953-02-04,f,Meknès,0615273818,2026-03-14,TikTok
CLI03840,El Amrani,Soufiane,soufiane_elamrani@gmail.com,1963-05-23,Homme,Casablanca,0700878132,2025-04-24,TV
CLI03488,El Hamdouchi,Rim,rimelhamdouchi68@hotmail.com,2007-09-26,Femme,Tétouan,0614821991,2023-07-05,Facebook
CLI01693,Idrissi,Mehdi,mehdiidrissi@menara.ma,1972-09-02,H,casa,0644666694,2026-01-18,Affichage
CLI04771,El Bakkali,Mohammed,mohammed-elbakkali@menara.ma,1995-11-22,m,Rabat,0618462982,2024-11-08,Google SEO
CLI02521,Benjelloun,Mariam,mariam.benjelloun41@hotmail.com,1987-07-29,F,Oujda,0613760720,2025-03-30,Email
CLI04719,Lamrani,Souad,souad.lamrani@menara.ma,1960-02-04,F,EL JADIDA,0792129591,2023-04-14,Influenceur
CLI00104,Mernissi,Rania,rania.mernissi@yahoo.fr,1951-08-05,0,Nador,0601666870,2022-07-01,Google SEO
CLI00718,El Azzouzi,Yasmine,incomplet,1993-04-05,f,Oujda,0768142983,2026-02-03,Instagram
CLI04599,Bouyahia,Ahmed,ahmedbouyahia79@hotmail.com,1947-03-12,M,Meknès,0730203315,2026-01-08,Recommandation
CLI02626,El Andaloussi,Fouad,fouadelandaloussi35@yahoo.fr,1952-11-26,1,Meknès,0638455450,2024-11-16,Instagram
CLI04856,Berrada,Younes,younes-berrada24@hotmail.com,1968-02-03,Homme,Taza,0622333484,2023-03-06,Influenceur
CLI02782,Hajji,Houda,houda.hajji@hotmail.com,2007-02-22,female,Nador,0761651758,2024-09-06,Influenceur
CLI03227,El Hamdouchi,Rania,raniaelhamdouchi@hotmail.com,1997-06-16,f,Kenitra,0631265281,2022-12-17,Google SEO
CLI04743,Guerrouj,Khadija,khadija_guerrouj@yahoo.fr,1956-02-09,female,Béni Mellal,0631682077,2024-09-12,Affichage
CLI01157,Tahiri,Zineb,zinebtahiri58@outlook.com,1975-11-06,Femme,Rabat,0761368149,2024-07-19,Affichage
CLI04643,El Ghazi,Siham,siham.elghazi26@outlook.com,1890-01-01,F,Safi,0707085194,2024-10-01,Instagram
CLI02416,Hajji,Rabha,rabhahajji@yahoo.fr,1985-05-20,female,Rabat,0786870375,2025-07-16,TikTok
CLI00423,El Ghazi,Mariam,mariam-elghazi@yahoo.fr,1998-12-04,female,marrakesh,0631290148,2022-10-10,Direct
CLI03251,Bensouda,Oumaima,oumaima.bensouda@menara.ma,1984-05-06,female,Kenitra,0641121261,2023-03-20,Google SEO
CLI00744,Benjelloun,Nassim,nassim_benjelloun@yahoo.fr,1992-09-14,H,Agadir,0640433335,2022-06-22,Email
CLI02175,El Andaloussi,Walid,walid-elandaloussi36@outlook.com,2009-07-28,H,Tanger,0733602731,2022-12-25,TikTok
CLI04244,Ziani,Nassim,nassimziani13@hotmail.com,1955-05-07,male,Taza,0636036082,2024-09-19,Direct
CLI00380,Chraibi,Sanaa,sanaachraibi@outlook.com,1999-11-30,Femme,Meknès,0677805292,2022-06-02,Recommandation
CLI04529,El Ouafi,Simo,simo_elouafi59@hotmail.com,1997-11-28,Homme,Fès,0643411825,2025-01-16,Instagram
CLI04318,Guerrouj,Badr,badrguerrouj76@menara.ma,1890-01-01,m,Rabat,0628013327,2026-02-22,Affichage
CLI04327,Benali,Ahmed,ahmed-benali78@outlook.com,1963-10-18,M,Oujda,0721497421,2024-05-12,Google SEO
CLI02822,Fennich,Houssam,houssam-fennich82@yahoo.fr,1946-04-09,1,Rabat,0657021168,2024-12-13,Influenceur
CLI01905,Alaoui,Othmane,othmane.alaoui@hotmail.com,1950-01-06,Homme,Meknès,0795450857,2022-07-04,Google SEO
CLI01669,Belkadi,Hamid,hamid_belkadi@hotmail.com,1970-11-29,m,Agadir,0649988782,2023-07-31,TV
CLI01135,Bakkali,Jamal,jamal_bakkali@menara.ma,1978-06-06,Homme,Safi,0649793998,2024-02-16,Instagram
CLI01282,Alaoui,Hajar,hajar_alaoui@gmail.com,1977-08-21,f,Kenitra,0694419147,2024-12-14,TV
CLI01067,Rhazouani,Naima,naima_rhazouani@outlook.com,1984-01-29,f,Fès,0639744088,2025-08-04,Google SEO
CLI96936,Chakir,Yasmine,yasmine_chakir@hotmail.com,1998-01-21,Femme,El Jadida,0776581799,2022-06-01,Recommandation
CLI01466,Benkirane,Hassan,hassanbenkirane50@gmail.com,2007-01-26,m,Rabat,0705554654,2022-12-04,Facebook
CLI01041,Mernissi,Nassim,nassim.mernissi@yahoo.fr,1969-05-05,Homme,Rabat,0670486186,2025-07-23,Direct
CLI00891,Moussaoui,Nadia,nadia.moussaoui93@yahoo.fr,1976-04-08,F,Agadir,0740919693,2024-05-31,TV
CLI02269,El Ouafi,Sara,sara-elouafi6@hotmail.com,1974-01-24,F,Oujda,0622874995,2023-10-12,Affichage
CLI02158,Benomar,Walid,walid.benomar@gmail.com,1996-05-19,Homme,Nador,0660489098,2024-09-05,TikTok
CLI03071,Tahiri,Hafida,hafida_tahiri@outlook.com,1986-02-08,f,FES,0670249914,2023-12-21,Instagram
CLI03733,Bouazza,Widad,widadbouazza@hotmail.com,1959-07-15,f,Rabat,0798568421,2023-11-01,Facebook
CLI04650,Chraibi,Amine,amine-chraibi@outlook.com,2008-12-20,1,Tétouan,0612286835,2025-07-11,Instagram
CLI03127,El Azzouzi,Meryem,meryem-elazzouzi59@hotmail.com,1980-08-10,f,Béni Mellal,0668686630,2023-12-03,Direct
CLI00370,Ouazzani,Rabha,rabha_ouazzani@yahoo.fr,1992-02-25,female,Tanger,0603880653,2024-04-06,Email
CLI03130,Lamrani,Loubna,loubnalamrani13@menara.ma,1961-11-05,female,Agadir,0664465923,2025-12-01,TV
CLI02457,El Ghazi,Ghita,ghita.elghazi@menara.ma,1952-03-01,f,Casablanca,0731641199,2024-07-27,Instagram
CLI04151,Tahiri,Hassan,hassan-tahiri@outlook.com,1947-12-28,m,Tétouan,0690750433,2023-04-17,Instagram
CLI02439,El Ouafi,Dounia,douniaelouafi@gmail.com,1971-02-10,Femme,Casablanca,0690266237,2025-11-17,Direct
CLI03138,El Hajjaji,Oumaima,oumaima-elhajjaji@hotmail.com,1984-01-15,0,Kenitra,0723422342,2024-06-11,Facebook
CLI03444,Chraibi,Simo,simo_chraibi62@hotmail.com,2000-05-20,1,Tanger,0651490333,2022-12-06,Instagram
CLI01890,Benali,Houssam,houssambenali54@outlook.com,1987-01-12,m,Tanger,0662247892,2024-02-08,Facebook
CLI03424,El Fassi,Nassim,nassim_elfassi@hotmail.com,2008-02-03,M,Kenitra,0757393974,2023-05-28,Facebook
CLI00244,Bakkali,Karim,karimbakkali@gmail.com,1967-08-01,Homme,Rabat,0664474212,2025-07-09,Email
CLI01922,El Hamdouchi,Loubna,loubna_elhamdouchi99@outlook.com,1972-01-30,female,Tanger,0787837921,2023-08-22,Email
CLI02573,Bensouda,Samira,samira-bensouda@yahoo.fr,2000-10-08,F,Casablanca,0766303633,2022-11-09,Affichage
CLI02286,Benkirane,Manal,manalbenkirane24@outlook.com,1993-01-29,Femme,dar beida,0714370434,2023-02-12,Facebook
CLI90171,El Moussaoui,Hassan,hassan_elmoussaoui@yahoo.fr,1966-08-09,Homme,Agadir,0743311647,2023-03-20,Affichage
CLI00175,Ziani,Driss,driss.ziani@hotmail.com,1958-03-26,male,Fès,0735160917,2024-02-17,Direct
CLI02077,El Mansouri,Fouad,fouadelmansouri@hotmail.com,1977-08-16,H,NADOR,0667812883,2026-02-28,Direct
CLI01353,Belkadi,Rachid,rachidbelkadi@menara.ma,1998-08-12,Homme,Tanger,0709656882,2022-12-28,Influenceur
CLI00018,El Ghazi,Simo,simoelghazi@outlook.com,1991-06-10,M,Béni Mellal,0732870831,2025-09-25,Direct
CLI02856,Benjelloun,Jamal,jamal-benjelloun@gmail.com,1956-04-16,H,Safi,0784252467,2023-08-25,Instagram
CLI02497,El Khamlichi,Rachid,rachid-elkhamlichi@yahoo.fr,1983-08-17,male,Tnja,0616446684,2024-07-26,Direct
CLI02429,Bensouda,Abdellatif,abdellatif.bensouda2@gmail.com,1992-09-17,M,TANGER,0797693805,2023-08-30,Instagram
CLI04405,Rhazouani,Amine,amine.rhazouani@outlook.com,1976-11-23,M,Nador,0768576786,2022-11-08,Email
CLI03561,Oulhaj,Khadija,khadija_oulhaj@gmail.com,1999-10-14,female,Meknès,0651073851,2025-02-17,TikTok
CLI02542,Chakir,Anass,anass-chakir@outlook.com,1990-10-24,1,TAZA,0728807366,2025-05-12,Recommandation
CLI00224,Rhazouani,Nadia,nadia-rhazouani@menara.ma,1990-07-02,female,Casablanca,0602203173,2025-09-17,Instagram
CLI04222,Idrissi,Sanaa,sanaa_idrissi@gmail.com,1960-08-18,f,AGADIR,0607643263,2023-12-04,Instagram
CLI04873,Moussaoui,Ahmed,ahmed.moussaoui@yahoo.fr,1964-04-23,1,Fès,0642036671,2024-01-05,Recommandation
CLI04713,Ouazzani,Samir,samirouazzani90@hotmail.com,1978-12-10,m,Tétouan,0773637599,2023-10-06,TikTok
CLI03164,Drissi,Zakaria,zakaria-drissi@hotmail.com,1996-07-19,m,El Jadida,0677218890,2022-09-26,Influenceur
CLI00635,Lamrani,Khadija,khadija_lamrani@outlook.com,1986-09-25,female,Agadir,0715122946,2023-02-26,Facebook
CLI03927,Benhaddou,Dounia,dounia-benhaddou@gmail.com,2006-01-18,Femme,Meknès,0619167710,2025-01-03,Affichage
CLI04229,Bensouda,Hassan,hassan_bensouda@menara.ma,1998-10-26,male,Safi,0610938882,2026-02-28,TV
CLI02590,Errami,Latifa,latifa.errami49@yahoo.fr,1969-03-02,f,Béni Mellal,0792085151,2023-03-07,Facebook
CLI03766,El Khamlichi,Fouad,fouad.elkhamlichi@outlook.com,1986-10-06,H,El Jadida,0752405416,2024-09-02,Affichage
CLI00738,Zeroual,Hafida,hafida.zeroual@yahoo.fr,2004-08-21,female,Tanger,0736551584,2026-01-21,Affichage
CLI01438,El Hamdouchi,Ayoub,ayoub.elhamdouchi@outlook.com,1969-05-25,H,Taza,0763565418,2023-06-21,Google SEO
CLI02899,El Azzouzi,Khalid,khalid.elazzouzi2@yahoo.fr,2006-08-15,H,Safi,0720796199,2026-04-04,Google SEO
CLI04232,Ksikes,Issam,issam_ksikes28@outlook.com,1985-11-14,H,Taza,0639597577,2024-01-28,Affichage
CLI00529,Alaoui,Houda,houda.alaoui@menara.ma,1993-07-05,female,Casablanca,0758108358,2024-03-16,Email
CLI04214,Hajji,Yasmine,yasmine-hajji35@gmail.com,1956-12-15,0,Tétouan,0725292420,2024-05-30,TV
CLI01911,Ouazzani,Jamal,jamal-ouazzani@gmail.com,2008-08-25,male,Casablanca,0795760188,2022-10-01,Email
CLI01828,Belkadi,Simo,simo.belkadi56@menara.ma,1960-11-09,H,Taza,0727622368,2022-08-10,Email
CLI01264,Fennich,Riad,riadfennich@yahoo.fr,1998-08-02,H,El Jadida,0746614477,2025-02-15,Influenceur
CLI02795,Chraibi,Hicham,hicham-chraibi@gmail.com,1951-08-01,1,El Jadida,0717403530,2022-06-07,Google SEO
CLI00036,Benali,Nour,nour-benali@hotmail.com,2008-07-28,f,Oujda,0627484677,2025-09-11,Email
CLI01728,El Andaloussi,Khalid,khalid-elandaloussi87@menara.ma,2015-06-01,m,Tanger,0656028586,2023-02-20,TV
CLI02125,Tazi,Rania,rania.tazi@outlook.com,1987-10-26,female,Kenitra,0648088611,2026-03-03,Facebook
CLI04326,Bakkali,Adil,adilbakkali@menara.ma,1979-11-26,H,Béni Mellal,0684513029,2025-10-05,TV
CLI02306,Chakir,Adil,adil-chakir@yahoo.fr,1978-12-17,H,Oujda,0634307182,2022-07-03,Instagram
CLI01979,Ksikes,Rim,rimksikes@menara.ma,1976-09-27,F,Tanger,0652390605,2025-03-12,Influenceur
CLI00487,Naciri,Aicha,aicha_naciri59@menara.ma,1965-12-21,female,Rabat,0728498247,2022-06-28,Recommandation
CLI02857,El Ghazi,Omar,omar_elghazi@outlook.com,2006-08-10,Homme,Tétouan,0624359513,2022-08-31,Email
CLI03906,El Ouafi,Ayoub,ayoub.elouafi33@yahoo.fr,1951-10-03,M,Fès,0661434564,2025-01-23,Affichage
CLI00795,Benkirane,Hanane,hananebenkirane78@hotmail.com,1999-03-11,Femme,CASABLANCA,0690725873,2025-04-26,Email
CLI04762,El Mansouri,Bilal,bilal.elmansouri@menara.ma,1950-08-23,m,Casablanca,0765304827,2022-07-17,Facebook
CLI00131,Drissi,Mariam,mariam.drissi@yahoo.fr,1890-01-01,f,Agadir,0725241056,2023-07-20,Recommandation
CLI03753,El Azzouzi,Hanane,hanane.elazzouzi94@hotmail.com,1968-04-12,0,Tétouan,0768116550,2023-03-07,Affichage
CLI04169,Lamrani,Abdellatif,abdellatif-lamrani@menara.ma,1952-06-11,male,Fès,0717205046,2022-07-21,TikTok
CLI03952,Oulhaj,Aicha,aicha.oulhaj@outlook.com,1992-07-08,f,Agadir,0652701274,2022-06-07,Google SEO
CLI04637,Bakkali,Soufiane,soufiane_bakkali32@yahoo.fr,1973-05-31,m,Nador,0780170838,2025-01-19,Direct
CLI01845,Benjelloun,Yasmine,yasminebenjelloun90@gmail.com,1983-06-11,f,Meknès,0675644390,2023-02-13,TV
CLI04296,Naciri,Issam,issam-naciri@hotmail.com,1964-06-09,M,safi,0631299315,2022-08-11,Facebook
CLI04858,El Bakkali,Brahim,brahim.elbakkali@menara.ma,1976-01-02,m,El Jadida,0765291930,2022-10-04,TikTok
CLI04158,El Moussaoui,Nadia,nadia_elmoussaoui@hotmail.com,1986-10-07,f,Tétouan,0789219175,2023-08-12,TV
CLI02949,El Mansouri,Hafida,hafida_elmansouri@menara.ma,1987-08-15,f,Oujda,0699497450,2025-11-01,Google SEO
CLI01947,Ziani,Riad,riadziani64@yahoo.fr,1950-06-07,Homme,Meknès,0791916369,2025-09-26,TikTok
CLI02092,Hajji,Khadija,khadija_hajji9@yahoo.fr,1990-03-29,female,Agadir,0779990072,2022-05-02,TikTok
CLI01788,Moussaoui,Othmane,othmanemoussaoui@menara.ma,1969-09-18,Homme,Taza,0665024238,2025-07-03,TV
CLI00702,Mernissi,Mehdi,mehdimernissi38@gmail.com,2000-06-29,M,tetouan,0679340652,2024-11-15,Direct
CLI00769,Ziani,Zakaria,zakaria_ziani@outlook.com,2000-08-14,Homme,Rabat,0796790898,2023-02-18,Recommandation
CLI00993,Bouyahia,Samir,samir.bouyahia75@menara.ma,1973-06-24,1,Taza,0611375358,2024-04-15,Facebook
CLI02256,Benomar,Hind,hind-benomar@hotmail.com,1993-01-23,female,casablanca,0661669744,2025-01-11,Influenceur
CLI01909,Cherkaoui,Jamal,jamal.cherkaoui@gmail.com,1976-10-22,M,Béni Mellal,0715923466,2022-12-25,TikTok
CLI04120,Naciri,Aicha,aichanaciri@hotmail.com,1993-03-08,F,Fès,0644879476,2022-12-10,TV
CLI00983,Idrissi,Widad,widad_idrissi@outlook.com,2004-03-25,F,Casablanca,0612329615,2023-10-06,Instagram
CLI03139,Berrada,Nadia,nadia_berrada@yahoo.fr,1992-02-02,f,Béni Mellal,0777606125,2024-02-22,Instagram
CLI02115,Tahiri,Ilham,ilham.tahiri@menara.ma,2005-06-01,Femme,Nador,0604690743,2022-08-13,TV
CLI04365,El Moussaoui,Kawtar,kawtar.elmoussaoui@gmail.com,1992-07-08,Femme,El Jadida,0715519657,2023-04-14,Affichage
CLI02313,Lahlou,Rim,rim_lahlou@yahoo.fr,1979-07-25,f,BENI MELLAL,0603728102,2022-06-16,TV
CLI00371,Tahiri,Mehdi,mehdi-tahiri@outlook.com,1950-07-18,m,Tétouan,0765217073,2024-06-13,Google SEO
CLI04418,Mernissi,Sara,sara.mernissi@gmail.com,1984-04-28,f,El Jadida,0663924948,2026-02-01,Recommandation
CLI03855,Benomar,Mehdi,mehdi-benomar@gmail.com,1988-08-19,M,Fès,0601861626,2025-02-13,Recommandation
CLI02101,Bensouda,Latifa,latifa.bensouda53@hotmail.com,1993-12-06,f,Tanger,0766549770,2024-08-19,TikTok
CLI02656,El Ghazi,Hanane,hanane_elghazi@gmail.com,1984-07-01,0,Kenitra,0635431373,2025-01-16,Instagram
CLI04126,Belkadi,Bilal,bilal.belkadi@hotmail.com,1989-03-19,H,Kenitra,0741505682,2023-11-16,Affichage
CLI90213,Kettani,Rachid,rachid_kettani@outlook.com,1979-07-18,1,el jadida,0602730086,2024-10-22,TV
CLI99458,Hajji,Sara,sara_hajji39@gmail.com,1957-05-27,0,tanja,0607137797,2024-02-25,Email
CLI00499,Filali,Omar,omar.filali@gmail.com,2000-09-24,H,Taza,0651762983,2026-03-02,Email
CLI02571,Belkadi,Rim,rimbelkadi@gmail.com,2009-12-20,f,Rabat,0671898022,2022-12-23,Instagram
CLI02830,Mernissi,Oumaima,oumaimamernissi@outlook.com,1957-12-19,Femme,Safi,0753409619,2025-11-18,TV
CLI02967,Kettani,Nadia,nadia.kettani13@yahoo.fr,1948-07-16,F,Kenitra,0764504462,2022-06-16,Recommandation
CLI01591,El Hajjaji,Khadija,khadija-elhajjaji@yahoo.fr,1963-10-31,Femme,Nador,0620513563,2023-01-03,TV
CLI00411,Tahiri,Brahim,brahim-tahiri@hotmail.com,1981-05-20,m,Nador,0764208656,2025-04-30,Direct
CLI04540,Idrissi,Simo,simo.idrissi@menara.ma,1945-08-22,H,Oujda,0634598407,2023-11-30,Instagram
CLI03313,Idrissi,Karim,karim_idrissi75@menara.ma,1968-06-25,M,Kenitra,0652627382,2022-06-07,Direct
CLI01675,Moussaoui,Riad,riadmoussaoui@outlook.com,1988-07-12,1,Marrakech,0668517973,2023-04-28,Influenceur
CLI03662,Moussaoui,Chaimae,chaimae-moussaoui8@outlook.com,1984-10-10,0,Meknès,0628798815,2026-04-13,TV
CLI04490,El Mansouri,Naima,naima.elmansouri69@outlook.com,1969-05-08,Femme,Taza,0710511931,2026-04-19,Recommandation
CLI02213,Zeroual,Manal,manal.zeroual@yahoo.fr,1946-08-31,f,TAZA,0634512982,2025-12-25,TV
CLI01191,El Mansouri,Samir,samir.elmansouri52@menara.ma,1965-08-04,Homme,marrakech,0797833548,2023-09-15,Affichage
CLI00526,Benkirane,Hicham,hicham_benkirane@menara.ma,1979-06-22,m,Taza,0734776958,2025-04-28,Direct
CLI04228,Fennich,Nassim,nassim_fennich@gmail.com,1964-04-02,H,MEKNES,0736894561,2023-12-12,Affichage
CLI01017,Idrissi,Aziz,aziz.idrissi@menara.ma,1981-11-22,1,Fès,0798884393,2026-02-22,Email
CLI03250,Benali,Issam,issam_benali@hotmail.com,1991-11-11,Homme,Fès,0788121555,2025-08-25,Facebook
CLI02297,El Fassi,Hanane,hananeelfassi@outlook.com,1971-02-02,F,Agadir,0697763858,2022-07-27,Influenceur
CLI03030,Lamrani,Imane,imanelamrani@outlook.com,1949-07-04,Femme,Rabat,0712349457,2025-06-15,Facebook
CLI04538,Belkadi,Aziz,aziz-belkadi@outlook.com,2005-01-21,H,Tnja,0779734174,2024-04-29,Google SEO
CLI03756,Zeroual,Widad,widad-zeroual77@outlook.com,1969-05-28,0,Fès,0616042637,2024-10-20,TikTok
CLI02692,Ksikes,Fatima,fatimaksikes94@yahoo.fr,1948-04-22,f,Agadir,0645210203,2024-11-23,Affichage
CLI03570,El Hamdouchi,Meryem,meryem-elhamdouchi@hotmail.com,1965-04-02,0,Taza,0662698520,2024-11-15,TikTok
CLI00002,Filali,Dounia,dounia.filali@gmail.com,1975-06-21,female,Tanger,0782814893,2023-10-15,Facebook
CLI00746,Chraibi,Salma,salma.chraibi@outlook.com,2001-03-27,0,SAFI,0761786880,2023-07-19,Google SEO
CLI01926,Lahlou,Abdellatif,abdellatif_lahlou@outlook.com,1988-11-18,m,Casablanca,0764153307,2023-09-23,Google SEO
CLI03969,El Mansouri,Malika,malika_elmansouri77@hotmail.com,1948-11-20,female,CASABLANCA,0659845554,2025-11-25,TikTok
CLI02678,El Moussaoui,Youssef,youssef_elmoussaoui@outlook.com,1950-05-18,1,Rabat,0675931726,2025-01-18,Instagram
CLI02145,Tazi,Younes,younes_tazi@hotmail.com,1958-01-29,male,Tétouan,0663898749,2024-08-12,TikTok
CLI99981,Bouyahia,Abdellatif,abdellatif_bouyahia63@outlook.com,1961-01-05,m,Nador,0716674078,2025-03-15,Affichage
CLI04670,Oulhaj,Rabha,rabha.oulhaj@outlook.com,1972-06-11,female,Oujda,0782316586,2023-09-10,Recommandation
CLI04385,Guerrouj,Hajar,hajar-guerrouj4@menara.ma,1990-04-11,Femme,Tanger,0746642494,2024-11-17,Instagram
CLI04362,El Azzouzi,Riad,riad_elazzouzi18@yahoo.fr,2006-11-20,H,Safi,0755427305,2023-05-17,Affichage
CLI00332,Alaoui,Simo,simo.alaoui@yahoo.fr,2003-04-02,M,Marrakech,0636103266,2024-02-05,Recommandation
CLI04466,El Moussaoui,Khadija,khadija_elmoussaoui50@menara.ma,1967-10-28,female,Fès,0785302418,2024-04-12,Influenceur
CLI01612,Benali,Anass,anass_benali@hotmail.com,1984-06-13,Homme,Tnja,0766740877,2023-01-09,Facebook
CLI00774,Chakir,Dounia,dounia.chakir70@gmail.com,1987-11-18,female,Meknès,0796325942,2023-05-25,Email
CLI00327,Bensouda,Omar,omarbensouda@yahoo.fr,2005-05-05,1,kenitra,0728092428,2024-02-13,Direct
CLI03813,Oulhaj,Hafida,hafida_oulhaj74@hotmail.com,1973-01-09,f,El Jadida,0770547199,2023-12-23,Influenceur
CLI01141,Lamrani,Oumaima,oumaima_lamrani@gmail.com,2000-09-28,female,Agadir,0616049910,2024-12-03,Google SEO
CLI01212,Drissi,Nadia,nadia_drissi@hotmail.com,1947-07-09,F,Béni Mellal,0612359042,2025-11-21,Influenceur
CLI00577,Benjelloun,Ayoub,ayoub_benjelloun@menara.ma,1973-06-19,male,Marrakech,0771270587,2024-06-02,Direct
CLI00051,Lamrani,Reda,reda.lamrani@menara.ma,1982-10-05,m,Meknès,0715654527,2023-10-16,Instagram
CLI02326,El Azzouzi,Soufiane,soufianeelazzouzi28@menara.ma,1964-03-27,m,Fès,0795595827,2023-03-19,Direct
CLI00410,El Fassi,Walid,walid_elfassi@hotmail.com,1952-03-06,1,Tanger,0748149737,2022-05-23,Recommandation
CLI00378,Chraibi,Widad,widad_chraibi@gmail.com,1999-12-10,Femme,Béni Mellal,0731115083,2025-11-22,TikTok
CLI01484,Benali,Oumaima,oumaima.benali@yahoo.fr,1983-10-21,female,Fès,0676334228,2025-02-28,TikTok
CLI00575,Chakir,Dounia,dounia_chakir96@menara.ma,1986-04-10,F,SAFI,0639977180,2025-12-28,TikTok
CLI02954,Chraibi,Mehdi,mehdi.chraibi19@outlook.com,1972-10-06,1,Rabat,0711341481,2025-06-15,Facebook
CLI04842,El Moussaoui,Latifa,latifaelmoussaoui@gmail.com,1979-03-14,0,Tétouan,0663035994,2025-11-22,Google SEO
CLI02489,Benomar,Najat,najat_benomar@outlook.com,2004-07-31,F,Tétouan,0630347112,2023-12-16,Google SEO
CLI04414,Mernissi,Tarik,tarikmernissi45@gmail.com,1954-07-22,M,Nador,0786547223,2025-02-21,Google SEO
CLI01026,Mernissi,Ali,ali-mernissi24@menara.ma,1966-05-13,H,Béni Mellal,0724728639,2022-03-30,Recommandation
CLI02658,Lamrani,Ilham,ilhamlamrani@hotmail.com,1997-06-21,F,tng,0786303816,2023-12-05,TV
CLI00212,El Khamlichi,Jamal,jamalelkhamlichi@outlook.com,1961-07-08,1,Safi,0769961125,2025-05-23,Email
CLI02478,El Khamlichi,Khalid,khalid.elkhamlichi@gmail.com,1983-01-13,male,Taza,0637970860,2024-05-14,Recommandation
CLI04565,El Ghazi,Sanaa,sanaa-elghazi@outlook.com,1960-12-22,0,Tanger,0701776752,2026-01-16,Google SEO
CLI02606,Bouyahia,Nabil,nabil.bouyahia@outlook.com,1960-10-25,H,Safi,0720315799,2024-11-22,Direct
CLI03410,El Hajjaji,Dounia,dounia.elhajjaji1@outlook.com,1984-04-27,Femme,Nador,0640692600,2023-12-12,TikTok
CLI03350,Rhazouani,Amine,aminerhazouani66@menara.ma,1973-11-22,M,Oujda,0638231196,2024-01-13,Direct
CLI02147,Errami,Malika,malika_errami82@hotmail.com,1990-07-15,female,Safi,0694167952,2022-12-17,Google SEO
CLI02511,Alaoui,Zakaria,zakaria.alaoui1@menara.ma,2004-01-02,H,Kenitra,0790140565,2024-05-26,Google SEO
CLI01195,Idrissi,Ali,ali.idrissi77@menara.ma,1980-04-10,m,Béni Mellal,0780283541,2026-04-24,TikTok
CLI00919,Ouazzani,Hicham,hichamouazzani@gmail.com,1976-06-29,m,Casablanca,0631380049,2024-06-05,Affichage
CLI01549,Oulhaj,Mohammed,mohammed.oulhaj@gmail.com,1958-06-25,Homme,Marrakech,0670783847,2023-12-08,Affichage
CLI00042,Ouazzani,Fouad,fouad_ouazzani@outlook.com,1984-10-28,male,Agadir,0740640909,2023-02-15,Direct
CLI01203,El Moussaoui,Samira,samiraelmoussaoui@gmail.com,1970-08-20,female,Béni Mellal,0609244928,2024-04-22,Direct
CLI04179,Oulhaj,Riad,riad_oulhaj18@outlook.com,1970-06-26,male,Nador,0710027578,2023-07-17,TV
CLI01119,Lahlou,Youssef,youssef-lahlou76@hotmail.com,2005-03-31,M,Kenitra,0667590177,2023-12-16,TV
CLI04882,Lamrani,Rabha,rabha.lamrani@gmail.com,1979-10-21,Femme,Nador,0764264939,2022-08-05,Google SEO
CLI00538,Saidi,Btissam,btissam.saidi55@hotmail.com,1970-11-09,F,marrakesh,0619213424,2023-03-09,TV
CLI02902,Bouazza,Rabha,rabha_bouazza@yahoo.fr,1999-06-02,f,Kenitra,0711881167,2023-01-19,Affichage
CLI04040,El Bakkali,Karim,karimelbakkali55@menara.ma,1972-05-11,1,Taza,0613028783,2026-01-04,Email
CLI00469,Saidi,Rachid,rachidsaidi@menara.ma,2010-02-14,1,Tétouan,0680882351,2025-04-02,Email
CLI01163,Belkadi,Houssam,houssam.belkadi@yahoo.fr,1965-05-14,M,Tétouan,0619333593,2022-07-26,Direct
CLI04067,Mernissi,Sara,saramernissi93@hotmail.com,1996-10-14,Femme,El Jadida,0658530896,2022-11-15,Direct
CLI00781,Benkirane,Houssam,houssambenkirane@menara.ma,1972-02-20,H,El Jadida,0785965594,2024-06-10,Facebook
CLI03172,Mernissi,Malika,malika.mernissi@menara.ma,1988-02-03,0,Fès,0736375708,2026-04-13,Instagram
CLI02291,Drissi,Fouad,fouad.drissi@menara.ma,1997-07-25,1,Safi,0654993145,2023-12-09,Email
CLI03958,Benali,Houssam,houssam.benali@gmail.com,1955-03-03,male,Meknès,0712301674,2024-05-23,Email
CLI00352,El Bakkali,Driss,drisselbakkali74@gmail.com,1973-04-25,m,Marrakech,0770229604,2024-03-26,Recommandation
CLI04333,Benomar,Rania,rania_benomar@gmail.com,1946-06-27,f,Meknès,0758588346,2026-04-27,Facebook
CLI04991,Kettani,Btissam,btissam_kettani@menara.ma,1945-11-12,female,Casablanca,0646726579,2023-09-14,Email
CLI04224,Lamrani,Soufiane,soufianelamrani@outlook.com,1976-01-25,m,Béni Mellal,0696377401,2022-05-17,TV
CLI01379,El Azzouzi,Laila,laila_elazzouzi@yahoo.fr,1980-07-11,0,El Jadida,0686692552,2023-09-01,TV
CLI04564,Bensouda,Amina,amina_bensouda@gmail.com,1975-11-04,0,Casablanca,0745273529,2026-04-10,Google SEO
CLI01908,El Ouafi,Sara,sara-elouafi@yahoo.fr,2002-03-07,F,Safi,0762482230,2024-09-11,Influenceur
CLI04288,Zeroual,Issam,issamzeroual@hotmail.com,1985-06-04,M,Meknès,0698405537,2022-08-17,Facebook
CLI02347,Saidi,Chaimae,chaimae-saidi12@menara.ma,1950-09-11,f,Agadir,0618005440,2024-01-22,Facebook
CLI01389,Bouazza,Samira,samirabouazza@hotmail.com,1952-05-14,f,Meknès,0761125842,2024-05-04,Email
CLI02450,Guerrouj,Hanane,hanane_guerrouj@hotmail.com,1946-06-04,0,Nador,0769146164,2025-10-16,Instagram
CLI97799,Filali,Soufiane,soufiane_filali@hotmail.com,1970-03-28,1,Tétouan,0664950926,2022-04-25,Facebook
CLI00827,Ziani,Zakaria,zakariaziani@menara.ma,1959-09-15,m,Rabat,0770472642,2025-11-20,Influenceur
CLI00272,Tazi,Abdellatif,abdellatif.tazi@yahoo.fr,1961-11-01,1,Rabat,0717396271,2024-11-05,Facebook
CLI00095,Hajji,Latifa,latifa_hajji69@gmail.com,1959-08-22,F,Marrakech,0786863375,2026-03-16,Facebook
CLI02802,Moussaoui,Riad,riad.moussaoui@outlook.com,1971-01-13,H,mkch,0798440602,2023-05-16,Influenceur
CLI00893,Mernissi,Reda,redamernissi@menara.ma,1951-10-26,H,Rabat,0777319227,2025-12-01,Influenceur
CLI02237,Rhazouani,Hassan,hassan_rhazouani@gmail.com,1956-12-08,M,Tétouan,0783609016,2024-04-07,Affichage
CLI01277,Lahlou,Oumaima,oumaima_lahlou17@outlook.com,1952-04-25,F,Safi,0748597243,2026-01-26,Affichage
CLI03065,El Andaloussi,Hassan,hassanelandaloussi@gmail.com,1959-02-18,H,Marrakech,0719406568,2026-03-24,TikTok
CLI02384,Bensouda,Hanane,hanane-bensouda@yahoo.fr,1958-03-08,Femme,Casablanca,0715694438,2025-05-05,Direct
CLI02648,Alaoui,Houda,houda-alaoui94@hotmail.com,1971-10-11,F,Tétouan,0710818632,2023-01-22,Instagram
CLI03284,Benali,Oumaima,oumaima_benali@gmail.com,2007-08-14,F,Tanger,0762087384,2024-01-17,Email
CLI00082,Chakir,Soufiane,soufiane.chakir43@gmail.com,1949-08-29,H,Agadir,0726949588,2025-07-19,Affichage
CLI04233,Errami,Anass,anasserrami54@gmail.com,1964-03-21,male,Marrakech,0600969004,2025-06-08,Instagram
CLI01495,Guerrouj,Siham,siham_guerrouj@outlook.com,1984-06-06,Femme,Tnja,0676090937,2022-10-19,Instagram
CLI04218,Cherkaoui,Hind,hind.cherkaoui@yahoo.fr,1995-09-27,f,Nador,0712358766,2023-06-12,Facebook
CLI04234,Bensouda,Hassan,hassanbensouda@outlook.com,2005-10-10,male,Béni Mellal,0611745188,2025-05-20,TV
CLI01421,Bouazza,Najat,najatbouazza@gmail.com,1959-08-15,Femme,Nador,0764795127,2022-06-18,TV
CLI03181,El Khamlichi,Anass,anasselkhamlichi@yahoo.fr,1982-03-13,1,Taza,0713682332,2024-03-27,TV
CLI01214,Chraibi,Ali,ali_chraibi86@gmail.com,1971-11-21,H,El Jadida,0706272816,2025-02-05,Direct
CLI02492,Tazi,Amina,amina-tazi71@outlook.com,1973-02-11,female,Agadir,0644486574,2024-01-17,Email
CLI94696,El Moussaoui,Omar,omar_elmoussaoui72@outlook.com,1972-09-07,1,Oujda,0645979898,2023-01-10,Facebook
CLI01784,Drissi,Jamal,jamal-drissi51@outlook.com,2015-06-01,Homme,Rabat,0728033649,2023-09-14,Google SEO
CLI03381,Bouyahia,Aicha,aicha.bouyahia@menara.ma,2005-01-26,f,Meknès,0675060503,2025-03-08,Email
CLI01133,El Andaloussi,Sara,sara-elandaloussi@hotmail.com,1963-02-26,Femme,Taza,0765353896,2024-10-24,Facebook
CLI03046,Bouyahia,Karim,karimbouyahia95@gmail.com,1966-11-20,1,Kenitra,0742109438,2022-10-12,Google SEO
CLI03319,Rhazouani,Loubna,loubna.rhazouani28@hotmail.com,1984-08-05,F,Marrakech,0751523858,2022-10-16,TV
CLI02184,Benkirane,Souad,souad.benkirane@yahoo.fr,1972-04-15,F,Oujda,0652431091,2025-03-02,TikTok
CLI03209,El Ghazi,Rabha,rabha.elghazi@yahoo.fr,1951-09-02,Femme,El Jadida,0695198095,2022-08-11,TV
CLI00169,El Andaloussi,Youssef,youssef_elandaloussi@outlook.com,1890-01-01,1,Agadir,0794155216,2024-06-27,Influenceur
CLI01975,Filali,Amine,aminefilali84@gmail.com,2007-02-15,m,Fès,0605019857,2025-09-11,TikTok
CLI04958,Bouazza,Amina,amina-bouazza@gmail.com,2006-03-20,0,Tanger,0671631311,2025-09-14,Email
CLI01707,El Hajjaji,Naima,naima_elhajjaji34@yahoo.fr,1945-12-10,f,Oujda,0637846797,2023-08-03,Google SEO
CLI02636,Moussaoui,Mehdi,mehdi.moussaoui@gmail.com,2015-06-01,Homme,Fès,0699479141,2025-01-04,TikTok
CLI02917,Errami,Badr,badr.errami@outlook.com,1970-12-31,H,Taza,0757199167,2024-10-02,Email
CLI00346,Ouazzani,Salma,salma.ouazzani@outlook.com,1990-07-21,F,Taza,0766845504,2022-08-18,Affichage
CLI04562,El Hajjaji,Kawtar,kawtar.elhajjaji@hotmail.com,1984-07-15,F,Safi,0653362296,2023-03-19,Direct
CLI00253,El Amrani,Aicha,aichaelamrani62@menara.ma,1946-03-05,F,Marrakech,0721823076,2023-05-25,Affichage
CLI03287,Fennich,Oumaima,oumaima-fennich97@gmail.com,1993-02-04,Femme,Taza,0632288897,2023-10-17,Google SEO
CLI01981,Alaoui,Reda,redaalaoui@yahoo.fr,1986-03-30,1,El Jadida,0756815089,2024-07-25,TikTok
CLI00252,Fennich,Zakaria,zakariafennich@hotmail.com,1970-05-20,M,Casablanca,0735743842,2024-01-05,Instagram
CLI02909,Chakir,Ilyas,ilyas_chakir22@outlook.com,1989-01-22,m,Tanger,0770152424,2023-08-06,Recommandation
CLI02759,Benjelloun,Aicha,aicha-benjelloun@menara.ma,1976-05-08,f,Safi,0784235180,2024-03-31,Facebook
CLI04804,Benali,Souad,souad.benali@menara.ma,1988-07-13,f,Tanger,0688200550,2023-05-16,Affichage
CLI01856,Benhaddou,Ayoub,ayoub_benhaddou@gmail.com,1989-03-13,M,Tanger,0772609796,2022-10-12,Facebook
CLI04068,Cherkaoui,Loubna,loubna_cherkaoui@yahoo.fr,1984-10-05,f,Meknès,0665438441,2025-04-06,Facebook
CLI04412,Ziani,Youssef,youssefziani58@yahoo.fr,1962-11-23,M,Tétouan,0605177188,2023-02-05,Affichage
CLI03987,Ouazzani,Houssam,houssam-ouazzani@hotmail.com,1986-06-18,m,Casablanca,0686243801,2023-05-23,Instagram
CLI02639,Benkirane,Houda,houda-benkirane@yahoo.fr,1984-02-14,0,Tanger,0688314914,2025-11-15,Instagram
CLI04325,Lamrani,Mustapha,mustaphalamrani@menara.ma,1969-02-05,m,Agadir,0687169444,2025-08-09,Facebook
CLI03360,El Moussaoui,Walid,walid.elmoussaoui@hotmail.com,2000-06-21,m,Casablanca,0645826096,2023-10-10,Google SEO
CLI04741,El Hajjaji,Aziz,aziz-elhajjaji@menara.ma,1999-06-13,m,Oujda,0611695235,2025-07-13,TV
CLI00643,Bouazza,Riad,riad_bouazza@yahoo.fr,1948-11-13,male,fes,0639205677,2023-04-09,TikTok
CLI04775,Alaoui,Hassan,hassan_alaoui31@hotmail.com,1949-04-11,H,Casablanca,0793675359,2023-03-02,Recommandation
CLI01906,Hajji,Fatima,fatima.hajji@outlook.com,1998-09-15,f,Casablanca,0627383181,2026-02-15,Direct
CLI02372,Lahlou,Latifa,latifalahlou@yahoo.fr,1972-10-08,0,Tanger,0600214366,2022-09-13,TikTok
CLI01115,El Moussaoui,Rania,rania-elmoussaoui@menara.ma,1961-05-06,0,Béni Mellal,0774621595,2024-09-11,Affichage
CLI01192,El Amrani,Mustapha,mustapha-elamrani52@gmail.com,1949-08-03,Homme,Kenitra,0764320317,2022-05-07,Facebook
CLI03710,El Bakkali,Salma,salmaelbakkali@hotmail.com,1972-08-05,F,Tétouan,0772634855,2022-04-26,Google SEO
CLI91239,Ziani,Souad,souad.ziani@hotmail.com,1976-11-13,0,Tanger,0645307300,2024-05-25,Facebook
CLI00933,Belkadi,Mehdi,mehdi_belkadi@gmail.com,1978-12-18,H,Fès,0798816498,2024-05-28,Google SEO
CLI03103,Saidi,Zineb,zineb_saidi15@menara.ma,1948-08-20,Femme,Tanger,0644434028,2024-11-03,Affichage
CLI04930,El Andaloussi,Soufiane,soufiane.elandaloussi@yahoo.fr,1946-12-09,Homme,Oujda,0750363532,2025-08-08,Recommandation
CLI02222,El Moussaoui,Loubna,loubna_elmoussaoui@hotmail.com,1953-04-18,female,Fès,0743029973,2023-06-06,Affichage
CLI00162,Idrissi,Hanane,hanane.idrissi@outlook.com,1946-03-22,Femme,Tanger,0623569725,2024-01-06,Facebook
CLI04351,Tahiri,Salma,salma-tahiri35@gmail.com,1959-04-05,Femme,marrakech,0691322556,2024-08-14,Google SEO
CLI04337,El Fassi,Zakaria,zakaria_elfassi@outlook.com,1986-04-27,m,Tétouan,0709866819,2023-05-06,Affichage
CLI01400,Benjelloun,Fouad,fouad-benjelloun@yahoo.fr,1967-05-28,M,Taza,0605596757,2022-12-27,Direct
CLI01532,Zeroual,Karim,karim-zeroual@outlook.com,1985-03-20,m,Meknès,0797276768,2022-06-20,Direct
CLI04003,Benomar,Loubna,loubna_benomar@yahoo.fr,1976-05-11,0,Fes,0610837908,2025-06-09,Direct
CLI04119,Chakir,Nabil,nabil-chakir@outlook.com,1968-12-06,M,El Jadida,0737715789,2024-01-19,TV
CLI04855,Benomar,Hind,hind-benomar@yahoo.fr,2002-09-16,f,Agadir,0646906153,2024-05-11,Email
CLI04706,Fennich,Riad,riad-fennich@menara.ma,1957-06-08,m,Oujda,0632206339,2024-08-05,TV
CLI04252,El Azzouzi,Reda,reda.elazzouzi@menara.ma,1986-10-16,m,Tétouan,0706694250,2025-11-20,TikTok
CLI00431,Chakir,Meryem,meryem_chakir@hotmail.com,1956-05-10,Femme,Meknès,0733567086,2024-03-14,Google SEO
CLI03541,Belkadi,Nadia,nadia-belkadi56@yahoo.fr,1978-11-11,F,Marrakech,0747620693,2023-04-30,Recommandation
CLI00029,El Andaloussi,Jamal,jamal-elandaloussi69@yahoo.fr,1993-12-21,M,Rabat,0710947775,2022-06-03,Facebook
CLI03670,Lahlou,Widad,widad-lahlou@hotmail.com,1976-01-15,female,Marrakech,0672051395,2025-10-29,Recommandation
CLI01361,El Hajjaji,Sara,saraelhajjaji@yahoo.fr,1957-11-02,f,Agadir,0689622527,2025-03-29,TikTok
CLI01964,Cherkaoui,Adil,adilcherkaoui@outlook.com,2007-08-09,M,Casablanca,0713786268,2026-02-01,Recommandation
CLI01993,Mernissi,Btissam,btissammernissi@hotmail.com,2002-09-13,Femme,Marrakech,0660154138,2022-11-17,Facebook
CLI03449,El Hajjaji,Ghita,ghita_elhajjaji@hotmail.com,1948-12-01,0,Marrakech,0632818012,2025-04-20,TV
CLI04305,Guerrouj,Ilham,ilhamguerrouj31@yahoo.fr,1963-06-15,0,Rabat,0700698219,2023-01-09,Facebook
CLI04277,Benhaddou,Aicha,aicha.benhaddou@yahoo.fr,1967-09-01,female,Tanger,0796184042,2022-12-08,Instagram
CLI04180,Boulahia,Othmane,othmaneboulahia16@menara.ma,1954-12-28,H,Béni Mellal,0689665367,2024-08-14,Influenceur
CLI02814,Ouazzani,Bilal,bilal.ouazzani@yahoo.fr,2002-12-07,Homme,Safi,0756261604,2022-06-12,Influenceur
CLI02539,Zeroual,Mehdi,mehdi-zeroual70@hotmail.com,1994-12-25,male,Oujda,0667077924,2024-06-25,Recommandation
CLI00734,Idrissi,Chaimae,chaimae-idrissi@menara.ma,1994-01-07,F,Taza,0638815881,2023-04-14,Recommandation
CLI02194,Tahiri,Rabha,rabha_tahiri46@menara.ma,1976-06-23,f,Rabat,0764273869,2026-01-31,Influenceur
CLI02030,Bouazza,Samira,samirabouazza@gmail.com,1955-02-18,0,Safi,0764194958,2024-08-17,Email
CLI01320,Alaoui,Issam,issam.alaoui45@menara.ma,1961-05-08,male,Tanger,0799594761,2023-08-15,Instagram
CLI01662,El Moussaoui,Fatima,fatima.elmoussaoui@yahoo.fr,1982-10-17,female,Tanger,0641365329,2025-03-07,Affichage
CLI02257,Berrada,Youssef,youssef.berrada@menara.ma,1968-04-12,Homme,Taza,0723903715,2023-04-11,TikTok
CLI02843,Belkadi,Laila,lailabelkadi@yahoo.fr,1978-08-23,F,Nador,0799222492,2022-07-16,Recommandation
CLI02714,Chakir,Hanane,hananechakir@outlook.com,1992-04-07,female,Fès,0663443710,2023-03-18,Affichage
CLI04259,El Ghazi,Najat,najat.elghazi@gmail.com,1978-11-14,female,Tanger,0625300958,2024-02-13,Recommandation
CLI01102,Ouazzani,Souad,souad.ouazzani@yahoo.fr,1961-07-04,F,Tétouan,0617306629,2023-08-21,Email
CLI00229,El Andaloussi,Meryem,meryem-elandaloussi39@hotmail.com,1998-07-21,0,El Jadida,0772791940,2025-11-24,TV
CLI00276,Hajji,Nadia,nadia_hajji@outlook.com,1953-05-12,female,Tanger,0713878293,2022-04-16,Instagram
CLI03260,Rhazouani,Issam,issamrhazouani53@hotmail.com,1990-08-30,M,Nador,0774507162,2026-04-07,Email
CLI04424,Alaoui,Nassim,nassim.alaoui@gmail.com,1983-12-19,M,Casablanca,0687834819,2024-06-20,TikTok
CLI04860,Oulhaj,Nassim,nassim.oulhaj60@hotmail.com,1996-08-18,m,NADOR,0664546533,2022-06-30,TV
CLI03619,Berrada,Hajar,hajar_berrada@hotmail.com,1993-05-27,female,Meknès,0745827372,2022-12-17,Google SEO
CLI04955,Drissi,Malika,malika.drissi@outlook.com,1963-08-02,0,Rabat,0778906625,2024-07-10,TV
CLI00043,El Bakkali,Jamal,jamal_elbakkali@hotmail.com,1977-06-01,M,Safi,0604709521,2025-07-25,Recommandation
CLI04172,El Hamdouchi,Oumaima,oumaima_elhamdouchi54@hotmail.com,1983-06-24,f,Taza,0642370485,2024-05-13,TikTok
CLI03183,Filali,Ahmed,ahmed.filali@yahoo.fr,1989-09-03,H,Oujda,0707361320,2025-06-03,Recommandation
CLI02551,Benhaddou,Simo,simo.benhaddou@hotmail.com,1961-01-23,m,Safi,0780087575,2024-05-20,Direct
CLI03223,Oulhaj,Yasmine,yasmine-oulhaj22@hotmail.com,1971-06-26,0,Nador,0638934764,2024-04-26,TV
CLI04209,El Mansouri,Ayoub,ayoub.elmansouri@gmail.com,1956-03-07,H,Oujda,0614503315,2023-06-14,Facebook
CLI03729,Zeroual,Younes,younes-zeroual@outlook.com,1979-01-15,1,Meknès,0645116106,2022-05-28,TikTok
CLI01035,Tahiri,Mohammed,mohammed-tahiri@menara.ma,1969-09-12,H,El Jadida,0735990093,2024-02-21,Direct
CLI04615,Berrada,Aziz,aziz_berrada@hotmail.com,1952-03-24,H,Casablanca,0767882355,2024-05-20,Instagram
CLI01186,El Mansouri,Walid,walidelmansouri@hotmail.com,2008-06-13,M,Nador,0677771184,2022-04-28,Facebook
CLI01569,Naciri,Manal,manal.naciri@menara.ma,1971-12-28,0,Oujda,0644693995,2023-05-19,Email
CLI01170,Boulahia,Sanaa,sanaa_boulahia@gmail.com,1984-05-28,F,Taza,0682011406,2024-06-02,TikTok
CLI01913,El Andaloussi,Driss,driss-elandaloussi@gmail.com,1948-12-09,M,Oujda,0611859689,2025-02-17,Direct
CLI00225,Naciri,Ghita,ghita_naciri@gmail.com,2001-05-02,Femme,Oujda,0658650948,2025-11-19,Google SEO
CLI03763,Mernissi,Houssam,houssam.mernissi58@yahoo.fr,1995-08-11,Homme,Béni Mellal,0600849525,2026-04-03,Recommandation
CLI03471,Kettani,Aziz,azizkettani@gmail.com,1979-11-01,M,Béni Mellal,0751436462,2023-05-27,TV
CLI03757,Cherkaoui,Anass,anass-cherkaoui@menara.ma,1970-10-29,male,Oujda,0705057599,2024-06-01,Direct
CLI01581,Bakkali,Rania,raniabakkali@gmail.com,2009-11-24,Femme,Casablanca,0667932353,2025-05-02,TV
CLI02605,Bouazza,Rim,rim_bouazza@gmail.com,2007-11-17,f,Meknès,0652165389,2023-02-16,Direct
CLI01683,Hajji,Zakaria,zakaria_hajji37@menara.ma,1952-09-20,H,Casablanca,0699037191,2023-03-01,Facebook
CLI02989,Belkadi,Sara,sara_belkadi@menara.ma,1960-04-15,female,beni mellal,0776826369,2023-11-13,Google SEO
CLI00324,Chraibi,Ghita,ghita.chraibi@gmail.com,1981-03-29,female,Tanger,0796942152,2025-05-21,TV
CLI04265,Bakkali,Othmane,othmane.bakkali@menara.ma,1981-02-21,M,Nador,0782693132,2026-01-09,Recommandation
CLI01347,Idrissi,Walid,walid-idrissi@hotmail.com,1969-04-09,M,Agadir,0607155587,2025-08-04,Google SEO
CLI02763,El Bakkali,Mohammed,mohammed.elbakkali39@gmail.com,2008-08-28,M,Rabat,0663484430,2023-11-19,TikTok
CLI00934,El Bakkali,Malika,malika-elbakkali@menara.ma,2008-11-20,f,Rabat,0727066489,2026-02-26,Google SEO
CLI00599,Bouyahia,Houda,houda-bouyahia97@menara.ma,1990-08-08,f,TANGER,0664686775,2025-03-13,Facebook
CLI03207,El Ghazi,Zakaria,zakaria.elghazi77@outlook.com,1958-02-17,m,El Jadida,0713615100,2024-07-02,Email
CLI00820,Naciri,Sara,sara.naciri@hotmail.com,1986-10-23,Femme,Safi,0696987486,2022-11-16,TV
CLI02628,Oulhaj,Reda,redaoulhaj@gmail.com,1958-08-21,Homme,Meknès,0774000977,2025-05-29,Email
CLI04647,Bouyahia,Hamid,hamidbouyahia@gmail.com,1996-09-27,male,Meknès,0611093878,2025-04-11,Affichage
CLI04920,Benali,Samira,samirabenali74@menara.ma,1989-05-21,0,Casablanca,0795129422,2022-08-10,Influenceur
CLI04870,El Khamlichi,Issam,issam_elkhamlichi@yahoo.fr,1953-07-21,M,El Jadida,0645862475,2024-03-27,Direct
CLI04712,Ouazzani,Ilham,ilham_ouazzani@outlook.com,1986-12-16,female,Marrakech,0655495952,2024-12-30,Affichage
CLI00236,Drissi,Najat,najat.drissi68@gmail.com,1970-11-27,female,Safi,0754384046,2024-05-21,Google SEO
CLI01427,Ksikes,Hanane,hanane-ksikes88@outlook.com,1964-03-31,0,TAZA,0676699768,2022-11-24,Instagram
CLI00895,Tahiri,Houssam,houssam-tahiri6@hotmail.com,1990-03-11,male,Oujda,0744974700,2024-05-17,Google SEO
CLI00424,Bouyahia,Mohammed,mohammed-bouyahia@outlook.com,1890-01-01,Homme,El Jadida,0785389097,2026-04-17,Facebook
CLI02361,Kettani,Walid,walid.kettani@hotmail.com,1948-05-07,m,Nador,0790877373,2024-01-09,Instagram
CLI04324,El Hamdouchi,Ayoub,ayoub_elhamdouchi25@yahoo.fr,2003-09-24,M,Marrakech,0704794764,2025-11-11,Recommandation
CLI03131,Boulahia,Hind,@sansdomaine,2015-06-01,female,Meknès,0608884391,2025-06-07,Email
CLI02668,El Amrani,Hassan,hassan-elamrani92@outlook.com,1995-11-04,M,KENITRA,0651933562,2024-02-25,Affichage
CLI04644,Berrada,Aicha,aicha_berrada25@yahoo.fr,1995-10-29,F,Nador,0683022377,2023-02-23,TV
CLI02655,Lamrani,Ayoub,ayoublamrani@outlook.com,1890-01-01,m,Nador,0630083341,2023-02-08,Affichage
CLI02219,Benhaddou,Kawtar,kawtar_benhaddou@gmail.com,1953-01-01,f,Safi,0665652936,2023-05-09,Direct
CLI04184,El Azzouzi,Ghita,ghita_elazzouzi@menara.ma,1955-12-15,female,Tanger,0681550640,2022-04-01,Email
CLI02465,Ziani,Najat,najat_ziani16@gmail.com,1959-09-11,Femme,Béni Mellal,0611591326,2023-07-12,Affichage
CLI03544,El Hamdouchi,Bilal,bilal-elhamdouchi28@yahoo.fr,2005-10-03,H,meknes,0729703450,2025-12-18,TikTok
CLI04043,Hajji,Kawtar,kawtar_hajji49@gmail.com,1976-03-10,female,Tanger,0732686679,2023-10-19,Google SEO
CLI04174,El Moussaoui,Younes,younes.elmoussaoui10@gmail.com,1996-07-21,H,fes,0608210791,2023-04-19,Google SEO
CLI03923,Saidi,Driss,drisssaidi@yahoo.fr,1956-03-01,M,Rabat,0735965528,2024-06-02,TV
CLI01734,Boulahia,Najat,najatboulahia@hotmail.com,1973-10-14,female,Tanger,0708520633,2025-05-23,Recommandation
CLI00307,El Mansouri,Driss,drisselmansouri@gmail.com,2000-03-08,M,El Jadida,0615353961,2025-10-05,Email
CLI00506,El Mansouri,Samira,samira-elmansouri@outlook.com,2005-04-30,female,Tanger,0672405593,2025-11-26,Recommandation
CLI03571,Tahiri,Yasmine,yasmine-tahiri@hotmail.com,2001-07-17,f,Fès,0656902876,2024-02-14,Instagram
CLI02848,El Amrani,Brahim,brahimelamrani64@outlook.com,2004-02-20,Homme,Meknès,0610830832,2025-05-27,Google SEO
CLI02236,Filali,Rania,rania-filali14@hotmail.com,1994-11-15,Femme,Safi,0691791969,2022-08-28,Google SEO
CLI03845,Chakir,Mehdi,mehdichakir25@yahoo.fr,1990-08-03,M,Marrakech,0669440637,2026-02-10,Facebook
CLI01924,Moussaoui,Mehdi,mehdi_moussaoui@outlook.com,1980-08-08,Homme,Tanger,0794624554,2023-11-01,Google SEO
CLI02197,Rhazouani,Amine,amine.rhazouani@outlook.com,2008-03-25,Homme,El Jadida,0626608696,2024-07-04,Instagram
CLI03616,Bakkali,Latifa,latifa-bakkali@outlook.com,2008-03-13,female,Tanger,0670364657,2022-07-22,Influenceur
CLI04193,El Hajjaji,Younes,younes.elhajjaji72@outlook.com,1968-10-14,M,Tétouan,0609749937,2022-09-08,TikTok
CLI04397,Ziani,Imane,imane_ziani52@outlook.com,1973-02-03,female,Tétouan,0651161314,2024-05-07,Affichage
CLI02896,Idrissi,Kawtar,kawtar.idrissi24@yahoo.fr,1981-10-01,F,meknes,0717330165,2022-07-08,Recommandation
CLI03100,Idrissi,Soufiane,soufianeidrissi@outlook.com,1963-05-19,M,El Jadida,0797250069,2025-10-01,Direct
CLI02629,El Azzouzi,Hafida,hafidaelazzouzi@hotmail.com,1890-01-01,female,Agadir,0601253436,2024-04-16,Recommandation
CLI00814,Errami,Amine,amine_errami@menara.ma,1967-11-05,M,Taza,0724096496,2023-01-28,Influenceur
CLI01634,Drissi,Tarik,tarik-drissi@hotmail.com,1961-06-15,m,Nador,0749030438,2022-11-22,Instagram
CLI01234,El Amrani,Najat,najat.elamrani@outlook.com,1958-06-20,f,Oujda,0797499799,2022-07-15,Google SEO
CLI03643,Rhazouani,Nadia,nadia_rhazouani69@menara.ma,1965-10-16,F,Béni Mellal,0793124838,2024-01-10,Facebook
CLI00302,Benali,Rachid,rachidbenali@yahoo.fr,1964-03-07,M,Béni Mellal,0724013223,2023-05-26,Recommandation
CLI00763,Bouazza,Zakaria,zakaria-bouazza30@hotmail.com,1999-03-03,1,Fès,0761781703,2025-05-16,Facebook
CLI00733,El Khamlichi,Issam,issam_elkhamlichi94@menara.ma,2008-01-27,1,Taza,0691203818,2023-09-22,Direct
CLI03484,Fennich,Ilyas,ilyas-fennich45@outlook.com,1965-04-11,Homme,El Jadida,0797808784,2024-05-12,Instagram
CLI04177,El Fassi,Malika,malika.elfassi@hotmail.com,1983-04-19,f,taza,0762264240,2025-03-30,Google SEO
CLI04970,Alaoui,Karim,karimalaoui@menara.ma,1985-03-22,m,Agadir,0763693479,2024-07-26,Recommandation
CLI01398,El Ghazi,Omar,omar_elghazi@outlook.com,1987-11-19,male,Tanger,0611525586,2024-04-16,Facebook
CLI01343,Guerrouj,Karim,karimguerrouj@hotmail.com,2009-04-15,male,Tétouan,0606476144,2026-03-30,Facebook
CLI01407,Benkirane,Ayoub,ayoub.benkirane@outlook.com,1971-01-25,1,Fès,0671776135,2022-06-11,Google SEO
CLI04790,Bakkali,Nassim,nassim.bakkali@gmail.com,1956-09-30,1,Agadir,0723812778,2022-12-04,Recommandation
CLI03035,Hajji,Mohammed,mohammedhajji@yahoo.fr,1947-11-19,1,Rabat,0793871389,2026-01-12,TV
CLI02854,Bensouda,Ayoub,ayoub.bensouda@outlook.com,1981-11-06,1,Béni Mellal,0601621989,2025-11-19,Direct
CLI03435,El Ouafi,Ghita,ghita_elouafi70@menara.ma,2006-10-09,0,El Jadida,0795860725,2025-08-06,Google SEO
CLI97615,El Khamlichi,Zakaria,zakaria.elkhamlichi@hotmail.com,1970-12-17,male,Rabat,0777375942,2022-06-06,Affichage
CLI04073,El Moussaoui,Hind,hindelmoussaoui@gmail.com,1890-01-01,Femme,Béni Mellal,0686967504,2022-11-29,Recommandation
CLI00714,Fennich,Najat,najat_fennich@gmail.com,1962-06-20,f,Nador,0712198819,2024-07-25,Facebook
CLI04825,El Amrani,Zineb,zineb-elamrani97@hotmail.com,1966-07-14,Femme,Nador,0779659314,2025-02-12,TV
CLI03106,Filali,Hamid,hamidfilali79@outlook.com,1981-12-06,M,meknes,0613109862,2022-07-07,Recommandation
CLI04091,El Hajjaji,Abdellatif,abdellatif-elhajjaji@menara.ma,1992-11-06,m,Oujda,0646571737,2022-06-27,Direct
CLI03557,Benomar,Kawtar,kawtar-benomar47@hotmail.com,1946-04-03,0,SAFI,0636789537,2023-08-29,TV
CLI02308,Boulahia,Simo,simo.boulahia@hotmail.com,1964-09-29,male,Meknès,0741193547,2024-04-29,Facebook
CLI01261,Bakkali,Dounia,douniabakkali20@yahoo.fr,2007-09-04,Femme,Oujda,0734115733,2022-12-26,Google SEO
CLI02050,El Mansouri,Oumaima,oumaimaelmansouri@hotmail.com,1966-01-20,female,Meknès,0662510494,2025-09-14,Influenceur
CLI00811,Bouazza,Nassim,nassimbouazza@yahoo.fr,1993-02-17,m,Kenitra,0697857082,2024-05-02,Google SEO
CLI01526,Mernissi,Anass,anass.mernissi74@hotmail.com,1990-08-29,H,Kenitra,0674903312,2025-02-06,Facebook
CLI00783,El Mansouri,Hassan,hassan_elmansouri@yahoo.fr,1983-06-23,M,Casablanca,0744889669,2022-07-05,TV
CLI04774,El Hamdouchi,Ali,ali_elhamdouchi@yahoo.fr,1981-03-24,H,KENITRA,0609561488,2024-05-30,Google SEO
CLI02380,El Moussaoui,Omar,omar_elmoussaoui72@outlook.com,1972-09-07,1,tanger,0645979898,2023-01-10,Facebook
CLI02900,Oulhaj,Younes,younesoulhaj@yahoo.fr,2000-01-14,Homme,Nador,0781574916,2026-03-17,Direct
CLI04164,Guerrouj,Abdellatif,abdellatif.guerrouj68@yahoo.fr,1976-05-05,M,Kenitra,0674488019,2023-03-13,Facebook
CLI04253,El Hajjaji,Siham,siham_elhajjaji@yahoo.fr,1984-08-02,female,Casablanca,0715538846,2025-05-27,TV
CLI02904,Ksikes,Younes,younesksikes@menara.ma,1951-04-03,male,Tétouan,0770016845,2022-10-11,Instagram
CLI04144,Benhaddou,Youssef,youssef.benhaddou32@menara.ma,1954-02-04,male,Kenitra,0682872388,2026-02-22,TikTok
CLI04403,El Bakkali,Nour,nourelbakkali71@yahoo.fr,1969-04-13,f,taza,0713738849,2022-11-27,TikTok
CLI02379,Oulhaj,Jamal,jamal-oulhaj@gmail.com,1977-10-31,M,Safi,0681674289,2023-06-30,TikTok
CLI97891,Hajji,Amina,aminahajji@gmail.com,1982-03-08,female,eljadida,0739513689,2026-03-11,TV
CLI01159,Benjelloun,Siham,siham-benjelloun@yahoo.fr,2005-12-18,0,El Jadida,0753691585,2025-09-17,TikTok
CLI02735,Chakir,Younes,younes-chakir@outlook.com,1984-03-09,M,Taza,0715742368,2023-04-18,Email
CLI01337,Bouazza,Amine,amine-bouazza@yahoo.fr,1949-10-03,male,Béni Mellal,0772443435,2022-05-12,Recommandation
CLI90712,Ksikes,Houda,houda-ksikes@yahoo.fr,1890-01-01,Femme,Oujda,0658423022,2023-05-21,Direct
CLI00503,Boulahia,Hanane,hanane_boulahia54@gmail.com,1977-02-01,female,Kenitra,0703719905,2025-03-09,Instagram
CLI00719,Lamrani,Widad,widad.lamrani@gmail.com,1994-02-13,female,TETOUAN,0708493783,2023-06-23,Google SEO
CLI03226,Cherkaoui,Imane,imane_cherkaoui@menara.ma,1997-03-07,0,Taza,0683212161,2025-01-30,Direct
CLI04627,Chraibi,Hafida,hafida.chraibi@hotmail.com,1988-05-01,0,Kenitra,0718642235,2025-11-09,TV
CLI92458,Naciri,Driss,driss_naciri64@yahoo.fr,1984-02-11,H,KENITRA,0686175565,2024-06-18,Instagram
CLI01130,Naciri,Driss,drissnaciri@gmail.com,1990-01-07,M,Safi,0752342864,2024-01-09,Recommandation
CLI02898,El Amrani,Hanane,hanane_elamrani@outlook.com,1990-02-12,Femme,Béni Mellal,0753196516,2022-06-16,Recommandation
CLI04408,Cherkaoui,Aicha,aicha-cherkaoui@menara.ma,2003-07-05,f,Marrakech,0616851635,2026-02-22,Direct
CLI03149,Benkirane,Sanaa,sanaa.benkirane@hotmail.com,2005-06-19,Femme,Taza,0768031697,2024-12-31,Influenceur
CLI01268,El Khamlichi,Mohammed,mohammed_elkhamlichi96@yahoo.fr,1989-01-16,M,EL JADIDA,0764774131,2024-04-30,Email
CLI04274,Idrissi,Sara,sara_idrissi@gmail.com,1982-03-09,F,Meknès,0603524154,2024-04-02,Recommandation
CLI04053,Lahlou,Souad,souad.lahlou63@gmail.com,1980-11-23,Femme,Tétouan,0624756707,2022-06-12,Direct
CLI00153,Bakkali,Btissam,btissam_bakkali@yahoo.fr,2008-05-13,Femme,Meknès,0629991191,2025-09-13,Recommandation
CLI03873,Ziani,Hamid,hamidziani@yahoo.fr,1953-08-12,1,Taza,0716420743,2025-10-10,Direct
CLI02526,El Azzouzi,Omar,omarelazzouzi@outlook.com,1974-02-15,Homme,Safi,0778462216,2026-02-28,Email
CLI02458,Benkirane,Reda,reda_benkirane@gmail.com,1989-05-19,1,Meknès,0606289223,2025-05-12,Affichage
CLI01242,Bakkali,Sara,sara-bakkali@gmail.com,1985-11-25,f,Meknès,0613397367,2023-12-26,Google SEO
CLI98584,El Hajjaji,Khadija,khadija-elhajjaji@outlook.com,1982-12-06,Femme,Marrakech,0623055412,2024-03-16,Instagram
CLI02490,Hajji,Sanaa,sanaa-hajji@hotmail.com,1963-06-26,f,El Jadida,0692072230,2025-10-14,Email
CLI02119,Chakir,Houda,houda.chakir95@outlook.com,1960-11-06,female,Kenitra,0704283167,2026-02-13,Facebook
CLI04572,Bouazza,Dounia,dounia_bouazza93@hotmail.com,1965-09-08,f,Casablanca,0620540582,2023-03-27,Direct
CLI03723,Benkirane,Manal,manalbenkirane@menara.ma,1952-10-22,female,Tanger,0782816041,2026-04-11,Email
CLI02321,El Andaloussi,Aziz,aziz-elandaloussi@menara.ma,1980-11-25,1,Safi,0669535952,2022-12-01,Facebook
CLI04975,Benomar,Ahmed,ahmed_benomar@gmail.com,1987-11-15,Homme,Meknès,0774565899,2022-11-28,Influenceur
CLI02880,Kettani,Othmane,othmane_kettani49@menara.ma,2003-10-29,Homme,Nador,0645543623,2025-04-07,Email
CLI04154,Bensouda,Fouad,fouad_bensouda@gmail.com,1952-08-10,1,Marrakech,0772679503,2023-05-01,TikTok
CLI00102,Lahlou,Rania,ranialahlou@hotmail.com,2002-08-13,F,Tanger,0662312038,2022-08-02,Direct
CLI04207,El Hamdouchi,Younes,younes_elhamdouchi@yahoo.fr,1977-10-31,male,Béni Mellal,0740763863,2024-01-22,Instagram
CLI03751,Ouazzani,Khadija,khadija-ouazzani@yahoo.fr,1970-04-06,Femme,Meknès,0627348579,2023-01-26,Recommandation
CLI03701,Ouazzani,Walid,walid.ouazzani@menara.ma,1971-01-12,M,Fès,0785824348,2023-07-20,Facebook
CLI01087,El Hamdouchi,Mariam,incomplet,1957-03-10,Femme,Tanger,0636385646,2025-06-08,Instagram
CLI04272,Belkadi,Manal,manal-belkadi@yahoo.fr,1975-02-06,Femme,Béni Mellal,0703602919,2023-11-27,Email
CLI03202,Chraibi,Chaimae,chaimae_chraibi@hotmail.com,1974-03-15,0,Rabat,0668566090,2022-06-04,Facebook
CLI01910,Ouazzani,Nour,nour_ouazzani30@yahoo.fr,1997-09-30,0,Tanger,0705411371,2024-07-26,Email
CLI00193,El Moussaoui,Adil,adil-elmoussaoui@outlook.com,1963-07-22,H,Meknès,0686557790,2024-12-02,Affichage
CLI02734,Mernissi,Hajar,hajar.mernissi@gmail.com,1955-09-05,0,Béni Mellal,0789532497,2023-10-14,TikTok
CLI01759,Tazi,Hamid,hamid-tazi73@outlook.com,1968-06-14,H,Taza,0694849434,2026-03-14,TikTok
CLI04675,Drissi,Dounia,douniadrissi@menara.ma,1960-09-29,F,Casablanca,0620923267,2023-10-10,Direct
CLI03655,Chraibi,Samir,samir_chraibi@gmail.com,1950-06-12,1,Tétouan,0629544055,2024-07-16,Recommandation
CLI01710,Benjelloun,Driss,driss_benjelloun@gmail.com,2002-04-05,m,Nador,0711706485,2024-10-19,Direct
CLI04664,Boulahia,Youssef,youssef_boulahia@menara.ma,2003-10-09,M,Fès,0703939687,2023-05-26,Influenceur
CLI03669,El Ouafi,Simo,simo.elouafi53@hotmail.com,1962-10-27,m,El Jadida,0638755676,2026-03-07,Instagram
CLI01314,Lahlou,Soufiane,soufiane_lahlou@hotmail.com,2010-02-24,male,Kenitra,0754802933,2026-03-11,TikTok
CLI04168,El Andaloussi,Ilham,ilhamelandaloussi57@outlook.com,1983-06-26,F,tanger,0645730711,2023-11-03,Google SEO
CLI00294,Tahiri,Latifa,latifa_tahiri@outlook.com,1991-07-26,female,Casablanca,0702814069,2022-06-20,Email
CLI01330,El Mansouri,Hanane,hanane-elmansouri@hotmail.com,1946-05-19,Femme,agadir,0687451202,2022-05-26,Facebook
CLI03302,Moussaoui,Zineb,zinebmoussaoui@menara.ma,1989-05-31,F,Marrakech,0635039785,2025-09-22,Instagram
CLI00622,El Mansouri,Rachid,rachid-elmansouri@yahoo.fr,1961-01-22,1,Rabat,0694694346,2025-06-16,Google SEO
CLI00952,El Azzouzi,Khadija,khadija-elazzouzi@gmail.com,2003-10-31,female,Tétouan,0635158807,2023-12-17,Google SEO
CLI01891,Moussaoui,Aziz,aziz-moussaoui@outlook.com,1998-01-04,m,Kenitra,0701579970,2025-12-29,Influenceur
CLI04998,Drissi,Badr,badr_drissi81@yahoo.fr,1958-06-13,m,Oujda,0714762122,2025-11-16,Affichage
CLI03346,Naciri,Imane,imane.naciri@outlook.com,1991-05-06,female,Rabat,0773177427,2025-10-26,Affichage
CLI02720,Naciri,Hajar,hajarnaciri@gmail.com,1956-10-27,female,tangier,0691154168,2023-06-18,Facebook
CLI03793,Bakkali,Khalid,khalid_bakkali@gmail.com,1955-06-20,Homme,casa,0709157541,2024-06-07,TikTok
CLI00341,El Ghazi,Naima,naimaelghazi@hotmail.com,1960-10-17,female,FES,0729341722,2024-04-24,Email
CLI04183,Mernissi,Brahim,brahim-mernissi37@hotmail.com,1998-11-30,H,CASABLANCA,0779484716,2024-10-25,Direct
CLI02329,Fennich,Kawtar,kawtar_fennich@menara.ma,1978-08-11,0,Nador,0618811133,2023-07-17,Direct
CLI00865,Oulhaj,Ali,ali_oulhaj@menara.ma,1950-02-25,male,Tanger,0653789318,2023-06-08,Influenceur
CLI02912,El Ghazi,Riad,riadelghazi@menara.ma,1997-07-09,H,casa,0767482232,2022-07-09,Affichage
CLI03224,Kettani,Hicham,hicham-kettani61@yahoo.fr,1949-06-25,male,Béni Mellal,0716484351,2024-01-10,Recommandation
CLI02217,Lamrani,Ilham,ilhamlamrani@yahoo.fr,1950-02-07,F,Tanger,0674196400,2024-02-21,Google SEO
CLI01464,Filali,Loubna,loubnafilali@yahoo.fr,1957-10-16,Femme,El Jadida,0716371206,2023-08-23,Email
CLI01240,Errami,Nadia,nadiaerrami@hotmail.com,1996-05-14,0,béni mellal,0739945413,2026-02-14,Affichage
CLI00415,Benali,Nassim,nassimbenali@yahoo.fr,1997-07-10,M,taza,0792151826,2022-05-23,Google SEO
CLI01927,Idrissi,Yasmine,yasmineidrissi@hotmail.com,1981-03-28,Femme,Meknès,0619553093,2022-04-21,Direct
CLI04108,Ziani,Salma,salmaziani@yahoo.fr,1986-03-30,Femme,fes,0721976403,2025-03-16,TV
CLI03039,Zeroual,Reda,reda-zeroual@hotmail.com,1959-02-14,M,Fès,0771205749,2025-03-29,Facebook
CLI00603,El Andaloussi,Riad,riad-elandaloussi@outlook.com,1954-10-17,H,Nador,0748564510,2024-10-05,Instagram
CLI00824,El Khamlichi,Fatima,fatimaelkhamlichi@yahoo.fr,1953-11-27,0,Béni Mellal,0733890623,2024-08-08,TikTok
CLI03522,Hajji,Abdellatif,abdellatif-hajji@hotmail.com,1975-06-02,male,Nador,0706984433,2025-03-24,Affichage
CLI02995,El Hamdouchi,Latifa,latifa-elhamdouchi@outlook.com,1981-12-26,female,Agadir,0718868354,2025-01-09,Direct
CLI04728,El Fassi,Najat,najatelfassi@outlook.com,1998-02-20,0,Kenitra,0616420009,2025-09-13,Google SEO
CLI03166,Tahiri,Rim,rim_tahiri@hotmail.com,1956-04-01,female,Casablanca,0721859293,2023-06-07,Google SEO
CLI00453,Naciri,Riad,riad_naciri@outlook.com,1966-12-20,male,Taza,0733991297,2026-02-09,Instagram
CLI01781,El Moussaoui,Sara,sara-elmoussaoui@yahoo.fr,1980-03-31,f,Agadir,0730328267,2025-01-11,Email
CLI02729,Filali,Houssam,houssamfilali@gmail.com,1995-02-22,M,Tétouan,0726315081,2022-08-30,Google SEO
CLI03787,Ksikes,Ali,aliksikes@gmail.com,1953-05-02,1,Nador,0627679918,2022-08-21,Facebook
CLI04299,Ziani,Aziz,aziz-ziani78@menara.ma,1974-07-06,1,Fès,0700946748,2024-07-16,Google SEO
CLI02324,Bouyahia,Nabil,nabil_bouyahia@yahoo.fr,1976-02-18,1,Safi,0718286549,2026-03-28,Google SEO
CLI02631,El Khamlichi,Mustapha,mustapha-elkhamlichi95@hotmail.com,1968-11-17,1,Marrakech,0705836072,2022-12-28,Facebook
CLI01677,Moussaoui,Simo,simo_moussaoui@yahoo.fr,1962-02-20,m,Meknès,0620165663,2024-10-24,Email
CLI04994,El Mansouri,Othmane,othmane.elmansouri11@menara.ma,1956-03-18,male,Casablanca,0664954416,2023-12-09,TV
CLI01880,Ksikes,Ali,ali_ksikes54@outlook.com,1968-04-28,1,Rabat,0744582969,2024-04-04,Recommandation
CLI04863,Alaoui,Ayoub,ayoub-alaoui@gmail.com,2008-04-26,H,Nador,0633837132,2022-08-07,Direct
CLI03547,El Bakkali,Laila,laila_elbakkali@hotmail.com,1973-09-06,f,Kenitra,0635531844,2023-10-28,Recommandation
CLI02702,Benhaddou,Hassan,hassan-benhaddou@gmail.com,1981-06-07,male,Fès,0624049386,2022-11-03,Email
CLI02471,Idrissi,Houda,houdaidrissi@yahoo.fr,1999-12-04,f,AGADIR,0754310557,2025-03-04,Direct
CLI01760,Bouazza,Yasmine,yasmine-bouazza@menara.ma,1954-11-26,Femme,El Jadida,0659567832,2026-02-21,Email
CLI04219,El Amrani,Zineb,zineb.elamrani@menara.ma,1980-02-19,female,Fès,0786307013,2024-03-27,Instagram
CLI01628,Oulhaj,Ahmed,ahmedoulhaj@yahoo.fr,2005-01-01,Homme,Béni Mellal,0785939185,2023-08-13,Email
CLI02254,Zeroual,Rim,rimzeroual@hotmail.com,1954-06-23,Femme,Casablanca,0764996727,2024-05-19,Influenceur
CLI00422,Oulhaj,Soufiane,soufiane-oulhaj66@yahoo.fr,1990-06-09,Homme,Tanger,0739672757,2024-10-31,Affichage
CLI04688,Benomar,Ilyas,ilyas_benomar@hotmail.com,1968-02-15,male,Meknès,0719123805,2025-06-05,Google SEO
CLI00365,Ouazzani,Omar,omarouazzani67@yahoo.fr,1950-09-10,1,Fès,0646875063,2022-04-15,TikTok
CLI04178,El Ouafi,Khalid,khalid-elouafi@yahoo.fr,1973-05-27,Homme,Béni Mellal,0636707628,2025-03-17,Google SEO
CLI01520,Lahlou,Hafida,hafidalahlou@hotmail.com,1971-09-01,0,TAZA,0654422535,2023-07-25,Instagram
CLI02041,Naciri,Ilyas,ilyas-naciri49@menara.ma,1991-07-17,M,El Jadida,0678571036,2024-08-13,Email
CLI01432,Boulahia,Simo,simo.boulahia9@menara.ma,1973-09-17,H,Marrakech,0746042937,2023-04-22,Instagram
CLI04171,El Andaloussi,Loubna,loubna-elandaloussi48@hotmail.com,1976-06-29,Femme,nador,0701933443,2024-03-14,Influenceur
CLI01963,Bouazza,Btissam,btissambouazza@yahoo.fr,1948-04-30,f,Meknès,0704441442,2023-04-04,TV
CLI00404,Ouazzani,Naima,naima_ouazzani@yahoo.fr,1966-12-07,female,Tétouan,0655107620,2024-03-17,TV
CLI03686,El Amrani,Kawtar,kawtar-elamrani7@yahoo.fr,1971-01-04,Femme,fès,0672799994,2025-07-26,TV
CLI04398,Bouazza,Issam,issam_bouazza@yahoo.fr,1976-10-31,male,Béni Mellal,0671893276,2025-09-07,Influenceur
CLI01178,Benali,Riad,riad_benali92@outlook.com,2004-03-10,M,Béni Mellal,0693500115,2024-04-05,Recommandation
CLI02535,Lahlou,Ali,ali.lahlou@hotmail.com,2000-11-15,M,Agadir,0636840541,2023-06-27,Influenceur
CLI04685,Hajji,Adil,adilhajji@outlook.com,1997-12-15,H,nador,0655599285,2024-06-27,Email
CLI02684,Guerrouj,Soufiane,soufiane-guerrouj43@hotmail.com,1967-05-27,male,El Jadida,0631493254,2025-03-15,Affichage
CLI04216,Bakkali,Dounia,dounia_bakkali@yahoo.fr,1982-05-01,female,Kenitra,0758525724,2023-01-13,TV
CLI04658,Benkirane,Salma,salma.benkirane@gmail.com,1950-07-08,f,AGADIR,0749915795,2026-04-12,Influenceur
CLI01659,Zeroual,Issam,issam_zeroual@hotmail.com,2004-03-31,H,Meknès,0759824378,2025-09-19,Google SEO
CLI01131,Benjelloun,Reda,reda_benjelloun@menara.ma,1956-02-11,m,tetouan,0667734985,2023-01-23,Facebook
CLI03795,Chraibi,Samir,samir-chraibi@menara.ma,1946-06-01,m,Agadir,0709939475,2025-05-30,Affichage
CLI04992,Cherkaoui,Laila,lailacherkaoui@outlook.com,1965-07-06,female,Taza,0664669601,2022-05-13,Direct
CLI04243,El Fassi,Naima,naima_elfassi96@hotmail.com,1973-03-12,Femme,Casablanca,0720826075,2024-11-19,TV
CLI03786,El Amrani,Meryem,meryem.elamrani@yahoo.fr,2007-09-20,female,Fès,0617114675,2025-08-15,Email
CLI00813,El Fassi,Badr,badrelfassi@outlook.com,1948-06-15,H,Fès,0641961560,2024-05-05,Direct
CLI04639,Kettani,Latifa,latifa.kettani@yahoo.fr,1952-10-10,F,Agadir,0644648413,2025-04-15,Facebook
CLI01393,Lahlou,Adil,adil-lahlou@outlook.com,1983-05-25,male,Rabat,0635028303,2023-10-19,Recommandation
CLI04187,El Andaloussi,Nour,nourelandaloussi@gmail.com,2007-05-19,female,Casablanca,0772024190,2024-06-12,TikTok
CLI01285,Belkadi,Aicha,aicha_belkadi@outlook.com,1971-06-02,Femme,Safi,0780964583,2024-01-14,Direct
CLI00096,El Azzouzi,Hanane,hananeelazzouzi@menara.ma,2008-01-04,f,Tétouan,0630673830,2023-10-30,Facebook
CLI02215,El Hajjaji,Zineb,zinebelhajjaji@outlook.com,2015-06-01,f,Oujda,0703673361,2024-07-18,Recommandation
CLI04805,El Amrani,Salma,salmaelamrani@yahoo.fr,1976-11-02,female,Casablanca,0782808162,2025-07-01,Instagram
CLI00494,Bensouda,Ilyas,ilyas-bensouda@gmail.com,1945-10-07,m,Oujda,0638497916,2024-01-24,Facebook
CLI03569,El Hamdouchi,Yasmine,yasmine_elhamdouchi91@yahoo.fr,1954-10-05,F,Marrakech,0756759818,2026-03-09,Influenceur
CLI02669,Errami,Jamal,jamal-errami65@menara.ma,1978-04-30,M,Taza,0600432091,2024-05-05,Affichage
CLI01076,Mernissi,Hafida,hafidamernissi@hotmail.com,1963-03-03,0,El Jadida,0760361624,2024-07-26,Affichage
CLI02036,Benomar,Simo,simobenomar@gmail.com,1989-06-23,M,El Jadida,0660805582,2023-09-26,Facebook
CLI01739,Benomar,Zakaria,zakaria-benomar@hotmail.com,1985-06-12,H,El Jadida,0648550702,2022-07-11,Influenceur
CLI04786,El Khamlichi,Najat,najatelkhamlichi16@yahoo.fr,1961-03-01,Femme,Tanger,0786891008,2023-10-19,Direct
CLI04686,Mernissi,Btissam,btissam_mernissi@outlook.com,1991-12-31,Femme,Kenitra,0783936605,2024-05-04,TikTok
CLI04516,El Moussaoui,Yasmine,yasmine.elmoussaoui@menara.ma,1988-09-20,F,Béni Mellal,0737742443,2022-07-14,TikTok
CLI04304,Bakkali,Younes,younes_bakkali@gmail.com,2009-09-10,Homme,Tanger,0650836860,2025-07-15,Influenceur
CLI00508,El Ghazi,Rania,raniaelghazi18@yahoo.fr,1980-12-08,Femme,TETOUAN,0603771070,2022-04-08,Recommandation
CLI04112,Ouazzani,Issam,issam.ouazzani@menara.ma,1961-08-30,m,Marrakech,0678815814,2026-01-25,Instagram
CLI04275,Naciri,Oumaima,oumaima.naciri@menara.ma,2010-03-09,0,Tétouan,0611634701,2023-06-13,Influenceur
CLI00616,El Mansouri,Ilham,ilham_elmansouri@outlook.com,1963-04-13,f,Rabat,0651295927,2023-07-16,Facebook
CLI01782,El Mansouri,Rabha,rabha_elmansouri@outlook.com,1961-11-15,female,Tétouan,0721325086,2023-07-05,Facebook
CLI01492,Alaoui,Amina,aminaalaoui@hotmail.com,1977-07-04,0,Kenitra,0754656531,2025-03-16,Direct
CLI03377,Tahiri,Malika,malikatahiri27@gmail.com,1967-08-30,F,Taza,0600555018,2026-01-01,Direct
CLI02908,Naciri,Simo,simo.naciri@outlook.com,2003-12-17,1,Tétouan,0727919163,2025-06-30,Direct
CLI03385,Alaoui,Issam,issam.alaoui76@hotmail.com,1991-07-28,m,Fès,0733213300,2025-09-24,Google SEO
CLI03093,Lamrani,Khalid,khalid.lamrani@hotmail.com,1981-02-06,H,Marrakech,0655299277,2022-09-19,Direct
CLI02685,Belkadi,Oumaima,oumaima-belkadi@gmail.com,1959-10-12,F,Oujda,0609002810,2022-11-28,Google SEO
CLI01436,El Ghazi,Salma,salma-elghazi@hotmail.com,2002-09-12,F,Kenitra,0653160227,2024-12-01,Recommandation
CLI01944,Filali,Sanaa,sanaa_filali44@menara.ma,1966-05-19,Femme,Meknès,0635420509,2022-07-23,TikTok
CLI02048,El Mansouri,Oumaima,oumaima_elmansouri6@hotmail.com,2008-04-01,f,rabat,0662238013,2024-07-07,Direct
CLI03928,El Hajjaji,Oumaima,oumaima-elhajjaji@menara.ma,2003-03-04,0,Nador,0678952786,2023-09-25,TV
CLI00015,El Bakkali,Malika,@sansdomaine,1986-01-02,Femme,Meknès,0659514846,2024-04-16,TikTok
CLI01558,Filali,Hamid,hamid_filali@outlook.com,2005-01-06,male,Tétouan,0755935588,2024-01-07,Instagram
CLI90488,Kettani,Naima,naima-kettani@hotmail.com,1990-06-26,F,Agadir,0791330303,2025-07-30,Email
CLI02467,Saidi,Btissam,btissam_saidi@yahoo.fr,1951-08-08,f,Safi,0702356409,2025-06-04,Email
CLI01161,El Moussaoui,Abdellatif,abdellatif-elmoussaoui@menara.ma,2004-12-15,male,Meknès,0699172174,2023-11-22,Facebook
CLI02079,Ksikes,Samir,samir-ksikes@gmail.com,1971-08-28,M,Meknès,0630678019,2024-06-03,Recommandation
CLI03496,El Azzouzi,Sara,sara-elazzouzi38@menara.ma,1967-12-01,female,Nador,0698280379,2024-08-04,Recommandation
CLI02316,El Bakkali,Chaimae,chaimae_elbakkali94@menara.ma,1971-12-15,F,Béni Mellal,0763782564,2025-03-01,Affichage
CLI02333,Errami,Khalid,khaliderrami5@yahoo.fr,1982-04-13,M,Rabat,0717333581,2023-02-11,Email
CLI01410,El Ouafi,Meryem,meryemelouafi55@outlook.com,1968-04-29,F,Agadir,0702006174,2024-04-08,Instagram
CLI00530,El Ghazi,Zakaria,zakaria-elghazi@yahoo.fr,1962-11-30,Homme,Tanger,0681867024,2026-04-04,Recommandation
CLI02012,El Andaloussi,Walid,walid.elandaloussi3@hotmail.com,2008-04-14,Homme,Tétouan,0787005125,2022-08-13,Email
CLI91943,El Ouafi,Driss,driss.elouafi78@outlook.com,1986-08-06,H,Marrakech,0779627570,2022-08-17,TikTok
CLI04338,Naciri,Bilal,bilalnaciri@yahoo.fr,1954-12-11,male,Kenitra,0771212270,2024-12-09,Instagram
CLI04047,El Moussaoui,Zineb,zinebelmoussaoui@hotmail.com,1989-05-21,0,Meknès,0681731430,2023-05-01,TV
CLI01656,Benjelloun,Rim,rim-benjelloun@outlook.com,1972-06-03,Femme,Agadir,0681420438,2023-12-04,Recommandation
CLI02396,Ouazzani,Laila,laila_ouazzani@gmail.com,1948-02-09,Femme,EL JADIDA,0793135276,2023-10-01,Facebook
CLI01942,Saidi,Fatima,fatimasaidi@outlook.com,1996-04-26,female,Béni Mellal,0770447771,2025-02-20,Recommandation
CLI98274,Boulahia,Hanane,hanane_boulahia54@gmail.com,1977-02-01,female,Kenitra,0703719905,2025-03-09,Instagram
CLI02080,El Ouafi,Aicha,aicha.elouafi@hotmail.com,2009-12-27,f,Tanger,0662487485,2025-06-11,Influenceur
CLI04417,Oulhaj,Souad,souadoulhaj@menara.ma,1959-06-13,0,Tanger,0705268667,2023-02-10,Influenceur
CLI03731,Bouazza,Dounia,dounia-bouazza@menara.ma,1998-11-09,female,Tétouan,0787188299,2026-02-13,Instagram
CLI04984,Naciri,Ilham,ilham-naciri@hotmail.com,1997-07-31,0,tanja,0727217982,2023-12-02,TikTok
CLI00649,El Fassi,Bilal,bilal_elfassi@gmail.com,2015-06-01,male,tanger,0757598339,2023-03-08,TV
CLI02289,Alaoui,Malika,malika_alaoui@outlook.com,1973-01-20,f,Safi,0663354715,2022-12-09,Recommandation
CLI03331,Benjelloun,Kawtar,kawtar_benjelloun64@hotmail.com,2009-07-10,female,El Jadida,0706161312,2023-07-04,Instagram
CLI00612,Tazi,Mariam,mariam.tazi@menara.ma,2002-11-12,f,Agadir,0649409762,2022-07-05,Influenceur
CLI01864,El Azzouzi,Oumaima,oumaimaelazzouzi@menara.ma,1968-05-11,Femme,Marrakech,0750729629,2022-09-23,Google SEO
CLI01527,Filali,Manal,manal.filali58@outlook.com,1983-05-27,0,Fès,0787477740,2023-05-22,Direct
CLI04717,El Hamdouchi,Riad,riad_elhamdouchi@hotmail.com,1963-07-14,H,Safi,0624711462,2025-05-25,Direct
CLI01125,Alaoui,Ali,ali.alaoui9@yahoo.fr,1978-01-17,1,Casablanca,0678187109,2022-10-17,Influenceur
CLI02504,Bouyahia,Khalid,khalidbouyahia@menara.ma,1957-12-11,Homme,Béni Mellal,0698728481,2025-07-28,Affichage
CLI00904,Rhazouani,Malika,malika-rhazouani70@gmail.com,1963-04-24,Femme,NADOR,0722033474,2025-04-06,Facebook
CLI04526,Bouyahia,Ghita,ghita-bouyahia@gmail.com,1966-05-03,Femme,Marrakech,0619754239,2024-11-06,Direct
CLI03778,Bouazza,Fatima,fatima_bouazza@yahoo.fr,1987-02-22,F,Nador,0615910518,2022-10-25,TikTok
CLI01916,El Hamdouchi,Mehdi,mehdi.elhamdouchi@hotmail.com,1994-09-17,m,Rabat,0633125677,2023-03-23,Facebook
CLI01062,Benomar,Houssam,houssam.benomar62@menara.ma,1986-01-25,H,Béni Mellal,0744748904,2025-04-20,Direct
CLI00100,Kettani,Mohammed,mohammed.kettani@outlook.com,1983-10-22,M,Meknès,0785445877,2024-09-29,Instagram
CLI03020,Benjelloun,Sara,sara-benjelloun@hotmail.com,1967-06-10,F,Fes,0796304955,2024-09-02,Google SEO
CLI04582,El Andaloussi,Soufiane,soufiane_elandaloussi@gmail.com,2006-04-16,Homme,dar beida,0726841860,2024-02-13,TikTok
CLI00659,Idrissi,Karim,karim_idrissi@hotmail.com,1955-11-11,m,Béni Mellal,0614247310,2024-08-30,Direct
CLI02851,Zeroual,Kawtar,kawtarzeroual59@yahoo.fr,1952-05-03,Femme,Rabat,0739913854,2024-04-07,Instagram
CLI04824,Chraibi,Mustapha,mustapha-chraibi63@outlook.com,1986-11-27,m,Rabat,0630886158,2024-02-08,TV
CLI04002,Benkirane,Hajar,hajarbenkirane53@yahoo.fr,1950-05-12,f,Marrakech,0653565026,2025-03-12,Direct
CLI00886,El Amrani,Anass,anass.elamrani@menara.ma,2004-08-19,Homme,Béni Mellal,0636010712,2025-08-27,Influenceur
CLI03703,Mernissi,Hicham,hichammernissi@gmail.com,2004-10-19,1,MARRAKECH,0698982054,2023-08-23,Instagram
CLI03397,Bouazza,Naima,naima.bouazza92@hotmail.com,1988-02-28,0,Casablanca,0682172952,2022-11-08,Instagram
CLI04153,El Azzouzi,Nassim,nassim-elazzouzi@yahoo.fr,1947-06-11,m,Tétouan,0792183160,2025-09-11,Affichage
CLI04261,Kettani,Ilham,ilham_kettani24@yahoo.fr,1956-06-14,f,Fès,0755986806,2022-04-19,Influenceur
CLI01341,Guerrouj,Widad,widad.guerrouj@yahoo.fr,1967-10-14,Femme,Safi,0684293359,2026-04-08,Affichage
CLI02558,El Andaloussi,Btissam,btissamelandaloussi38@hotmail.com,1998-04-19,Femme,Kenitra,0619272778,2024-09-14,Email
CLI00547,Lahlou,Hicham,hicham_lahlou25@outlook.com,1976-02-02,1,Marrakech,0675955872,2023-11-13,Google SEO
CLI04667,El Andaloussi,Simo,simoelandaloussi@menara.ma,1971-01-31,m,Casablanca,0651395927,2022-08-11,Recommandation
CLI02029,Bakkali,Anass,anass.bakkali@yahoo.fr,1965-08-07,m,Safi,0779572400,2022-11-02,Email
CLI00950,Guerrouj,Hassan,hassan-guerrouj@menara.ma,1953-04-09,M,Kenitra,0745143672,2023-01-28,Affichage
CLI00539,Hajji,Ilham,ilhamhajji@yahoo.fr,1974-07-04,female,RABAT,0631922270,2026-04-26,TikTok
CLI00202,El Bakkali,Jamal,jamal.elbakkali@hotmail.com,1954-05-15,male,Marrakech,0609883920,2023-06-05,TikTok
CLI04548,El Khamlichi,Karim,karim.elkhamlichi91@yahoo.fr,1975-03-09,m,Oujda,0601273978,2024-03-27,Influenceur
CLI00663,El Bakkali,Mariam,mariam_elbakkali@hotmail.com,1964-06-21,f,Rabat,0658295829,2022-07-08,Facebook
CLI02803,Moussaoui,Youssef,youssef_moussaoui@menara.ma,1965-06-04,H,Tétouan,0620777308,2023-05-19,Affichage
CLI04497,Lamrani,Fatima,fatima-lamrani29@gmail.com,2003-11-16,f,Casablanca,0793372513,2024-04-24,Email
CLI03999,Guerrouj,Mustapha,mustapha-guerrouj@menara.ma,2006-08-30,1,Fès,0799372699,2025-06-18,TikTok
CLI02510,Cherkaoui,Mariam,mariam-cherkaoui@gmail.com,1983-12-21,female,Nador,0785321013,2022-08-08,Email
CLI04705,Hajji,Ilham,ilham-hajji@outlook.com,1984-12-31,F,Taza,0636248900,2025-03-18,Google SEO
CLI01950,Berrada,Younes,younes.berrada@hotmail.com,1971-10-13,H,Kenitra,0687914659,2025-09-24,TikTok
CLI01381,Zeroual,Adil,adil.zeroual@hotmail.com,1981-05-13,male,Safi,0684699086,2025-07-19,Direct
CLI00228,Chakir,Mohammed,mohammed_chakir18@menara.ma,1972-05-12,male,meknes,0788899210,2024-07-26,Direct
CLI04541,Lamrani,Walid,walid-lamrani@yahoo.fr,1955-07-19,1,Rabat,0605295642,2026-03-29,Influenceur
CLI00938,Chraibi,Hanane,hanane_chraibi@yahoo.fr,1978-03-08,f,Safi,0768652406,2024-10-17,Facebook
CLI00366,Cherkaoui,Oumaima,oumaima-cherkaoui@outlook.com,1979-02-03,f,Casablanca,0676095431,2022-10-29,Direct
CLI02650,Zeroual,Widad,widadzeroual63@hotmail.com,1977-08-24,0,Fès,0743200608,2023-05-23,Email
CLI03289,Alaoui,Kawtar,kawtaralaoui57@yahoo.fr,1967-05-18,Femme,tng,0680436917,2025-06-07,Recommandation
CLI00722,El Fassi,Amina,amina.elfassi@yahoo.fr,1957-11-07,F,Fès,0636533774,2022-08-12,Influenceur
CLI00587,Kettani,Simo,simo-kettani@hotmail.com,1998-04-26,M,Kenitra,0715533342,2025-08-14,Influenceur
CLI03475,Lahlou,Kawtar,kawtar-lahlou@hotmail.com,1995-02-21,0,Safi,0703752696,2024-12-30,Affichage
CLI02435,El Fassi,Simo,simoelfassi94@gmail.com,1964-08-20,m,Casablanca,0740938654,2023-03-29,Direct
CLI03956,Bensouda,Ahmed,ahmed_bensouda@hotmail.com,1980-01-12,1,Casablanca,0782702452,2025-11-23,Affichage
CLI00633,Benali,Hassan,hassan.benali@gmail.com,1998-11-30,m,Fès,0715959775,2025-06-27,Facebook
CLI01273,El Khamlichi,Zineb,zineb-elkhamlichi40@gmail.com,1973-05-10,f,Casablanca,0696598455,2022-05-04,Direct
CLI04679,El Hamdouchi,Rania,rania_elhamdouchi44@hotmail.com,2002-10-21,F,Nador,0751660728,2025-10-27,TV
CLI02292,Kettani,Aziz,aziz-kettani@menara.ma,1996-01-16,m,Casablanca,0716054337,2024-03-02,Google SEO
CLI03689,Berrada,Badr,badr_berrada68@hotmail.com,1970-11-05,H,Oujda,0741546334,2023-07-29,Recommandation
CLI01587,Oulhaj,Nadia,nadia-oulhaj64@outlook.com,2006-08-15,Femme,Tanger,0754525935,2024-08-25,Direct
CLI00536,Mernissi,Badr,badr.mernissi38@yahoo.fr,1975-08-21,Homme,Rabat,0648395894,2022-09-08,Direct
CLI00694,Chakir,Badr,badrchakir@gmail.com,1985-12-05,Homme,Rabat,0700838507,2025-10-06,Influenceur
CLI04052,Naciri,Houda,houdanaciri@outlook.com,1987-07-24,F,Rabat,0644175396,2022-10-19,Direct
CLI01624,Filali,Rabha,rabha-filali@hotmail.com,1994-03-18,Femme,Béni Mellal,0646010413,2026-01-29,Instagram
CLI00545,Benomar,Hajar,hajar_benomar6@gmail.com,1974-07-08,F,El Jadida,0644851579,2022-10-08,Instagram
CLI01586,Rhazouani,Laila,lailarhazouani78@yahoo.fr,1997-08-30,Femme,Fès,0610559169,2023-03-06,Affichage
CLI01509,Bakkali,Simo,simo.bakkali@yahoo.fr,1966-02-23,Homme,Béni Mellal,0708164180,2025-02-11,Recommandation
CLI01955,El Khamlichi,Rim,rim-elkhamlichi41@yahoo.fr,1948-01-30,Femme,Marrakech,0641071912,2026-03-25,TV
CLI00021,El Hamdouchi,Chaimae,chaimaeelhamdouchi46@outlook.com,1971-10-29,f,Béni Mellal,0673467065,2023-04-09,Influenceur
CLI00459,Boulahia,Rania,raniaboulahia@menara.ma,1989-05-20,Femme,Nador,0689319925,2024-02-25,TikTok
CLI01510,El Moussaoui,Yasmine,yasmine.elmoussaoui@menara.ma,1996-12-29,f,Marrakech,0795449506,2025-01-03,Google SEO
CLI01967,El Hamdouchi,Walid,walid.elhamdouchi@menara.ma,2009-09-19,1,Marrakech,0757618677,2023-06-28,Google SEO
CLI02334,Idrissi,Houda,houda.idrissi@yahoo.fr,1947-07-11,F,Rabat,0616700620,2024-01-25,Affichage
CLI03830,Hajji,Simo,simo_hajji@hotmail.com,1974-11-19,1,El Jadida,0721461110,2023-05-23,TikTok
CLI01442,Benjelloun,Mohammed,mohammed-benjelloun82@hotmail.com,1965-06-26,Homme,Rabat,0627700453,2023-12-13,TikTok
CLI03532,Ziani,Bilal,bilal-ziani@hotmail.com,1971-10-20,m,Taza,0796720647,2024-07-07,Recommandation
CLI01620,Hajji,Ilham,ilham-hajji@yahoo.fr,1970-06-05,female,MEKNES,0611275963,2024-07-15,Direct
CLI00822,El Bakkali,Zineb,zinebelbakkali@hotmail.com,1978-10-16,F,Tétouan,0755906700,2023-06-12,Google SEO
CLI01154,El Hamdouchi,Naima,naima.elhamdouchi72@yahoo.fr,1957-09-29,F,Tanger,0618893063,2023-03-31,TikTok
CLI01531,Drissi,Ghita,ghita.drissi@outlook.com,2007-12-01,F,Marrakech,0616595585,2024-03-22,TV
CLI00532,Ouazzani,Fouad,fouad.ouazzani26@yahoo.fr,1997-12-25,1,Meknès,0636847488,2024-09-12,Email
CLI04638,El Hamdouchi,Houssam,houssam.elhamdouchi@gmail.com,2008-08-01,Homme,Agadir,0751469546,2023-08-30,Google SEO
CLI04761,Lahlou,Mariam,mariam_lahlou99@gmail.com,1945-12-30,Femme,Kenitra,0738124383,2025-11-13,Instagram
CLI01604,Bouyahia,Adil,adil.bouyahia@gmail.com,1978-07-26,Homme,Béni Mellal,0716352141,2023-02-03,Facebook
CLI02117,Bouazza,Mohammed,mohammed-bouazza@gmail.com,1959-09-11,m,RABAT,0794261666,2022-09-10,Recommandation
CLI00331,Benhaddou,Aziz,aziz.benhaddou@outlook.com,1996-11-25,m,Safi,0774905097,2022-05-13,TikTok
CLI04702,Ziani,Anass,anass.ziani@gmail.com,1963-03-16,Homme,Rabat,0615033777,2025-10-13,Recommandation
CLI03900,Lahlou,Zineb,zineb.lahlou@outlook.com,1954-09-16,Femme,Kenitra,0782508340,2025-01-15,Google SEO
CLI02062,Rhazouani,Hamid,hamid_rhazouani53@outlook.com,1948-11-10,m,Rabat,0708450143,2024-03-09,TV
CLI03550,Chraibi,Laila,laila_chraibi@menara.ma,1991-02-22,female,Nador,0677858599,2023-04-08,Instagram
CLI03908,Lahlou,Hassan,hassanlahlou@yahoo.fr,1988-10-16,1,Oujda,0613632493,2024-06-20,Affichage
CLI02790,El Azzouzi,Aicha,aicha.elazzouzi@outlook.com,1995-08-01,female,taza,0644907113,2023-09-07,Influenceur
CLI01503,El Moussaoui,Walid,walid.elmoussaoui@yahoo.fr,1960-06-18,m,Béni Mellal,0636505519,2023-02-23,Instagram
CLI04749,Bouyahia,Oumaima,oumaima_bouyahia@yahoo.fr,1955-08-07,Femme,Tétouan,0695529807,2024-10-13,Instagram
CLI04729,Bouyahia,Zakaria,zakariabouyahia@menara.ma,2009-06-28,Homme,Safi,0601035304,2023-05-16,Affichage
CLI00913,Cherkaoui,Badr,badr.cherkaoui@gmail.com,2003-09-02,Homme,Tétouan,0651999452,2025-01-25,TV
CLI04750,El Ghazi,Rim,rim_elghazi57@hotmail.com,2009-07-09,Femme,Taza,0749646588,2022-09-13,TV
CLI01099,El Khamlichi,Mohammed,mohammedelkhamlichi@hotmail.com,2007-11-16,H,Rabat,0702944203,2026-01-29,Instagram
CLI03997,Rhazouani,Ilham,ilham-rhazouani@gmail.com,1890-01-01,female,Kenitra,0625244853,2025-12-07,Instagram
CLI02246,Ouazzani,Khalid,khalid.ouazzani40@gmail.com,1981-02-22,Homme,El Jadida,0726121669,2024-01-21,Recommandation
CLI01501,El Hamdouchi,Naima,naima-elhamdouchi@menara.ma,1958-05-27,f,oujda,0690041589,2024-01-15,Email
CLI03714,El Khamlichi,Salma,salmaelkhamlichi98@menara.ma,1979-10-15,f,Marrakech,0794421106,2024-11-26,Direct
CLI04539,El Bakkali,Samira,samira-elbakkali90@menara.ma,1995-01-04,0,Kenitra,0704320804,2023-07-05,Influenceur
CLI02627,Bouazza,Siham,siham_bouazza11@menara.ma,1994-04-13,F,Kenitra,0609222024,2026-01-07,Instagram
CLI02057,Tahiri,Brahim,brahim-tahiri@yahoo.fr,1973-03-31,male,Nador,0719745314,2022-05-07,TikTok
CLI03315,Fennich,Brahim,brahim-fennich95@hotmail.com,1985-10-04,male,Agadir,0701973111,2022-06-06,Facebook
CLI03865,Fennich,Khalid,khalidfennich@menara.ma,1957-02-13,m,OUJDA,0796488720,2024-12-30,Influenceur
CLI02970,El Fassi,Siham,siham.elfassi@outlook.com,2007-07-24,0,AGADIR,0796673495,2025-07-07,Affichage
CLI00078,Moussaoui,Khadija,khadija_moussaoui@yahoo.fr,1958-12-18,Femme,Taza,0773592555,2023-11-13,Influenceur
CLI00982,Zeroual,Samira,samira.zeroual@menara.ma,1968-03-23,F,Safi,0655904610,2025-12-10,Google SEO
CLI01807,Idrissi,Mohammed,mohammed_idrissi@gmail.com,1962-10-20,m,Tanger,0740797296,2025-08-23,Affichage
CLI01968,Lamrani,Nour,nour.lamrani@menara.ma,1987-08-02,F,Marrakech,0609215272,2025-09-03,TikTok
CLI01283,Guerrouj,Driss,drissguerrouj@hotmail.com,1965-03-31,M,RABAT,0732670848,2022-09-30,Affichage
CLI00108,Rhazouani,Samir,samir_rhazouani1@yahoo.fr,1970-10-01,male,Rabat,0778886101,2025-11-04,TikTok
CLI04113,Bakkali,Zakaria,zakaria-bakkali@outlook.com,1991-11-07,male,Tétouan,0678239448,2023-12-17,Google SEO
CLI00300,Benkirane,Sara,sara_benkirane68@gmail.com,2000-08-18,0,Tétouan,0685544518,2025-10-20,TV
CLI03118,Bakkali,Abdellatif,abdellatif.bakkali61@yahoo.fr,1948-05-09,Homme,Fès,0792839291,2024-12-27,Facebook
CLI03869,Chraibi,Loubna,loubna_chraibi6@menara.ma,2002-01-31,f,Béni Mellal,0722899518,2025-03-08,Facebook
CLI03574,Boulahia,Yasmine,yasmine.boulahia@gmail.com,1960-07-21,F,Fès,0685577974,2023-11-09,Affichage
CLI00421,Naciri,Rachid,rachid_naciri@menara.ma,1948-04-03,M,tetouan,0791025625,2024-10-01,Affichage
CLI01797,El Hajjaji,Ghita,ghita-elhajjaji@hotmail.com,2002-12-10,f,Rabat,0681803689,2025-10-01,Email
CLI02709,Guerrouj,Aicha,aicha.guerrouj@yahoo.fr,1978-01-30,F,Béni Mellal,0604631186,2025-07-24,Direct
CLI04155,Zeroual,Nassim,nassim.zeroual21@yahoo.fr,1969-11-27,H,Marrakech,0769704220,2022-08-10,Facebook
CLI02892,Oulhaj,Rania,raniaoulhaj@hotmail.com,1983-02-02,f,Tanger,0682429852,2023-08-29,Direct
CLI01166,Cherkaoui,Issam,issam.cherkaoui97@menara.ma,1965-02-06,m,Safi,0776665052,2025-11-18,Direct
CLI02033,Zeroual,Khalid,khalid_zeroual@yahoo.fr,1979-02-23,M,Kenitra,0697317525,2026-04-03,Facebook
CLI01954,Naciri,Nassim,nassim_naciri22@menara.ma,1954-10-06,male,Béni Mellal,0791040762,2023-07-17,TV
CLI04240,Benomar,Nadia,nadia_benomar@hotmail.com,1981-07-02,female,tetouan,0776505476,2023-04-06,Direct
CLI03527,Kettani,Siham,siham_kettani@yahoo.fr,1956-11-10,Femme,Kenitra,0658459722,2023-12-28,Google SEO
CLI00638,Benkirane,Hajar,hajar_benkirane@hotmail.com,1976-08-05,Femme,Taza,0658102131,2023-10-23,Facebook
CLI04404,Filali,Mehdi,mehdi-filali@yahoo.fr,1972-07-09,male,Taza,0779134509,2022-04-11,Recommandation
CLI00330,Saidi,Samir,samir.saidi@hotmail.com,1987-02-15,m,Tétouan,0690892613,2022-08-12,Direct
CLI00568,Lahlou,Mehdi,mehdi_lahlou@gmail.com,1983-07-22,1,Fès,0678195237,2023-11-05,Instagram
CLI01253,Tahiri,Amina,aminatahiri@outlook.com,1956-10-10,f,Kenitra,0701674492,2025-11-26,Email
CLI00997,El Azzouzi,Adil,adilelazzouzi@gmail.com,1953-06-05,Homme,Casablanca,0695215016,2022-06-18,Recommandation
CLI03398,Naciri,Reda,reda-naciri@hotmail.com,1957-09-14,Homme,Agadir,0786378785,2022-05-12,TikTok
CLI01941,Ouazzani,Dounia,douniaouazzani@gmail.com,1999-07-12,Femme,KENITRA,0725993176,2025-05-31,TV
CLI01786,El Ouafi,Samir,samir_elouafi@yahoo.fr,1973-05-14,H,Taza,0695110848,2024-03-18,Influenceur
CLI01391,Chraibi,Houda,@sansdomaine,1972-08-10,Femme,Casablanca,0708428741,2026-04-18,Influenceur
CLI03705,El Fassi,Hassan,hassan.elfassi@hotmail.com,1970-09-07,M,Kenitra,0789369802,2024-08-02,Facebook
CLI00626,Mernissi,Najat,najatmernissi@hotmail.com,1946-04-20,f,El Jadida,0707139848,2022-08-23,Facebook
CLI03182,El Mansouri,Jamal,jamal_elmansouri@outlook.com,1953-12-19,Homme,Taza,0618799971,2023-05-15,Direct
CLI00591,El Fassi,Hamid,hamid-elfassi@outlook.com,2002-07-07,H,Agadir,0726228225,2024-09-08,Instagram
CLI01548,Alaoui,Soufiane,soufiane.alaoui60@hotmail.com,1977-11-09,m,Safi,0633768705,2024-08-30,Affichage
CLI01507,Ouazzani,Driss,driss_ouazzani@outlook.com,1989-03-16,m,Casablanca,0612399330,2022-09-22,Facebook
CLI01867,Kettani,Mohammed,mohammedkettani@yahoo.fr,1949-03-10,1,BENI MELLAL,0705130696,2024-04-02,Direct
CLI02844,El Ghazi,Imane,imaneelghazi@outlook.com,1999-11-14,f,Tanger,0764861838,2025-07-31,Facebook
CLI04319,Fennich,Hanane,hanane.fennich@yahoo.fr,1985-09-17,f,Nador,0771949556,2024-05-17,Affichage
CLI03501,El Azzouzi,Hamid,hamid.elazzouzi@menara.ma,1962-11-15,1,Rabat,0626017542,2025-07-08,Influenceur
CLI02151,Lahlou,Btissam,btissam-lahlou@outlook.com,1975-05-20,f,Marrakech,0700251906,2022-07-02,Direct
CLI02386,Bouyahia,Bilal,bilal-bouyahia@gmail.com,1991-05-11,M,Meknès,0784277515,2023-04-02,Email
CLI03198,Bouazza,Ali,alibouazza23@gmail.com,1993-02-22,H,Oujda,0666243417,2023-12-19,Affichage
CLI00308,El Hamdouchi,Ayoub,ayoub_elhamdouchi@outlook.com,1958-09-13,1,Casablanca,0777320101,2025-09-22,Direct
CLI04999,Bouazza,Soufiane,soufianebouazza@gmail.com,2003-03-24,1,El Jadida,0736030482,2025-12-28,Instagram
CLI00673,El Andaloussi,Salma,salma.elandaloussi@menara.ma,1995-08-15,f,Taza,0653733777,2024-08-18,Email
CLI03297,Moussaoui,Manal,manalmoussaoui@outlook.com,1988-08-02,F,Meknès,0673457107,2023-11-25,Instagram
CLI01861,El Hajjaji,Rania,rania-elhajjaji@outlook.com,1963-12-24,f,Fès,0742462712,2023-02-16,Email
CLI03220,El Andaloussi,Widad,widad_elandaloussi18@menara.ma,1947-04-15,F,Oujda,0741148629,2026-04-12,Direct
CLI02792,Tahiri,Hajar,hajar-tahiri@yahoo.fr,1952-06-26,female,El Jadida,0733800414,2023-09-27,Email
CLI03190,Benomar,Nadia,nadia-benomar1@outlook.com,2002-02-28,f,Meknès,0739983767,2024-07-25,Email
CLI04606,El Azzouzi,Najat,najat-elazzouzi@outlook.com,1988-04-10,Femme,Rabat,0787711278,2024-11-01,Instagram
CLI00110,Boulahia,Yasmine,yasmine.boulahia32@yahoo.fr,1946-07-22,0,Tanger,0759657569,2024-08-16,Facebook
CLI02889,Benjelloun,Karim,karim.benjelloun@gmail.com,1952-09-26,1,tangier,0659578744,2024-02-07,Instagram
CLI04735,Hajji,Amine,aminehajji@gmail.com,2004-09-14,M,El Jadida,0716256266,2022-09-12,TikTok
CLI02915,Hajji,Soufiane,soufiane-hajji@outlook.com,1998-10-29,H,Rabat,0663141092,2026-03-24,Recommandation
CLI03654,Ziani,Houssam,houssam_ziani@yahoo.fr,1990-08-02,H,Nador,0681628261,2022-09-12,Email
CLI01902,El Ghazi,Ahmed,ahmed-elghazi@menara.ma,1961-09-15,M,El Jadida,0702492357,2024-07-02,Direct
CLI04410,El Ouafi,Ilham,ilham-elouafi@outlook.com,2002-04-21,F,Oujda,0737142276,2026-03-01,TV
CLI01973,Ziani,Badr,badr-ziani@yahoo.fr,2003-04-12,Homme,Marrakech,0739300460,2023-04-22,Email
CLI03044,Ziani,Btissam,btissam.ziani@outlook.com,1981-07-18,0,Béni Mellal,0667858733,2024-07-31,Recommandation
CLI00385,Drissi,Simo,simodrissi12@menara.ma,1973-06-19,Homme,Béni Mellal,0769263296,2022-05-05,Direct
CLI04373,El Amrani,Fouad,fouad-elamrani@hotmail.com,1995-03-27,1,Fès,0783086370,2022-07-03,Instagram
CLI02460,Mernissi,Walid,walid_mernissi66@yahoo.fr,1967-10-06,1,Meknès,0770310122,2024-01-17,Instagram
CLI02433,Benkirane,Mariam,mariam.benkirane@gmail.com,1947-12-24,F,Casablanca,0730699382,2025-09-12,Instagram
CLI01883,El Amrani,Naima,naima-elamrani@hotmail.com,1955-03-03,Femme,Nador,0751095425,2025-08-23,Facebook
CLI01202,El Andaloussi,Najat,najat.elandaloussi10@yahoo.fr,1973-03-13,female,Agadir,0789391295,2024-02-28,Influenceur
CLI02163,El Andaloussi,Mehdi,mehdi.elandaloussi41@hotmail.com,1947-04-13,M,Béni Mellal,0743514928,2025-04-30,Influenceur
CLI03431,Moussaoui,Rabha,rabha.moussaoui@gmail.com,1959-02-15,Femme,Casablanca,0775917489,2026-01-31,Google SEO
CLI01736,Bensouda,Brahim,brahim-bensouda48@hotmail.com,1972-12-22,m,Safi,0702093137,2023-12-24,Affichage
CLI03485,Zeroual,Yasmine,yasmine-zeroual@menara.ma,1982-10-03,Femme,Tétouan,0772020352,2022-12-30,Instagram
CLI01291,Benali,Sara,sara_benali@hotmail.com,1960-04-28,Femme,Taza,0727205364,2024-10-31,TV
CLI01211,Bensouda,Rania,rania.bensouda@gmail.com,1967-08-04,f,Rabat,0645028143,2022-07-16,TikTok
CLI01524,Guerrouj,Riad,riad_guerrouj@outlook.com,1984-01-24,Homme,Casablanca,0653334972,2023-08-25,TV
CLI00721,Hajji,Simo,simo.hajji6@hotmail.com,1981-01-06,M,Rabat,0641903106,2024-02-13,Instagram
CLI04832,Tahiri,Badr,badr.tahiri@menara.ma,1996-11-23,male,Marrakech,0619050783,2026-02-20,Instagram
CLI03988,Bouyahia,Omar,omar-bouyahia@menara.ma,1968-04-23,male,Rabat,0757518423,2024-03-16,Affichage
CLI01346,Benali,Souad,souadbenali32@hotmail.com,1984-04-17,F,Nador,0624740985,2025-10-06,Email
CLI03505,El Andaloussi,Driss,driss.elandaloussi52@hotmail.com,1976-11-21,m,Casablanca,0717638618,2024-08-19,TV
CLI02083,Naciri,Kawtar,kawtar_naciri79@menara.ma,1974-11-23,Femme,Taza,0674489239,2022-07-07,Influenceur
CLI00185,Benjelloun,Nadia,nadia_benjelloun30@menara.ma,1976-10-18,f,Tanger,0718091901,2024-07-23,TikTok
CLI04298,Mernissi,Nassim,nassim-mernissi@yahoo.fr,1981-05-19,1,Meknès,0634114625,2024-06-21,TV
CLI03102,Ouazzani,Najat,najat.ouazzani@outlook.com,1963-09-01,Femme,Taza,0676061712,2023-06-22,TikTok
CLI03472,Saidi,Oumaima,oumaima_saidi76@yahoo.fr,2004-07-13,f,Kenitra,0704760830,2024-07-17,Direct
CLI03585,Cherkaoui,Siham,sihamcherkaoui@hotmail.com,1965-10-24,Femme,Béni Mellal,0679425922,2024-11-04,Google SEO
CLI04689,El Khamlichi,Amine,amine.elkhamlichi68@yahoo.fr,1964-05-25,M,El Jadida,0783511903,2023-03-26,TikTok
CLI04803,Benjelloun,Rabha,rabha.benjelloun@menara.ma,1953-07-11,female,Nador,0735740012,2024-12-19,Facebook
CLI00528,Benkirane,Hajar,hajar.benkirane@menara.ma,1976-06-03,F,Meknès,0704735047,2023-12-13,Influenceur
CLI04864,Bouyahia,Nabil,nabil-bouyahia@hotmail.com,1966-06-03,male,Marrakech,0600891458,2026-01-29,Facebook
CLI02178,Benhaddou,Houssam,houssam.benhaddou@gmail.com,1972-04-07,male,Tétouan,0645670893,2025-04-17,TV
CLI03836,Benkirane,Walid,walid-benkirane@yahoo.fr,1980-03-07,H,Marrakech,0787415203,2022-10-22,Instagram
CLI02608,Hajji,Sanaa,sanaa-hajji54@yahoo.fr,2010-03-24,female,Nador,0755813261,2025-05-11,Email
CLI00039,Benomar,Walid,walid-benomar@outlook.com,1991-04-03,m,Meknès,0658657809,2022-06-13,Instagram
CLI03588,Ksikes,Soufiane,soufiane.ksikes@yahoo.fr,1963-12-01,H,casablanca,0700401733,2024-09-03,Direct
CLI01092,Benomar,Mehdi,mehdi_benomar@menara.ma,1958-12-14,male,Meknès,0658679496,2024-10-23,Email
CLI02024,Kettani,Ahmed,ahmed-kettani@outlook.com,1990-06-09,m,Béni Mellal,0640828246,2023-10-31,Recommandation
CLI02252,El Hamdouchi,Ayoub,ayoub.elhamdouchi47@hotmail.com,1962-03-09,H,Taza,0641300113,2025-12-29,Instagram
CLI02561,Oulhaj,Bilal,bilal.oulhaj@yahoo.fr,2000-03-22,H,Tétouan,0615819277,2022-09-24,Facebook
CLI02752,Filali,Salma,salma.filali29@outlook.com,1966-12-25,f,El Jadida,0645574643,2025-09-14,Email
CLI03909,Tahiri,Bilal,bilaltahiri@gmail.com,1955-10-22,male,beni mellal,0650461617,2024-09-11,Instagram
CLI02508,Mernissi,Mariam,mariammernissi@outlook.com,1967-09-25,0,Rabat,0670180589,2025-08-31,Email
CLI03754,Idrissi,Fouad,fouadidrissi@outlook.com,1994-11-01,H,Tanger,0786908026,2026-03-01,Direct
CLI02337,Benhaddou,Siham,sihambenhaddou@yahoo.fr,1971-03-13,f,Fès,0790465144,2024-01-09,Recommandation
CLI00849,Bakkali,Othmane,othmane-bakkali@outlook.com,1977-12-23,H,Tétouan,0673481310,2025-11-02,Recommandation
CLI04669,Drissi,Naima,naima-drissi@yahoo.fr,1948-03-03,f,Fès,0763131085,2022-12-14,TikTok
CLI00639,Bensouda,Siham,siham.bensouda2@gmail.com,1966-07-05,female,Safi,0719102312,2023-10-01,Instagram
CLI01610,El Khamlichi,Simo,simo-elkhamlichi@hotmail.com,2007-03-20,m,Fès,0656823428,2025-07-24,Recommandation
CLI03417,Belkadi,Dounia,douniabelkadi2@gmail.com,1977-08-30,female,Meknès,0732956898,2026-02-10,Influenceur
CLI03271,Berrada,Meryem,meryem-berrada@menara.ma,2001-07-28,f,Tanger,0719572416,2023-09-07,Affichage
CLI01775,El Fassi,Ilyas,ilyas_elfassi@hotmail.com,2003-05-11,H,Béni Mellal,0615673385,2025-09-30,Instagram
CLI01007,El Khamlichi,Yasmine,yasmineelkhamlichi@outlook.com,2008-11-27,f,Oujda,0678977554,2024-01-10,Facebook
CLI02363,Rhazouani,Hind,hind.rhazouani13@menara.ma,2009-08-10,Femme,Tanger,0670010222,2023-10-15,Instagram
CLI04459,Ouazzani,Mariam,mariam_ouazzani36@menara.ma,1989-06-19,f,Béni Mellal,0662182358,2022-10-26,Influenceur
CLI00943,Idrissi,Zineb,zineb.idrissi@yahoo.fr,1998-12-28,0,Béni Mellal,0735247841,2025-01-15,Direct
CLI00581,Bakkali,Ghita,ghita-bakkali@hotmail.com,1953-12-31,0,Oujda,0706734996,2022-04-12,Google SEO
CLI00632,Fennich,Sanaa,sanaa-fennich@yahoo.fr,1990-06-17,Femme,Meknès,0773275998,2025-06-27,Google SEO
CLI04470,Benali,Samir,samir_benali26@yahoo.fr,2001-02-17,H,BENI MELLAL,0738002412,2025-04-17,Influenceur
CLI04097,Benjelloun,Naima,naimabenjelloun@menara.ma,1984-01-19,Femme,Casablanca,0646767737,2024-12-13,TV
CLI04634,El Moussaoui,Hind,hind-elmoussaoui70@outlook.com,1997-01-02,F,Fès,0649685644,2024-11-24,Instagram
CLI03203,Bouazza,Aziz,aziz.bouazza@gmail.com,1994-04-26,1,Taza,0655427714,2024-03-23,Instagram
CLI01688,El Ouafi,Amine,amineelouafi92@hotmail.com,1973-11-03,1,Meknès,0715463517,2022-07-29,TikTok
CLI03154,Moussaoui,Rabha,rabhamoussaoui13@menara.ma,1953-06-20,f,Meknès,0681257060,2026-03-03,Facebook
CLI02808,Hajji,Mariam,mariam_hajji@hotmail.com,1974-11-24,F,Tanger,0731286866,2022-12-20,Direct
CLI03091,El Fassi,Ghita,ghita.elfassi@yahoo.fr,1950-08-20,female,Nador,0716900853,2022-09-05,Recommandation
CLI00890,Chraibi,Fatima,fatimachraibi@hotmail.com,2002-08-21,f,Meknès,0756154705,2023-02-17,TikTok
CLI04072,Cherkaoui,Nabil,nabilcherkaoui@hotmail.com,1965-08-28,m,Kenitra,0606460288,2026-04-30,Email
CLI00115,Saidi,Ilyas,ilyassaidi@gmail.com,1952-12-08,Homme,Tanger,0712382825,2025-09-08,Affichage
CLI01884,El Andaloussi,Aziz,azizelandaloussi@menara.ma,2002-08-20,m,El Jadida,0672712633,2025-05-14,Recommandation
CLI03864,El Moussaoui,Ilyas,ilyaselmoussaoui@hotmail.com,1963-09-17,1,Béni Mellal,0723414293,2023-04-27,TV
CLI02609,El Hajjaji,Imane,imane.elhajjaji@gmail.com,1994-01-21,F,Safi,0602530467,2022-09-21,Recommandation
CLI00835,Cherkaoui,Riad,riadcherkaoui17@yahoo.fr,1983-08-01,H,Fès,0691218706,2023-05-30,Facebook
CLI01676,El Amrani,Manal,manal.elamrani@hotmail.com,1947-04-13,f,Agadir,0603872121,2022-11-08,TikTok
CLI00968,El Hajjaji,Youssef,youssef-elhajjaji27@hotmail.com,1961-08-02,male,Safi,0772210454,2025-11-28,Influenceur
CLI03627,El Ghazi,Mariam,mariam.elghazi@hotmail.com,1957-10-16,F,béni mellal,0739966629,2025-07-22,Google SEO
CLI00227,El Moussaoui,Naima,naimaelmoussaoui@yahoo.fr,1968-11-07,F,Agadir,0698368457,2022-04-06,Direct
CLI02314,El Hajjaji,Manal,manal_elhajjaji@yahoo.fr,1996-02-20,0,oujda,0733022517,2026-01-07,Influenceur
CLI02736,Bouyahia,Ilham,ilham-bouyahia10@outlook.com,1954-12-07,f,Tétouan,0620465456,2024-09-25,TikTok
CLI02453,Idrissi,Nadia,nadia_idrissi@hotmail.com,2001-10-25,female,El Jadida,0630990704,2023-09-15,Influenceur
CLI02218,El Khamlichi,Houssam,houssamelkhamlichi@menara.ma,1967-07-14,M,Kenitra,0687776540,2023-10-31,Facebook
CLI01720,El Hajjaji,Manal,manal-elhajjaji@yahoo.fr,1983-11-29,female,EL JADIDA,0759153007,2023-05-16,TikTok
CLI03967,El Fassi,Hamid,hamid-elfassi@menara.ma,1984-05-02,male,Casablanca,0792293989,2022-11-13,Google SEO
CLI04361,Filali,Karim,karim-filali98@hotmail.com,1998-06-11,1,Fès,0721769797,2023-08-16,Google SEO
CLI04038,Ouazzani,Hicham,hichamouazzani@hotmail.com,1993-09-20,m,Béni Mellal,0767149838,2024-02-27,Influenceur
CLI00218,El Hajjaji,Dounia,dounia_elhajjaji@menara.ma,1969-05-07,female,Marrakech,0727031207,2025-10-04,Email
CLI04622,El Moussaoui,Salma,salmaelmoussaoui@gmail.com,1998-11-13,F,Meknès,0775257464,2025-09-01,Instagram
CLI00369,Kettani,Naima,naima.kettani92@gmail.com,2001-07-09,female,Safi,0756797232,2025-08-16,Google SEO
CLI00070,Mernissi,Rabha,rabhamernissi83@yahoo.fr,1985-12-17,female,Agadir,0715667652,2022-08-28,Direct
CLI00842,Lamrani,Brahim,brahim-lamrani12@hotmail.com,1993-10-02,m,Nador,0660418095,2023-10-14,Facebook
CLI00295,Idrissi,Samira,samira-idrissi@menara.ma,1975-02-04,0,Safi,0686375998,2022-07-15,Google SEO
CLI01615,Benali,Reda,redabenali84@gmail.com,1980-11-14,H,Casablanca,0793116992,2025-01-13,Instagram
CLI04910,Mernissi,Jamal,jamal_mernissi56@menara.ma,1991-03-16,1,BENI MELLAL,0664259154,2024-06-17,Email
CLI03345,Tazi,Siham,sihamtazi@gmail.com,1989-07-30,female,Fès,0609687254,2024-01-12,Google SEO
CLI02356,El Andaloussi,Btissam,btissamelandaloussi@menara.ma,1949-01-08,Femme,Safi,0643682756,2025-06-04,Affichage
CLI04557,Berrada,Tarik,tarik-berrada@yahoo.fr,1949-04-26,1,Agadir,0643374799,2023-09-05,Recommandation
CLI00708,El Bakkali,Yasmine,yasmine-elbakkali@yahoo.fr,1981-09-25,Femme,Nador,0694640830,2026-02-11,Email
CLI02350,Chakir,Manal,manal-chakir49@gmail.com,1991-01-12,female,Safi,0782522925,2023-10-14,Recommandation
CLI02601,Oulhaj,Nour,nour_oulhaj@yahoo.fr,1984-07-12,0,Meknès,0754934781,2022-03-27,Facebook
CLI00524,El Azzouzi,Bilal,bilal.elazzouzi@yahoo.fr,1982-04-05,male,Safi,0650618538,2023-10-16,Google SEO
CLI01753,Alaoui,Houda,houda.alaoui@hotmail.com,1970-08-21,Femme,Meknès,0652356118,2022-06-09,Affichage
CLI01879,Errami,Houssam,houssam_errami8@yahoo.fr,1945-07-11,1,Tétouan,0615716042,2025-01-12,Influenceur
CLI03014,Mernissi,Najat,najatmernissi@menara.ma,1955-03-22,f,Safi,0628540402,2022-05-05,Influenceur
CLI02715,Benomar,Naima,naima_benomar30@yahoo.fr,1952-01-19,Femme,Rabat,0786898322,2023-10-10,TikTok
CLI00892,Saidi,Btissam,btissam-saidi@gmail.com,1890-01-01,Femme,Tanger,0697121241,2022-08-05,Email
CLI02769,El Khamlichi,Houda,houda_elkhamlichi81@outlook.com,1994-12-26,0,Oujda,0680749223,2023-09-26,TV
CLI00355,El Hamdouchi,Zakaria,zakaria.elhamdouchi@menara.ma,1949-09-06,H,Rabat,0643397189,2023-05-08,TikTok
CLI91058,Lahlou,Omar,omarlahlou82@outlook.com,1952-04-06,Homme,Tétouan,0771267365,2024-02-03,Google SEO
CLI91209,El Hajjaji,Meryem,meryemelhajjaji@outlook.com,1952-07-30,F,Casablanca,0631794623,2024-11-21,Affichage
CLI00063,Benjelloun,Hind,hind-benjelloun@yahoo.fr,1948-02-13,0,fès,0688805929,2024-09-03,Influenceur
CLI02073,El Hamdouchi,Younes,younes-elhamdouchi52@yahoo.fr,1986-08-01,m,Fès,0760873631,2023-09-17,Recommandation
CLI03459,El Azzouzi,Fouad,fouad-elazzouzi@yahoo.fr,1975-07-04,1,Fès,0784512652,2024-05-06,Direct
CLI03941,El Ouafi,Hassan,hassanelouafi@gmail.com,1999-04-15,M,Fès,0612979744,2025-02-15,TikTok
CLI01293,El Khamlichi,Walid,walid-elkhamlichi@gmail.com,1961-02-14,1,Meknès,0784460789,2024-04-02,Google SEO
CLI00697,Berrada,Houda,houda.berrada@outlook.com,1966-07-06,Femme,Tétouan,0758298493,2024-11-19,Email
CLI00798,Benali,Chaimae,chaimae.benali@hotmail.com,1995-02-27,Femme,Agadir,0764230412,2023-04-02,Google SEO
CLI00954,El Khamlichi,Zineb,zineb.elkhamlichi@menara.ma,2004-12-13,female,El Jadida,0736158736,2025-02-21,Influenceur
CLI02417,El Andaloussi,Ayoub,ayoub_elandaloussi@yahoo.fr,1960-12-03,H,Marrakech,0608132225,2023-12-26,Direct
CLI01559,Lahlou,Nassim,nassim-lahlou@outlook.com,1967-12-15,male,TETOUAN,0745925412,2023-07-19,Email
CLI00350,Ksikes,Chaimae,chaimae_ksikes92@outlook.com,1955-10-22,F,Oujda,0671586988,2025-08-08,Influenceur
CLI04926,Tazi,Aicha,aicha-tazi@yahoo.fr,1972-08-24,F,Fès,0716406129,2024-10-11,Recommandation
CLI94217,El Moussaoui,Simo,simo.elmoussaoui@gmail.com,1996-09-02,M,Agadir,0758868022,2025-09-07,Influenceur
CLI04894,Cherkaoui,Loubna,loubna_cherkaoui79@outlook.com,1957-08-19,female,Casablanca,0750823783,2023-03-30,Affichage
CLI02265,Bouazza,Zineb,zineb.bouazza74@outlook.com,1959-04-28,0,Tanger,0648760967,2022-04-30,Email
CLI02067,Benkirane,Malika,malikabenkirane@outlook.com,1950-07-06,0,Fès,0673243703,2024-01-15,TV
CLI04904,El Hajjaji,Najat,najat_elhajjaji@gmail.com,1995-10-11,f,Tanger,0753365989,2024-12-02,Influenceur
CLI03572,El Ghazi,Younes,youneselghazi65@menara.ma,1996-04-28,Homme,dar beida,0628993650,2022-04-27,Google SEO
CLI00414,Errami,Loubna,loubna_errami@menara.ma,1961-05-29,Femme,tng,0747501111,2023-09-25,Direct
CLI01731,Chakir,Houssam,houssamchakir@outlook.com,1963-12-04,1,Kenitra,0725122584,2024-12-01,Influenceur
CLI03905,Ziani,Mehdi,mehdiziani@yahoo.fr,1972-10-28,1,tetouan,0771439516,2025-09-29,Instagram
CLI01288,Guerrouj,Rania,rania.guerrouj@menara.ma,1956-01-19,Femme,Tétouan,0658201630,2026-01-19,Instagram
CLI02028,Idrissi,Reda,redaidrissi38@menara.ma,1971-04-05,male,Meknès,0617729420,2022-04-13,Influenceur
CLI00017,Boulahia,Sanaa,sanaa-boulahia85@gmail.com,1968-03-30,female,Fès,0620037917,2024-08-04,Influenceur
CLI01475,Moussaoui,Brahim,brahimmoussaoui11@outlook.com,1966-08-25,1,Nador,0708941079,2025-12-20,Instagram
CLI03197,Filali,Nour,nour_filali@menara.ma,1978-07-25,Femme,Tétouan,0742404365,2025-08-29,Recommandation
CLI04437,Bakkali,Youssef,youssef_bakkali@yahoo.fr,1990-08-20,M,Béni Mellal,0611458561,2024-12-02,TV
CLI00283,Cherkaoui,Laila,lailacherkaoui@hotmail.com,1982-04-06,F,Rabat,0697265273,2023-11-21,TikTok
CLI04784,El Fassi,Kawtar,kawtar-elfassi48@gmail.com,1990-10-10,0,Kenitra,0796635734,2024-10-18,Influenceur
CLI01323,Drissi,Issam,issamdrissi@menara.ma,2004-06-07,Homme,Rabat,0737792711,2024-01-20,Google SEO
CLI03912,Hajji,Aicha,malformé@,1990-07-28,Femme,tangier,0781869559,2024-03-02,Influenceur
CLI00214,Idrissi,Kawtar,kawtar.idrissi@outlook.com,2000-03-16,female,Marrakech,0634722820,2024-02-23,Google SEO
CLI04146,Saidi,Othmane,othmane_saidi@gmail.com,1965-06-18,H,Fès,0619733086,2022-08-15,Affichage
CLI03680,Errami,Nadia,nadia-errami@yahoo.fr,1960-05-02,female,Agadir,0750756868,2023-08-09,Google SEO
CLI01074,Fennich,Walid,walidfennich@menara.ma,1995-07-20,1,fès,0702757454,2026-02-05,Recommandation
CLI00908,Bouazza,Dounia,dounia.bouazza@outlook.com,1964-05-12,Femme,Tétouan,0753024530,2023-08-26,Instagram
CLI02155,El Ouafi,Mariam,mariamelouafi52@menara.ma,1970-08-28,Femme,Rabat,0754645334,2026-01-11,Direct
CLI00864,El Azzouzi,Riad,riad-elazzouzi@gmail.com,1994-08-16,male,Agadir,0661186385,2022-06-26,TikTok
CLI00496,Rhazouani,Hanane,hanane.rhazouani@menara.ma,1954-04-29,female,tanger,0740258835,2023-09-16,Affichage
CLI04260,Zeroual,Sara,sara.zeroual@menara.ma,1978-05-13,0,Agadir,0635449253,2022-11-22,Google SEO
CLI00117,Drissi,Malika,malika.drissi@yahoo.fr,1947-08-25,F,Meknès,0655792499,2022-11-27,Instagram
CLI00930,Bouyahia,Hicham,hicham.bouyahia@hotmail.com,1961-11-11,male,el jadida,0695912573,2024-03-05,Recommandation
CLI01948,Tahiri,Kawtar,kawtar-tahiri50@yahoo.fr,2000-11-11,F,Tétouan,0630700813,2023-08-22,Email
CLI02078,Hajji,Tarik,tarik_hajji97@menara.ma,2002-07-28,H,Safi,0646953953,2023-10-27,Influenceur
CLI04872,Filali,Mariam,malformé@,1960-05-08,female,Oujda,0799861337,2025-07-29,Google SEO
CLI02311,Alaoui,Ghita,ghita_alaoui@menara.ma,1987-05-23,0,Tétouan,0638585520,2022-11-17,Instagram
CLI03006,Moussaoui,Aicha,aicha-moussaoui@hotmail.com,2010-04-17,Femme,Rabat,0749130610,2022-08-23,Affichage
CLI04535,El Fassi,Imane,imane_elfassi@outlook.com,1951-08-14,female,Béni Mellal,0700342225,2023-03-14,Influenceur
CLI00467,Benomar,Latifa,latifabenomar@yahoo.fr,1975-04-03,F,béni mellal,0617911244,2023-01-31,Facebook
CLI01103,El Amrani,Ali,ali.elamrani@outlook.com,1990-12-12,1,Nador,0794698906,2024-04-21,Facebook
CLI00238,Lahlou,Nabil,nabil-lahlou@hotmail.com,1992-10-02,male,fes,0651881252,2023-03-02,Google SEO
CLI02984,Fennich,Btissam,btissam.fennich54@hotmail.com,1976-12-26,Femme,Kenitra,0748409270,2023-02-09,Facebook
CLI02325,Benjelloun,Badr,badr_benjelloun48@yahoo.fr,1971-03-16,Homme,Meknès,0675770796,2026-01-23,Google SEO
CLI00569,Naciri,Aicha,aichanaciri54@outlook.com,1976-08-12,Femme,El Jadida,0677046056,2023-05-04,Affichage
CLI04885,Ouazzani,Badr,badrouazzani@gmail.com,1962-02-19,H,meknès,0766637243,2022-08-29,Affichage
CLI01327,El Mansouri,Chaimae,chaimae_elmansouri@hotmail.com,1971-03-04,female,Meknès,0725507868,2023-11-04,Affichage
CLI04990,El Khamlichi,Hind,hind_elkhamlichi@gmail.com,2000-01-23,0,Marrakech,0627261832,2022-04-17,Affichage
CLI00485,Filali,Rania,raniafilali@yahoo.fr,2008-11-07,female,Nador,0714802632,2022-08-11,TikTok
CLI02483,Alaoui,Rim,rim_alaoui@menara.ma,1964-10-05,female,Fès,0721970640,2022-09-26,Influenceur
CLI02148,Zeroual,Manal,manal.zeroual@yahoo.fr,1976-08-10,female,Casablanca,0728458487,2022-11-17,Recommandation
CLI04877,El Khamlichi,Samir,samir_elkhamlichi@hotmail.com,1974-04-09,1,Rabat,0730146821,2024-06-05,Facebook
CLI04140,Zeroual,Kawtar,kawtar.zeroual@outlook.com,2009-02-17,female,Rabat,0684958064,2023-06-11,TikTok
CLI00905,Benali,Sanaa,sanaa_benali@hotmail.com,1956-09-03,f,Béni Mellal,0608529469,2024-02-10,Google SEO
CLI00125,Hajji,Bilal,bilal_hajji86@yahoo.fr,1989-04-15,m,MARRAKECH,0610371293,2025-01-07,Affichage
CLI03332,El Azzouzi,Ilham,ilham.elazzouzi@outlook.com,1959-10-15,female,Béni Mellal,0623384446,2024-10-29,Instagram
CLI04604,El Azzouzi,Amine,amine.elazzouzi@outlook.com,1997-04-19,m,Taza,0677282897,2024-05-13,TikTok
CLI01486,Chakir,Sanaa,sanaa-chakir26@outlook.com,1986-01-13,0,Safi,0684561257,2022-10-15,Affichage
CLI00598,Benjelloun,Ali,alibenjelloun88@menara.ma,1982-05-05,H,Béni Mellal,0698808583,2022-12-18,Affichage
CLI00121,Filali,Youssef,youssef_filali@gmail.com,1995-01-09,Homme,Nador,0729233095,2024-05-13,Affichage
CLI01796,Lamrani,Simo,simo.lamrani33@outlook.com,2009-04-21,m,Safi,0786573744,2023-05-16,TV
CLI00215,Drissi,Abdellatif,abdellatif_drissi@menara.ma,1987-07-14,Homme,Meknès,0757831745,2023-03-03,Influenceur
CLI02390,El Mansouri,Najat,najatelmansouri@yahoo.fr,1952-09-12,f,Taza,0751831633,2024-09-07,Facebook
CLI03340,Ksikes,Houssam,houssamksikes80@yahoo.fr,1973-08-18,H,Fès,0739960144,2022-04-23,Direct
CLI03996,Zeroual,Driss,driss-zeroual@hotmail.com,1947-01-21,M,Tétouan,0608485111,2025-05-07,Influenceur
CLI03339,Ziani,Mariam,mariam-ziani@outlook.com,1955-03-06,F,Taza,0772724557,2024-10-14,Influenceur
CLI03211,El Ouafi,Fatima,fatimaelouafi@outlook.com,1956-06-13,F,Tétouan,0706410809,2023-03-22,Instagram
CLI02836,Benhaddou,Mohammed,mohammed-benhaddou@gmail.com,1951-02-22,M,Meknès,0787081796,2022-04-09,Facebook
CLI03330,Bouyahia,Nassim,nassim-bouyahia25@hotmail.com,2005-06-02,m,Safi,0698904269,2026-04-08,Affichage
CLI04389,El Ghazi,Mustapha,mustapha_elghazi@menara.ma,1994-09-17,1,Fès,0629340472,2022-06-19,Instagram
CLI02124,Saidi,Salma,salma_saidi@yahoo.fr,1984-05-15,Femme,BENI MELLAL,0738251172,2022-05-06,Email
CLI04293,Benali,Younes,younes-benali@menara.ma,1976-01-27,1,MARRAKECH,0693209667,2023-06-08,Facebook
CLI03876,Benhaddou,Mariam,mariambenhaddou53@yahoo.fr,1957-10-24,F,SAFI,0714554511,2022-11-05,Direct
CLI04176,Rhazouani,Souad,souad.rhazouani20@outlook.com,1991-09-23,female,Oujda,0677105018,2025-11-02,Email
CLI01456,Bakkali,Riad,riad.bakkali@menara.ma,1957-12-16,m,Casablanca,0682133568,2023-02-14,Email
CLI04769,Bensouda,Jamal,jamal_bensouda61@outlook.com,1998-12-30,Homme,Safi,0630727312,2024-03-01,TikTok
CLI00372,Zeroual,Tarik,tarik-zeroual@hotmail.com,1967-11-06,Homme,Agadir,0615081247,2026-04-18,Email
CLI04512,Benali,Souad,souad.benali@yahoo.fr,1960-05-31,F,Nador,0611569717,2024-02-01,Instagram
CLI00731,Berrada,Meryem,meryem-berrada@yahoo.fr,1971-05-30,f,SAFI,0702508261,2025-06-10,Instagram
CLI02499,Kettani,Aicha,aicha_kettani@hotmail.com,1959-09-01,F,Tanger,0623563167,2024-10-24,Influenceur
CLI04335,Benhaddou,Loubna,loubna-benhaddou@outlook.com,2007-12-19,0,Nador,0680494795,2024-09-17,Email
CLI93767,Tahiri,Sara,sara.tahiri52@yahoo.fr,1980-02-08,female,Tanger,0772205397,2024-01-27,Google SEO
CLI99352,Tahiri,Souad,souad_tahiri@yahoo.fr,1962-07-20,F,Marrakech,0699748698,2023-03-19,Google SEO
CLI00621,Belkadi,Reda,reda-belkadi@menara.ma,2005-01-18,male,Agadir,0637399006,2022-05-03,Email
CLI03907,Bouazza,Brahim,brahim.bouazza48@yahoo.fr,1949-01-26,Homme,Meknès,0646290709,2025-12-20,TikTok
CLI02950,El Ouafi,Omar,omar_elouafi@gmail.com,1949-06-18,Homme,Fès,0761155524,2024-07-14,Google SEO
CLI00975,Benjelloun,Sara,sara-benjelloun22@gmail.com,1984-09-03,Femme,Agadir,0703300008,2026-04-02,Affichage
CLI04616,Drissi,Najat,najat_drissi45@menara.ma,1999-06-03,F,Tanger,0787851453,2023-07-05,Affichage
CLI04887,Tazi,Amina,amina_tazi@menara.ma,1973-05-26,f,Fès,0637420282,2022-04-06,Affichage
CLI01469,Moussaoui,Abdellatif,abdellatifmoussaoui@gmail.com,1985-12-31,male,Meknès,0708113640,2025-11-08,Email
CLI01989,Bouazza,Laila,laila.bouazza@outlook.com,1956-12-18,F,Oujda,0730878037,2023-02-03,Affichage
CLI00910,El Hajjaji,Hind,hindelhajjaji@yahoo.fr,1951-03-30,f,Oujda,0746199240,2022-06-16,Influenceur
CLI03696,Drissi,Omar,omar.drissi@yahoo.fr,2007-06-24,m,BENI MELLAL,0798683017,2023-10-29,Direct
CLI03567,Bouyahia,Khalid,khalid_bouyahia@hotmail.com,1960-05-13,1,Oujda,0747074952,2025-11-03,Facebook
CLI01416,El Bakkali,Hassan,hassan-elbakkali@menara.ma,2015-06-01,male,Rabat,0660082283,2025-11-08,Direct
CLI02179,El Ouafi,Mustapha,mustaphaelouafi@hotmail.com,1986-02-01,m,Taza,0658338789,2024-05-10,TikTok
CLI03801,El Ghazi,Ahmed,ahmed.elghazi4@gmail.com,1998-11-30,M,Taza,0683399704,2023-08-03,TV
CLI04660,El Khamlichi,Hajar,hajar-elkhamlichi20@hotmail.com,1961-11-27,f,Meknès,0650885002,2023-09-03,TV
CLI03677,Chraibi,Zineb,zineb.chraibi29@yahoo.fr,1998-06-14,0,Meknès,0695907009,2026-01-06,Direct
CLI02095,Benali,Rachid,rachid_benali4@yahoo.fr,1989-08-09,M,Fès,0669769413,2024-08-29,Influenceur
CLI03872,Idrissi,Loubna,loubnaidrissi@gmail.com,1991-03-11,F,Béni Mellal,0679650843,2024-10-24,Email
CLI04170,Mernissi,Sara,saramernissi@hotmail.com,1997-01-25,Femme,Fès,0665373397,2025-09-22,Affichage
CLI00929,Ziani,Latifa,latifa_ziani@hotmail.com,1993-09-13,female,El Jadida,0659698384,2023-07-06,TikTok
CLI02487,Tazi,Issam,issamtazi73@outlook.com,1961-04-12,m,Nador,0714756160,2025-10-21,Email
CLI01985,Tazi,Chaimae,chaimae_tazi@outlook.com,1950-11-17,female,Casablanca,0698636782,2025-07-22,Affichage
CLI04880,Filali,Badr,badr-filali@outlook.com,1974-04-17,male,Nador,0674207525,2022-06-30,Influenceur
CLI03919,Bensouda,Hafida,hafida-bensouda40@yahoo.fr,1949-01-10,female,El Jadida,0723985879,2025-12-01,Affichage
CLI04902,Tazi,Badr,badr_tazi@gmail.com,1946-08-19,H,Béni Mellal,0736458954,2023-03-24,TV
CLI00037,Kettani,Siham,siham-kettani54@gmail.com,1966-08-31,Femme,Nador,0727875588,2024-08-28,Influenceur
CLI03887,Tazi,Fouad,fouad.tazi@yahoo.fr,1992-07-11,Homme,Tanger,0739277698,2022-09-27,Recommandation
CLI02053,Bakkali,Fatima,fatima_bakkali@gmail.com,1961-09-11,f,Kenitra,0614650039,2023-12-02,Recommandation
CLI01672,Belkadi,Khalid,khalid_belkadi@gmail.com,1977-08-31,m,Agadir,0645296151,2024-07-16,Recommandation
CLI01579,El Hajjaji,Rachid,rachid-elhajjaji32@hotmail.com,1999-07-01,1,Rabat,0766560233,2025-11-04,Influenceur
CLI00715,Benomar,Btissam,btissam_benomar@gmail.com,2005-06-15,female,Marrakech,0610424624,2023-12-12,TikTok
CLI01373,Drissi,Zineb,zineb.drissi@gmail.com,1981-06-13,Femme,Fès,0607811171,2022-12-29,TV
CLI02210,Benomar,Jamal,incomplet,1995-10-04,Homme,Casablanca,0666589782,2026-01-31,Recommandation
CLI00062,Tahiri,Manal,manal.tahiri@menara.ma,1965-12-10,F,Tétouan,0648652816,2025-08-10,Affichage
CLI04513,Errami,Hamid,hamid-errami84@gmail.com,1960-09-22,Homme,oujda,0661586186,2024-06-29,Instagram
CLI00233,Hajji,Rania,rania.hajji45@yahoo.fr,1953-07-05,female,Fès,0721103924,2025-01-08,Google SEO
CLI04530,Mernissi,Bilal,bilal_mernissi@gmail.com,1988-07-15,H,Béni Mellal,0620487287,2022-06-15,Recommandation
CLI04303,El Fassi,Hamid,hamid-elfassi65@yahoo.fr,1952-11-08,m,Meknès,0731584171,2024-03-12,Recommandation
CLI00443,Chakir,Hind,hind-chakir@hotmail.com,1967-07-14,f,Safi,0794514754,2022-08-04,Instagram
CLI03165,El Azzouzi,Rania,rania_elazzouzi@outlook.com,1963-01-19,f,Béni Mellal,0667161727,2026-01-19,Direct
CLI04460,El Hajjaji,Loubna,loubna-elhajjaji@gmail.com,2002-12-05,female,Meknès,0764570269,2025-04-24,Instagram
CLI02109,El Andaloussi,Abdellatif,abdellatif-elandaloussi45@yahoo.fr,1969-12-30,m,Meknès,0661195973,2025-12-31,Direct
CLI01455,Lahlou,Loubna,loubna.lahlou99@gmail.com,1988-06-28,0,Casablanca,0601494802,2023-07-07,TV
CLI03032,Bensouda,Tarik,tarik.bensouda@yahoo.fr,1890-01-01,male,Tanger,0719838606,2022-07-30,TV
CLI04434,Fennich,Fatima,fatima.fennich14@hotmail.com,2008-01-18,Femme,Casablanca,0688086296,2026-04-02,Influenceur
CLI02620,Bouyahia,Hajar,hajarbouyahia@menara.ma,1994-07-29,0,Marrakech,0794474848,2022-05-01,TikTok
CLI02097,Zeroual,Younes,younes.zeroual@yahoo.fr,1976-09-18,1,Agadir,0745278610,2025-07-23,TV
CLI00178,Berrada,Abdellatif,abdellatif_berrada@menara.ma,1956-06-08,male,Béni Mellal,0681062003,2023-12-18,Recommandation
CLI03814,El Bakkali,Aicha,aicha_elbakkali@outlook.com,1950-03-19,Femme,Safi,0785272440,2025-06-19,Influenceur
CLI03752,Ksikes,Fouad,fouad_ksikes42@yahoo.fr,1974-07-22,m,Agadir,0754941587,2026-02-08,Recommandation
CLI00803,Benomar,Chaimae,chaimae.benomar@yahoo.fr,1951-04-08,f,Fès,0673510458,2025-10-05,Recommandation
CLI03214,Fennich,Aziz,aziz-fennich@menara.ma,1983-11-02,M,Marrakech,0615256416,2025-01-10,TikTok
CLI04372,El Amrani,Khadija,khadija_elamrani@hotmail.com,1991-04-12,F,meknès,0737631586,2023-04-05,TV
CLI02507,Bakkali,Latifa,latifa-bakkali@yahoo.fr,1977-06-13,0,Béni Mellal,0771265656,2026-02-10,Recommandation
CLI02423,Benkirane,Siham,sihambenkirane@hotmail.com,2002-09-20,F,Béni Mellal,0773971819,2023-11-04,Google SEO
CLI01216,Tazi,Issam,issam.tazi@menara.ma,2002-10-03,Homme,Fès,0639951670,2023-11-30,Recommandation
CLI02366,Belkadi,Houssam,houssambelkadi@gmail.com,1992-03-16,1,Nador,0744965502,2025-06-16,Recommandation
CLI00662,Drissi,Manal,manaldrissi85@menara.ma,1962-08-09,0,Meknès,0696575427,2024-05-21,Affichage
CLI03659,El Ouafi,Hassan,hassan-elouafi@gmail.com,1986-06-24,Homme,Béni Mellal,0614572654,2023-10-28,Facebook
CLI00375,El Moussaoui,Houssam,houssam_elmoussaoui@hotmail.com,2003-06-20,M,Tétouan,0731791286,2023-06-26,Affichage
CLI00299,Cherkaoui,Nadia,nadia_cherkaoui@menara.ma,1955-01-08,female,Agadir,0642902572,2025-08-30,TikTok
CLI01767,Bensouda,Ayoub,ayoubbensouda74@menara.ma,2005-07-28,1,Kenitra,0796718321,2023-02-10,Email
CLI04448,Boulahia,Reda,redaboulahia@hotmail.com,2006-10-01,m,Tanger,0668406972,2022-03-25,Facebook
CLI00105,Ouazzani,Ali,ali_ouazzani@menara.ma,1997-08-12,Homme,BENI MELLAL,0740148902,2022-06-14,TikTok
CLI04010,Benjelloun,Rim,rim-benjelloun@outlook.com,1978-06-25,f,Meknès,0791787001,2025-02-01,Direct
CLI01350,Moussaoui,Hicham,hicham-moussaoui@yahoo.fr,2007-09-29,H,Safi,0763520076,2025-11-30,Instagram
CLI01870,Ouazzani,Latifa,latifa_ouazzani52@outlook.com,1949-09-17,Femme,agadir,0654105772,2024-05-03,TikTok
CLI00962,Benhaddou,Nabil,nabilbenhaddou33@outlook.com,1998-01-10,Homme,Agadir,0686028262,2025-09-13,TikTok
CLI00091,Idrissi,Hind,hind.idrissi@outlook.com,1958-06-02,F,El Jadida,0645933272,2024-08-03,Direct
CLI01706,Tazi,Khadija,khadija.tazi@menara.ma,1999-09-04,F,Safi,0640531984,2025-02-28,Instagram
CLI01243,Boulahia,Meryem,meryem-boulahia@yahoo.fr,1986-12-07,f,Casablanca,0606323654,2024-10-25,Google SEO
CLI00364,Fennich,Oumaima,oumaima-fennich@gmail.com,2002-03-04,female,mkch,0730894870,2023-05-26,Influenceur
CLI02152,El Ouafi,Fouad,fouadelouafi@gmail.com,1963-09-18,male,Fes,0774763083,2024-09-20,TikTok
CLI02058,Bakkali,Mustapha,mustapha.bakkali80@gmail.com,2007-10-01,m,Agadir,0742729436,2025-03-27,Instagram
CLI02480,El Ouafi,Simo,simoelouafi@yahoo.fr,2002-01-31,Homme,Agadir,0696839484,2025-10-08,Facebook
CLI01876,Alaoui,Adil,adil.alaoui@yahoo.fr,1956-09-08,1,tng,0717099873,2024-08-22,Instagram
CLI02853,Moussaoui,Riad,riad.moussaoui1@outlook.com,1952-12-31,M,Nador,0746087254,2022-12-16,Direct
CLI03487,Cherkaoui,Malika,malika_cherkaoui96@menara.ma,1996-04-17,F,Béni Mellal,0710301640,2025-04-15,Recommandation
CLI03072,Boulahia,Kawtar,kawtarboulahia@menara.ma,1946-11-21,f,Tanger,0754579427,2026-04-10,TikTok
CLI03217,Ouazzani,Chaimae,chaimae-ouazzani76@outlook.com,1947-05-02,F,Agadir,0631039868,2024-04-02,Affichage
CLI04714,Rhazouani,Sara,sararhazouani@outlook.com,2001-01-18,Femme,El Jadida,0754035687,2023-02-27,Recommandation
CLI04812,El Moussaoui,Houda,houda.elmoussaoui@menara.ma,1986-10-07,F,Béni Mellal,0684777336,2024-05-12,Facebook
CLI01158,Moussaoui,Rania,rania.moussaoui62@menara.ma,1958-07-08,F,Marrakech,0747725084,2024-02-07,Facebook
CLI00971,Hajji,Widad,widad_hajji17@yahoo.fr,1949-10-24,Femme,El Jadida,0624559851,2024-08-25,Influenceur
CLI04061,Bensouda,Mustapha,mustapha_bensouda@hotmail.com,2003-04-12,H,Kénitra,0680098633,2023-11-27,Instagram
CLI00873,Lahlou,Dounia,dounia-lahlou16@outlook.com,1998-12-09,F,Safi,0658542188,2024-01-11,Google SEO
CLI01860,Zeroual,Ghita,ghita.zeroual@menara.ma,1949-12-02,f,Nador,0622900059,2023-04-26,Google SEO
CLI04694,El Khamlichi,Btissam,btissam-elkhamlichi@yahoo.fr,2005-02-06,female,Nador,0647677839,2023-05-07,Google SEO
CLI02506,Benkirane,Houssam,houssam.benkirane@yahoo.fr,1973-03-20,m,Casablanca,0617066863,2025-03-31,Direct
CLI03520,Tahiri,Nassim,nassim.tahiri@hotmail.com,1945-10-17,1,BENI MELLAL,0658309769,2023-06-08,Google SEO
CLI04566,El Bakkali,Rabha,rabha_elbakkali@gmail.com,1970-03-12,female,Tanger,0710867240,2024-08-11,Email
CLI01584,Ksikes,Hafida,hafida_ksikes54@hotmail.com,2015-06-01,Femme,Marrakech,0670098416,2022-05-29,Recommandation
CLI01171,Benhaddou,Mariam,mariam-benhaddou@outlook.com,1981-11-06,Femme,Agadir,0733756569,2024-10-06,Direct
CLI02872,Benjelloun,Abdellatif,abdellatif.benjelloun12@yahoo.fr,1965-05-04,M,Rabat,0612172209,2024-10-25,Recommandation
CLI02177,Tazi,Houda,houda-tazi@hotmail.com,1982-02-02,female,Taza,0722359062,2023-07-12,Direct
CLI02295,Bensouda,Driss,driss.bensouda@outlook.com,1969-05-16,1,OUJDA,0684039726,2025-09-14,Direct
CLI02344,Kettani,Rabha,rabha_kettani@menara.ma,1997-07-08,F,Nador,0624243009,2026-01-18,Instagram
CLI02052,Fennich,Mehdi,mehdifennich@outlook.com,1979-07-30,1,Kenitra,0774339195,2022-08-17,Affichage
CLI02546,Chakir,Mehdi,mehdichakir@outlook.com,1958-08-29,H,El Jadida,0702731603,2023-09-28,TikTok
CLI02654,Moussaoui,Amina,amina_moussaoui@yahoo.fr,1951-09-28,0,marrakech,0774449989,2025-09-14,Google SEO
CLI01020,Zeroual,Amina,amina.zeroual51@menara.ma,1953-04-12,0,El Jadida,0726475286,2025-01-11,Recommandation
CLI04111,Naciri,Hajar,hajar.naciri51@outlook.com,2015-06-01,f,Kenitra,0704409997,2023-12-18,TikTok
CLI03466,Hajji,Fouad,fouad_hajji@gmail.com,2009-12-09,Homme,Marrakech,0758993335,2023-03-19,Direct
CLI04628,Alaoui,Ahmed,ahmedalaoui@hotmail.com,1947-12-08,1,MARRAKECH,0712634267,2022-11-15,Facebook
CLI00945,Chakir,Hicham,hichamchakir@menara.ma,1987-07-31,Homme,Oujda,0604862515,2023-04-15,Facebook
CLI01553,Tazi,Khadija,khadija-tazi@yahoo.fr,1958-11-20,female,Oujda,0654027320,2026-03-02,Instagram
CLI03080,Lamrani,Amina,amina_lamrani@outlook.com,1957-06-21,0,Casablanca,0600932206,2024-12-01,Recommandation
CLI01377,Bakkali,Kawtar,kawtarbakkali11@gmail.com,1979-12-25,Femme,Taza,0770605581,2023-08-19,Direct
CLI03957,Benhaddou,Widad,widad_benhaddou@outlook.com,1983-02-15,F,Oujda,0611723963,2024-11-28,Instagram
CLI00325,Ksikes,Ilham,ilhamksikes92@outlook.com,1984-02-05,Femme,El Jadida,0762639343,2024-09-19,Influenceur
CLI03178,Lamrani,Chaimae,chaimaelamrani@gmail.com,1987-12-12,Femme,Nador,0647877629,2023-02-03,Direct
CLI01225,Ziani,Ghita,ghita_ziani13@hotmail.com,1979-08-13,f,dar beida,0683168163,2025-01-03,Influenceur
CLI04492,El Andaloussi,Meryem,meryemelandaloussi@hotmail.com,2000-05-16,female,meknès,0688009724,2024-03-15,TikTok
CLI03325,Guerrouj,Amine,amine-guerrouj@gmail.com,1958-09-04,male,Fes,0667565298,2024-04-27,Google SEO
CLI01440,Tahiri,Issam,issam-tahiri86@gmail.com,1981-06-02,m,Casablanca,0632036686,2023-10-02,Recommandation
CLI00544,El Hajjaji,Rachid,rachid.elhajjaji70@yahoo.fr,1975-02-05,m,Nador,0729580660,2022-07-25,Instagram
CLI04433,Boulahia,Fatima,fatima.boulahia@yahoo.fr,1984-08-12,Femme,Meknès,0635564167,2026-04-04,Facebook
CLI03647,Bakkali,Reda,malformé@,1989-09-09,Homme,Tanger,0673038200,2023-08-04,Google SEO
CLI02046,El Amrani,Houda,houda-elamrani50@gmail.com,1964-07-05,female,Tanger,0631217817,2025-02-11,Google SEO
CLI01142,El Fassi,Karim,karimelfassi@outlook.com,1958-08-14,m,Tétouan,0634213485,2022-11-07,Recommandation
CLI01566,Benjelloun,Hind,hind.benjelloun@hotmail.com,2004-04-21,F,El Jadida,0696379020,2024-12-31,Email
CLI03479,Ziani,Mohammed,mohammedziani27@outlook.com,1993-04-24,Homme,taza,0757968103,2024-08-25,Facebook
CLI02978,Oulhaj,Ahmed,ahmed_oulhaj62@yahoo.fr,1993-11-19,H,Oujda,0749413309,2025-04-01,Affichage
CLI00775,El Moussaoui,Hamid,hamid_elmoussaoui@outlook.com,1982-02-03,male,Agadir,0724152857,2025-10-02,Facebook
CLI01384,Moussaoui,Najat,najat.moussaoui@outlook.com,1890-01-01,0,Safi,0693252826,2023-02-04,Direct
CLI01976,Belkadi,Sanaa,sanaa.belkadi63@menara.ma,1971-05-04,female,Béni Mellal,0672553205,2024-07-04,Facebook
CLI04310,El Bakkali,Chaimae,chaimaeelbakkali54@gmail.com,2009-06-05,Femme,Tanger,0632631251,2023-01-26,Direct
CLI02555,Zeroual,Hajar,hajarzeroual@gmail.com,1963-11-03,Femme,Rabat,0610758643,2023-03-20,TikTok
CLI00011,El Ghazi,Manal,manal_elghazi@hotmail.com,1976-08-29,F,Casablanca,0740052427,2026-01-17,Affichage
CLI03808,Bouyahia,Driss,drissbouyahia70@gmail.com,1988-12-10,Homme,tangier,0674064708,2022-07-30,Affichage
CLI04090,Alaoui,Walid,walidalaoui42@yahoo.fr,1976-03-15,m,Taza,0664877397,2023-05-27,Affichage
CLI03012,Errami,Hicham,hicham-errami@outlook.com,1991-06-14,male,Oujda,0652056567,2022-11-29,TV
CLI02873,Benali,Widad,widad-benali@yahoo.fr,1999-05-30,F,El Jadida,0734137230,2023-10-12,Direct
CLI04411,Tazi,Amine,aminetazi30@yahoo.fr,1993-09-19,Homme,béni mellal,0662777302,2023-08-14,Email
CLI04934,Errami,Rim,rim.errami90@hotmail.com,1964-10-24,Femme,Tétouan,0637106039,2023-05-21,Recommandation
CLI03368,Idrissi,Hicham,hicham-idrissi@hotmail.com,1988-12-11,Homme,Tanger,0737455766,2024-03-21,Email
CLI03884,El Bakkali,Sara,sara_elbakkali@menara.ma,2004-11-07,Femme,Taza,0658120272,2023-06-08,TikTok
CLI00087,Bakkali,Latifa,latifa_bakkali95@hotmail.com,1980-01-10,0,Fès,0616571208,2022-10-03,Facebook
CLI93397,Bakkali,Youssef,youssef_bakkali@yahoo.fr,1990-08-20,M,Béni Mellal,0611458561,2024-12-02,TV
CLI00728,El Andaloussi,Sanaa,sanaa.elandaloussi76@gmail.com,1958-03-19,F,Taza,0615391149,2023-10-23,Affichage
CLI02935,Filali,Tarik,tarik-filali@outlook.com,1990-08-12,H,Agadir,0704028744,2023-12-30,Direct
CLI01201,El Mansouri,Zakaria,zakariaelmansouri@yahoo.fr,1979-12-03,H,Tétouan,0777265976,2024-06-01,Recommandation
CLI04601,Mernissi,Nabil,nabil.mernissi@gmail.com,1949-09-29,Homme,Tanger,0765562126,2025-02-19,Instagram
CLI00301,Lahlou,Siham,siham_lahlou@yahoo.fr,1957-11-26,f,Kenitra,0638988816,2025-06-19,Direct
CLI04646,Mernissi,Rachid,rachid_mernissi@gmail.com,2007-03-30,H,Béni Mellal,0685286914,2024-08-13,Instagram
CLI03929,Moussaoui,Najat,najat.moussaoui@yahoo.fr,1988-07-15,f,Tétouan,0667161370,2022-07-19,Instagram
CLI04416,Belkadi,Btissam,btissam.belkadi@gmail.com,1945-09-28,f,Marrakech,0677383453,2024-10-14,Influenceur
CLI04420,Oulhaj,Adil,adil.oulhaj43@menara.ma,1976-10-04,Homme,fez,0757951706,2024-05-01,Recommandation
CLI04726,El Khamlichi,Nadia,nadia-elkhamlichi@gmail.com,1956-09-12,F,Taza,0784275846,2023-01-06,Influenceur
CLI01301,El Ghazi,Aicha,aicha-elghazi@outlook.com,1962-10-24,female,Tétouan,0710175900,2022-12-02,Instagram
CLI02167,El Hamdouchi,Amine,amineelhamdouchi@gmail.com,2015-06-01,m,Rabat,0752340870,2022-12-11,TikTok
CLI01726,Lahlou,Sara,sara_lahlou61@outlook.com,1981-09-05,0,Casablanca,0795285994,2023-12-17,Direct
CLI03604,Hajji,Bilal,bilal_hajji21@yahoo.fr,1991-09-14,male,fès,0760764420,2023-10-21,Direct
CLI03636,Rhazouani,Hassan,hassan-rhazouani@yahoo.fr,2002-11-21,Homme,Rabat,0727420784,2022-07-15,Facebook
CLI04157,Lamrani,Samir,samirlamrani@menara.ma,1946-06-06,H,Tétouan,0780159885,2023-11-30,Instagram
CLI00735,Benjelloun,Btissam,btissam.benjelloun@outlook.com,1984-03-02,F,Kenitra,0697168157,2025-10-30,Facebook
CLI04475,El Bakkali,Kawtar,kawtar-elbakkali@yahoo.fr,1970-01-26,Femme,Rabat,0765823814,2025-07-14,Recommandation
CLI02572,Hajji,Btissam,btissamhajji@gmail.com,1985-12-04,female,Oujda,0641741465,2025-10-29,TikTok
CLI01181,Naciri,Khalid,khalid_naciri15@outlook.com,1947-10-04,Homme,Tanger,0671698837,2022-12-03,Instagram
CLI03549,El Andaloussi,Aicha,aicha.elandaloussi48@gmail.com,1958-12-15,Femme,Oujda,0642105435,2023-09-09,Instagram
CLI00402,Benjelloun,Mehdi,mehdi.benjelloun@outlook.com,1983-02-07,Homme,Marrakech,0779121416,2025-04-04,Instagram
CLI03742,Drissi,Nour,nour-drissi12@outlook.com,1978-06-06,female,Casablanca,0682938074,2025-11-02,Email
CLI03568,El Azzouzi,Rim,rimelazzouzi@outlook.com,1994-10-29,0,Casablanca,0758701529,2024-09-17,TikTok
CLI04954,Belkadi,Ilham,ilhambelkadi@yahoo.fr,1966-08-13,Femme,Tétouan,0768492705,2024-05-08,Influenceur
CLI00008,El Fassi,Btissam,btissam-elfassi8@yahoo.fr,2002-11-29,Femme,Rabat,0681219136,2023-05-10,Instagram
CLI00582,El Moussaoui,Naima,naima_elmoussaoui@outlook.com,1995-09-11,0,Nador,0629493817,2024-01-05,Email
CLI00038,Lamrani,Malika,malika-lamrani@menara.ma,1958-04-27,F,Meknès,0670289517,2024-03-12,Instagram
CLI04581,El Khamlichi,Ayoub,ayoub_elkhamlichi@hotmail.com,1952-02-19,male,Casablanca,0652111697,2024-09-16,Email
CLI04912,Lahlou,Issam,issam.lahlou@menara.ma,1973-01-03,male,Béni Mellal,0677286409,2024-03-16,Email
CLI04833,Lahlou,Manal,manal-lahlou@menara.ma,1957-08-13,F,Meknès,0617868088,2025-02-26,Affichage
CLI04330,El Khamlichi,Mohammed,mohammedelkhamlichi95@gmail.com,1977-07-10,M,Taza,0777477313,2025-08-26,Email
CLI01547,Saidi,Aziz,aziz-saidi98@outlook.com,1951-05-07,m,Meknès,0707181292,2024-06-16,Email
CLI01482,Guerrouj,Aicha,aicha_guerrouj@hotmail.com,2003-02-02,F,Tanger,0626452573,2025-01-24,Email
CLI00461,Kettani,Rania,rania.kettani@yahoo.fr,2007-12-04,F,El Jadida,0776655868,2025-08-19,TikTok
CLI01918,Bouyahia,Hicham,hicham_bouyahia33@hotmail.com,1987-04-25,m,Casablanca,0787199425,2024-11-13,Google SEO
CLI03272,Saidi,Hajar,hajar-saidi@outlook.com,2000-06-22,0,Tanger,0734749230,2024-08-06,Affichage
CLI04889,Zeroual,Anass,anasszeroual@hotmail.com,1973-09-12,H,rabat,0785942172,2024-06-07,Influenceur
CLI02975,Rhazouani,Hajar,hajar.rhazouani@menara.ma,1990-07-22,f,Meknès,0645018187,2023-12-07,Affichage
CLI00145,Bakkali,Hicham,hicham_bakkali@hotmail.com,1987-10-31,male,El Jadida,0696902959,2025-05-03,Email
CLI00466,Tazi,Adil,adil_tazi4@hotmail.com,1955-05-15,H,El Jadida,0696027523,2022-11-13,Email
CLI01562,Errami,Siham,siham-errami@outlook.com,1985-04-10,F,El Jadida,0641700545,2025-09-12,TikTok
CLI01742,El Moussaoui,Karim,karim-elmoussaoui99@menara.ma,1999-07-11,1,Nador,0716599194,2024-08-25,TikTok
CLI02829,Boulahia,Simo,simo-boulahia55@menara.ma,2000-02-02,H,Fès,0676391694,2022-10-25,TV
CLI00419,Drissi,Houda,houda.drissi@yahoo.fr,1991-08-10,Femme,RABAT,0659892625,2022-10-13,Influenceur
CLI00291,Cherkaoui,Yasmine,yasmine.cherkaoui3@yahoo.fr,1980-08-20,Femme,Safi,0779887749,2022-08-28,Facebook
CLI03157,Lahlou,Hassan,hassan.lahlou@hotmail.com,1996-12-20,Homme,Marrakech,0746978513,2022-08-13,Influenceur
CLI00543,El Ghazi,Simo,simoelghazi@menara.ma,1948-02-23,m,Béni Mellal,0605092221,2023-04-10,Influenceur
CLI04809,Boulahia,Hajar,hajar.boulahia@yahoo.fr,1995-04-09,Femme,Kenitra,0635672152,2025-08-31,Recommandation
CLI01390,Chakir,Fatima,fatima_chakir@outlook.com,2005-08-20,female,Marrakech,0687321078,2022-10-23,Affichage
CLI03022,Tazi,Jamal,jamal-tazi@gmail.com,1954-11-09,Homme,Fès,0730043359,2024-02-22,Google SEO
CLI01994,Benkirane,Souad,souad-benkirane@hotmail.com,1984-08-11,female,Rabat,0746862966,2025-07-23,Instagram
CLI04968,Naciri,Anass,anassnaciri@gmail.com,1992-04-17,m,Fès,0758754596,2023-06-15,Instagram
CLI01949,Oulhaj,Fouad,fouad.oulhaj99@hotmail.com,1948-12-19,male,Nador,0649418016,2023-02-11,TV
CLI04874,Cherkaoui,Youssef,youssefcherkaoui@yahoo.fr,1987-08-28,m,Oujda,0681341642,2023-07-22,Direct
CLI01256,Hajji,Amine,amine_hajji96@menara.ma,1957-08-06,H,Kenitra,0730101278,2024-07-09,TV
CLI02091,Moussaoui,Laila,laila.moussaoui@hotmail.com,1981-12-08,0,Béni Mellal,0719379022,2025-07-23,TV
CLI02494,Alaoui,Amine,amine.alaoui@yahoo.fr,1996-04-01,male,safi,0605074950,2024-01-12,Recommandation
CLI01383,Benkirane,Hamid,hamid-benkirane@gmail.com,1959-12-23,m,Safi,0602364169,2022-10-20,Email
CLI03602,Lamrani,Nabil,nabil_lamrani58@yahoo.fr,1890-01-01,male,Taza,0652617515,2024-03-06,Recommandation
CLI04611,El Andaloussi,Ayoub,ayoubelandaloussi@hotmail.com,1890-01-01,Homme,El Jadida,0689162152,2023-01-14,TV
CLI03762,Zeroual,Abdellatif,abdellatif-zeroual79@gmail.com,1945-12-07,m,Kenitra,0670261259,2025-07-19,Facebook
CLI01333,Ouazzani,Latifa,latifa.ouazzani@gmail.com,1967-10-01,f,dar beida,0648581970,2024-01-31,Instagram
CLI01386,Guerrouj,Hanane,hanane-guerrouj33@hotmail.com,2006-07-02,f,Oujda,0655590627,2023-07-13,Affichage
CLI00262,Berrada,Btissam,btissam_berrada90@gmail.com,1959-07-03,0,Kenitra,0627238656,2023-11-22,Facebook
CLI04931,Drissi,Imane,imane.drissi@gmail.com,1961-02-10,0,safi,0695483249,2022-09-13,Facebook
CLI01773,El Hamdouchi,Hajar,hajar-elhamdouchi@hotmail.com,2009-01-19,female,Oujda,0692497265,2023-05-12,TikTok
CLI04532,Naciri,Driss,driss_naciri64@yahoo.fr,1984-02-11,H,Casablanca,0686175565,2024-06-18,Instagram
CLI04978,El Azzouzi,Chaimae,chaimae.elazzouzi@hotmail.com,1992-01-18,female,Kénitra,0611026431,2022-10-19,Direct
CLI00655,Oulhaj,Youssef,youssef.oulhaj63@hotmail.com,2009-11-09,M,Taza,0663280944,2023-06-24,Affichage
CLI00409,El Andaloussi,Rachid,rachid-elandaloussi@yahoo.fr,2009-11-28,H,Meknès,0752899316,2024-02-27,Google SEO
CLI04029,Bouazza,Aicha,aichabouazza43@outlook.com,1984-08-06,F,Nador,0779109922,2023-12-09,Google SEO
CLI02278,Rhazouani,Oumaima,oumaimarhazouani@menara.ma,2006-08-03,F,Fes,0600022750,2023-12-29,TV
CLI00821,Tahiri,Samira,samira_tahiri@yahoo.fr,2004-03-12,0,Rabat,0675360511,2022-07-10,Direct
CLI00500,Chraibi,Amina,amina-chraibi@hotmail.com,1986-03-29,0,Fès,0620569815,2025-10-16,Facebook
CLI01176,Mernissi,Amina,amina-mernissi@outlook.com,1992-08-17,f,agadir,0600848426,2025-07-22,Recommandation
CLI04575,El Andaloussi,Salma,salma_elandaloussi@gmail.com,1953-10-27,Femme,Kenitra,0633900746,2023-08-13,Facebook
CLI02403,Cherkaoui,Kawtar,kawtar.cherkaoui91@menara.ma,2003-05-02,f,Tétouan,0658271732,2026-02-18,Google SEO
CLI04445,El Mansouri,Zineb,zineb.elmansouri@menara.ma,1952-06-28,F,Safi,0771436917,2024-06-02,Instagram
CLI01776,Cherkaoui,Mariam,mariamcherkaoui@outlook.com,1963-04-18,0,tetouan,0683193465,2023-05-08,Google SEO
CLI00203,El Amrani,Fatima,fatima_elamrani@outlook.com,1959-10-24,F,Casablanca,0684895543,2022-05-21,TV
CLI00255,Tazi,Bilal,bilal_tazi80@gmail.com,1997-01-24,M,El Jadida,0793214958,2025-07-16,Direct
CLI01425,Benomar,Driss,driss-benomar@gmail.com,1990-11-14,m,Béni Mellal,0692010297,2022-06-26,TikTok
CLI01995,El Andaloussi,Hind,hindelandaloussi@yahoo.fr,2003-07-26,Femme,El Jadida,0792627350,2025-11-20,Influenceur
CLI04554,Lahlou,Anass,anass.lahlou@menara.ma,1972-11-13,H,Taza,0675791882,2025-08-27,Influenceur
CLI02630,Drissi,Chaimae,chaimae.drissi@outlook.com,1967-10-07,F,Marrakech,0621194572,2025-11-06,Google SEO
CLI03519,Fennich,Khadija,khadija.fennich20@hotmail.com,1948-10-17,F,Béni Mellal,0691658064,2025-04-27,Email
CLI00442,El Mansouri,Othmane,othmane-elmansouri50@gmail.com,1991-11-12,M,Meknès,0672131451,2022-06-30,TV
CLI04089,Chraibi,Mariam,mariam.chraibi@menara.ma,1961-02-18,Femme,Marrakech,0651340174,2025-04-28,TV
CLI02850,Oulhaj,Ali,alioulhaj@hotmail.com,1950-02-19,M,Taza,0642387680,2025-02-25,TV
CLI04597,El Mansouri,Siham,siham-elmansouri@outlook.com,1975-05-12,female,Taza,0687731879,2022-11-14,Affichage
CLI03450,El Ouafi,Mustapha,mustapha_elouafi@yahoo.fr,1985-11-27,H,Casablanca,0791310465,2023-10-29,Facebook
CLI02051,Chakir,Ayoub,ayoub_chakir@gmail.com,1967-03-27,M,Meknès,0730924074,2023-01-06,Instagram
CLI00617,Zeroual,Issam,issam.zeroual@menara.ma,1994-12-02,m,Tétouan,0617392957,2025-04-27,Affichage
CLI02047,Errami,Loubna,loubna_errami@menara.ma,1999-03-30,F,NADOR,0604165272,2026-03-13,Influenceur
CLI03717,El Ghazi,Hajar,hajar-elghazi@outlook.com,2006-05-07,female,Casablanca,0739005067,2025-06-11,Recommandation
CLI02116,El Moussaoui,Salma,salma_elmoussaoui@outlook.com,1985-07-02,0,Nador,0707319718,2024-11-24,TV
CLI02241,Lamrani,Chaimae,chaimaelamrani@outlook.com,2006-06-22,f,Taza,0786804394,2023-06-27,Facebook
CLI04109,Drissi,Tarik,tarik-drissi@outlook.com,1963-04-15,M,Agadir,0778168965,2024-11-26,TikTok
CLI03344,Filali,Mustapha,mustaphafilali54@gmail.com,1948-01-21,1,Meknès,0605633640,2023-03-06,TV
CLI04632,Saidi,Reda,reda.saidi89@gmail.com,2009-03-19,M,Taza,0739313895,2023-03-08,TikTok
CLI02701,Lahlou,Samir,samirlahlou@outlook.com,1975-03-06,1,agadir,0709523814,2025-10-29,TV
CLI04936,El Ghazi,Houda,houda.elghazi@yahoo.fr,1950-11-09,0,Fès,0665463960,2025-06-08,TV
CLI03848,Fennich,Meryem,meryem_fennich@gmail.com,1961-03-16,0,Meknès,0690738756,2024-03-05,TikTok
CLI03007,El Ouafi,Nour,nour.elouafi33@menara.ma,2009-10-23,f,Taza,0682224132,2025-09-20,TV
CLI00306,Errami,Ilham,ilham_errami@yahoo.fr,2005-03-26,F,Tétouan,0773864631,2023-10-09,Direct
CLI02693,Moussaoui,Anass,anassmoussaoui96@gmail.com,1956-05-08,m,Béni Mellal,0604687975,2025-10-10,Facebook
CLI00464,Benhaddou,Tarik,tarik_benhaddou@yahoo.fr,1956-06-09,H,Tanger,0625895529,2026-02-24,Influenceur
CLI03105,Idrissi,Mehdi,mehdi.idrissi@outlook.com,1983-08-03,M,Fès,0701126992,2024-09-15,Affichage
CLI01385,El Bakkali,Hicham,hicham-elbakkali@outlook.com,1969-02-21,Homme,Meknès,0744843686,2022-11-19,Affichage
CLI02068,Benkirane,Aicha,aichabenkirane@yahoo.fr,1996-12-25,0,Taza,0768329876,2026-03-19,Affichage
CLI00171,Errami,Meryem,meryem.errami@outlook.com,2001-12-26,Femme,mkch,0658891637,2022-07-13,TikTok
CLI03399,El Amrani,Issam,issamelamrani67@hotmail.com,1995-08-12,m,Fès,0787472673,2025-03-20,Facebook
CLI01600,El Ouafi,Chaimae,chaimae.elouafi@gmail.com,2002-04-30,0,Oujda,0793549210,2023-01-03,Instagram
CLI00032,Lamrani,Hafida,hafidalamrani@gmail.com,1976-06-28,0,TAZA,0624210249,2023-12-13,TV
CLI00504,Zeroual,Riad,riad.zeroual@menara.ma,1993-12-23,male,Fès,0767430003,2023-06-27,Affichage
CLI03966,Naciri,Rachid,rachid_naciri@gmail.com,1996-07-26,1,Safi,0706088247,2024-11-29,TV
CLI03393,Bakkali,Youssef,youssef.bakkali@hotmail.com,1961-02-03,Homme,Marrakech,0762655615,2025-07-13,Direct
CLI01655,Chraibi,Bilal,bilal.chraibi@gmail.com,1955-09-10,m,béni mellal,0785095914,2023-08-13,TikTok
CLI04364,El Hajjaji,Hamid,hamidelhajjaji@hotmail.com,1992-01-02,male,Agadir,0793210985,2025-03-19,TikTok
CLI01761,El Hamdouchi,Driss,driss-elhamdouchi@outlook.com,1995-07-18,H,Tanger,0761853608,2023-10-03,Direct
CLI01209,Benhaddou,Hajar,hajar-benhaddou@hotmail.com,1957-07-11,female,Marrakech,0669580504,2024-12-02,TikTok
CLI01362,Tazi,Omar,omar-tazi29@hotmail.com,1974-04-26,m,Rabat,0715890418,2025-10-04,Facebook
CLI02162,Tazi,Khalid,khalidtazi5@menara.ma,1946-08-30,male,TETOUAN,0659412345,2023-06-01,TV
CLI01747,Belkadi,Salma,salma.belkadi@yahoo.fr,1951-03-26,female,Meknès,0666894093,2022-07-14,Influenceur
CLI93935,Moussaoui,Ilyas,ilyasmoussaoui@hotmail.com,2002-07-18,m,Oujda,0606616903,2026-01-06,Influenceur
CLI02247,Bouazza,Omar,omar.bouazza@hotmail.com,1981-05-22,m,Agadir,0767323836,2024-03-11,Affichage
CLI02427,Bouyahia,Reda,reda-bouyahia@yahoo.fr,2015-06-01,Homme,Rabat,0787359754,2022-11-16,Email
CLI04273,Drissi,Hanane,hanane.drissi@menara.ma,2002-07-13,F,Béni Mellal,0765248826,2024-11-10,TikTok
CLI02537,Filali,Mariam,mariam_filali82@outlook.com,1982-04-04,Femme,Rabat,0638543767,2025-02-28,Email
CLI00839,Ouazzani,Aicha,aichaouazzani10@outlook.com,2008-06-09,Femme,El Jadida,0634078516,2025-11-05,TV
CLI04148,El Khamlichi,Hanane,hanane.elkhamlichi@menara.ma,1959-11-14,0,Agadir,0734592021,2023-06-16,Email
CLI02140,Belkadi,Brahim,brahim_belkadi@hotmail.com,2009-07-08,male,AGADIR,0708030892,2023-08-07,Facebook
CLI01578,Chakir,Hajar,hajar_chakir@gmail.com,1948-11-15,F,casa,0621689745,2026-04-09,Email
CLI00988,Alaoui,Malika,malika_alaoui@gmail.com,1956-11-07,0,Kénitra,0749525492,2024-06-12,Google SEO
CLI04032,Berrada,Mehdi,mehdi.berrada@yahoo.fr,1982-07-22,M,Nador,0770839540,2022-10-21,Influenceur
CLI03195,Lamrani,Sara,sara-lamrani@yahoo.fr,1961-05-31,Femme,El Jadida,0758702307,2022-12-30,Instagram
CLI01183,El Moussaoui,Ahmed,ahmed-elmoussaoui46@yahoo.fr,2001-07-11,1,Kenitra,0735339982,2025-06-28,Recommandation
CLI01405,Zeroual,Chaimae,chaimae_zeroual@yahoo.fr,1977-12-07,0,Meknès,0662654347,2023-10-19,TikTok
CLI01847,El Amrani,Nassim,nassim-elamrani@yahoo.fr,1984-05-25,m,Safi,0696527295,2022-07-28,TV
CLI03463,Benomar,Btissam,btissambenomar15@yahoo.fr,1965-06-28,0,Casablanca,0727573320,2025-05-18,Google SEO
CLI90269,El Ouafi,Laila,laila.elouafi@outlook.com,1961-10-09,F,Nador,0662921350,2022-08-03,Instagram
CLI03575,El Andaloussi,Mohammed,mohammed-elandaloussi@hotmail.com,1998-07-06,H,Meknès,0776829967,2026-04-18,Facebook
CLI04355,Benomar,Btissam,btissambenomar22@hotmail.com,2007-05-26,female,Tétouan,0700734953,2025-02-09,Affichage
CLI02099,El Bakkali,Ilham,incomplet,1962-08-18,female,Tanger,0639939256,2024-04-28,Direct
CLI02358,Chraibi,Laila,laila-chraibi@yahoo.fr,2000-06-12,female,Oujda,0723710029,2025-06-19,TikTok
CLI03985,Ziani,Fatima,fatima.ziani55@menara.ma,1994-09-25,F,fez,0687888588,2024-07-27,Facebook
CLI04551,Filali,Najat,najat-filali@outlook.com,1992-03-02,Femme,Oujda,0606629439,2025-04-14,Direct
CLI02452,Saidi,Laila,laila.saidi@yahoo.fr,1997-12-17,0,Kenitra,0687368072,2024-07-01,TV
CLI01690,Naciri,Salma,salma_naciri73@hotmail.com,1990-02-06,0,MARRAKECH,0757953723,2022-03-24,Direct
CLI04225,Belkadi,Hicham,@sansdomaine,1985-01-13,M,Tanger,0704782773,2025-01-12,Recommandation
CLI00263,El Mansouri,Meryem,meryem.elmansouri63@gmail.com,1955-03-12,F,Taza,0792786876,2023-10-11,TikTok
CLI02144,Cherkaoui,Reda,reda-cherkaoui91@hotmail.com,1950-11-09,H,Marrakech,0651980702,2024-04-11,Direct
CLI04876,Ksikes,Badr,badr.ksikes70@gmail.com,1994-05-08,m,Kenitra,0765185166,2023-11-08,Email
CLI00101,Alaoui,Anass,anass_alaoui@yahoo.fr,2015-06-01,1,Fès,0793785477,2024-06-25,Direct
CLI01155,Bouyahia,Btissam,btissam-bouyahia@outlook.com,1995-06-03,f,El Jadida,0743699055,2022-11-08,Affichage
CLI02008,El Azzouzi,Hamid,hamid-elazzouzi@hotmail.com,1988-01-02,Homme,Rabat,0757207980,2025-03-13,Recommandation
CLI04307,Errami,Samira,samira.errami29@hotmail.com,1975-08-24,female,Meknès,0641521386,2023-06-17,Direct
CLI01465,Tazi,Naima,pasdearobase.com,1994-12-28,0,El Jadida,0741572814,2025-09-16,Email
CLI04139,Ksikes,Samir,samir_ksikes@yahoo.fr,1990-09-05,M,Rabat,0667855576,2023-12-18,Google SEO
CLI04162,Bouyahia,Amine,amine.bouyahia59@outlook.com,1946-08-21,m,MEKNES,0670303687,2024-11-25,Email
CLI01205,El Azzouzi,Ahmed,ahmed_elazzouzi@hotmail.com,1990-01-15,Homme,Safi,0662007302,2025-08-31,Recommandation
CLI00564,Benkirane,Simo,simo.benkirane@yahoo.fr,1948-01-22,Homme,Nador,0616331942,2022-12-05,Facebook
CLI01692,Moussaoui,Mehdi,mehdi-moussaoui@yahoo.fr,1985-07-06,1,Casablanca,0796284076,2026-02-23,TV
CLI04276,Berrada,Driss,driss-berrada79@menara.ma,1982-06-26,1,Safi,0719730141,2023-09-03,Instagram
CLI03564,Benhaddou,Issam,issam-benhaddou@hotmail.com,1945-12-12,Homme,Safi,0775523033,2026-03-02,TikTok
CLI01825,Alaoui,Hajar,hajar.alaoui@yahoo.fr,1966-04-18,f,Béni Mellal,0741645086,2022-07-18,Facebook
CLI01189,Bensouda,Brahim,brahim-bensouda@yahoo.fr,2008-04-28,H,Rabat,0753793221,2024-10-02,TV
CLI04257,El Fassi,Khadija,khadija_elfassi@gmail.com,1984-04-29,F,oujda,0742348983,2026-02-02,Direct
CLI02485,Benali,Adil,adil_benali@hotmail.com,1960-02-06,m,Oujda,0612645436,2025-05-24,Direct
CLI01452,Benomar,Zineb,@sansdomaine,1988-12-17,F,Fès,0734094121,2023-01-24,Affichage
CLI01843,El Ouafi,Ayoub,ayoubelouafi@hotmail.com,1998-09-16,male,Agadir,0768303253,2025-01-15,Influenceur
CLI04782,Naciri,Khalid,khalid.naciri13@hotmail.com,1962-09-11,1,Tétouan,0626847167,2025-07-19,Instagram
CLI04220,Bakkali,Soufiane,soufianebakkali32@menara.ma,1978-06-09,male,Marrakech,0786491705,2023-12-15,Affichage
CLI00959,Berrada,Bilal,bilal-berrada@menara.ma,1983-05-02,Homme,Oujda,0749092288,2023-12-27,Recommandation
CLI00767,El Moussaoui,Mariam,mariam-elmoussaoui@gmail.com,1987-08-07,F,Fès,0707986617,2024-06-07,Direct
CLI01678,Naciri,Mustapha,mustapha-naciri17@yahoo.fr,1961-03-14,m,Tanger,0607559841,2024-10-12,Recommandation
CLI01888,Bensouda,Fatima,fatima_bensouda@gmail.com,1982-02-06,0,Taza,0680166480,2022-08-09,Facebook
CLI03653,Berrada,Nadia,nadia.berrada@hotmail.com,1978-02-13,0,Casablanca,0773990537,2024-04-20,TV
CLI00614,Ksikes,Amine,amine-ksikes64@hotmail.com,1994-11-22,H,Meknès,0767252145,2022-06-28,Facebook
CLI03298,Saidi,Khadija,khadija_saidi39@gmail.com,1950-03-14,Femme,Safi,0720207657,2024-01-08,TV
CLI00348,Bakkali,Samira,samira_bakkali@menara.ma,1990-04-30,female,Fès,0768105485,2024-11-18,Instagram
CLI04853,Ksikes,Nadia,nadia_ksikes@hotmail.com,1947-11-04,female,Nador,0677601326,2025-03-14,Affichage
CLI01714,El Ouafi,Hicham,hichamelouafi@hotmail.com,1945-09-09,H,Tétouan,0635702409,2022-11-10,Email
CLI03218,Tahiri,Reda,reda_tahiri2@gmail.com,1949-11-20,M,Oujda,0709642256,2024-12-07,Email
CLI00250,Filali,Najat,najat.filali@yahoo.fr,1969-05-13,0,Tétouan,0623557702,2022-04-09,Direct
CLI03979,Oulhaj,Younes,younes_oulhaj@yahoo.fr,1947-11-27,m,Meknès,0622471411,2024-10-28,Influenceur
CLI02957,Hajji,Mohammed,mohammed_hajji@yahoo.fr,1946-01-08,Homme,Béni Mellal,0607714650,2025-05-21,Facebook
CLI02929,El Hamdouchi,Sanaa,sanaa_elhamdouchi27@yahoo.fr,1963-12-03,female,casa,0631213124,2023-09-30,Email
CLI03861,Boulahia,Ghita,ghitaboulahia75@gmail.com,2004-05-24,Femme,Tanger,0762573169,2025-06-04,TikTok
CLI00465,Zeroual,Salma,salmazeroual@gmail.com,1956-03-15,F,Meknès,0782631281,2025-05-11,TV
CLI01754,Bensouda,Samir,samir.bensouda@outlook.com,1967-09-01,m,Casablanca,0731112817,2022-08-16,Direct
CLI03328,Benhaddou,Imane,imane-benhaddou@yahoo.fr,1997-06-24,Femme,Béni Mellal,0765198465,2023-07-29,Influenceur
CLI02694,Benhaddou,Zineb,zinebbenhaddou45@yahoo.fr,1967-05-20,female,Rabat,0690544171,2025-07-14,Google SEO
CLI04831,El Fassi,Mustapha,mustapha-elfassi19@menara.ma,2001-10-01,H,Fès,0629419460,2022-08-13,Google SEO
CLI01394,Drissi,Bilal,bilal_drissi@hotmail.com,1954-07-31,M,Casablanca,0763166968,2022-12-07,Direct
CLI01419,El Andaloussi,Aziz,azizelandaloussi@hotmail.com,1950-05-31,M,Marrakech,0670946577,2023-04-29,Direct
CLI00625,El Amrani,Ghita,ghita.elamrani@hotmail.com,1962-10-06,F,Safi,0635090254,2026-02-06,Facebook
CLI01961,El Hamdouchi,Najat,najatelhamdouchi@outlook.com,1957-04-24,0,Meknès,0657504224,2024-06-20,Influenceur
CLI01198,Kettani,Reda,redakettani@menara.ma,1993-03-23,Homme,Safi,0793765016,2025-07-19,Direct
CLI01255,Bouazza,Badr,badrbouazza@menara.ma,1967-10-01,Homme,Tanger,0685762648,2024-06-24,Instagram
CLI02505,Mernissi,Ghita,ghita-mernissi@hotmail.com,1978-01-03,female,Oujda,0721396362,2024-08-06,Google SEO
CLI04354,El Fassi,Houssam,houssam.elfassi57@yahoo.fr,1997-04-28,male,Marrakech,0622480642,2024-07-18,Google SEO
CLI03364,Benkirane,Manal,manal.benkirane@menara.ma,1949-04-07,0,Casablanca,0646049912,2024-10-08,TV
CLI03438,Mernissi,Houssam,houssam-mernissi86@menara.ma,1957-12-22,H,tétouan,0634562155,2026-03-29,TikTok
CLI00953,Lahlou,Abdellatif,abdellatiflahlou@gmail.com,1995-03-09,M,Fès,0697425513,2026-04-10,Influenceur
CLI04423,Saidi,Hajar,hajarsaidi@hotmail.com,1982-09-15,F,Safi,0606045409,2023-06-25,Influenceur
CLI91099,Benjelloun,Ilham,ilham_benjelloun@yahoo.fr,1948-09-10,Femme,Safi,0633373634,2023-01-22,Influenceur
CLI01094,Errami,Sara,saraerrami@yahoo.fr,1964-09-07,0,Marrakech,0600687586,2023-12-01,Affichage
CLI03806,Ksikes,Ilyas,ilyasksikes35@gmail.com,1947-01-29,M,Agadir,0797075149,2022-10-28,Direct
CLI03239,Benomar,Rachid,rachid_benomar@gmail.com,2004-05-20,Homme,Kenitra,0669513191,2025-12-19,Recommandation
CLI00381,El Azzouzi,Mohammed,mohammed_elazzouzi55@yahoo.fr,1958-05-31,Homme,Béni Mellal,0622599996,2023-02-24,Influenceur
CLI04748,Mernissi,Hamid,hamid-mernissi@menara.ma,1985-02-20,H,Casablanca,0643438335,2023-12-19,Google SEO
CLI01543,Lamrani,Ilham,ilham_lamrani@gmail.com,1952-02-03,f,Agadir,0663240510,2025-11-04,Facebook
CLI02775,Benjelloun,Amina,amina-benjelloun@gmail.com,1951-06-23,F,Marrakech,0644772045,2023-01-10,Email
CLI04301,Kettani,Mariam,mariam.kettani@outlook.com,1991-02-11,0,Rabat,0657231488,2024-06-13,TV
CLI03610,Bakkali,Badr,badr_bakkali@outlook.com,1996-06-07,m,Kenitra,0638551510,2024-02-02,TV
CLI04869,Lahlou,Ilyas,ilyaslahlou@gmail.com,1947-01-30,M,Safi,0622039087,2023-08-01,Influenceur
CLI01700,Benjelloun,Houssam,houssam.benjelloun@hotmail.com,1987-01-07,H,Rabat,0612959031,2023-08-14,Direct
CLI03355,El Fassi,Othmane,othmane_elfassi15@menara.ma,1972-01-18,m,tétouan,0665727380,2025-01-27,Instagram
CLI04537,Bouazza,Oumaima,oumaimabouazza1@outlook.com,1972-04-16,Femme,Fès,0766662608,2023-02-23,TV
CLI02541,Fennich,Reda,reda_fennich@outlook.com,1962-08-29,M,Tanger,0658587263,2023-02-14,Facebook
CLI03716,Guerrouj,Samir,samir.guerrouj@gmail.com,1977-06-26,H,Safi,0773580541,2022-06-05,Influenceur
CLI00853,El Azzouzi,Rabha,rabha.elazzouzi11@hotmail.com,1997-09-15,f,Tanger,0654760220,2022-06-25,Influenceur
CLI04951,Boulahia,Sanaa,sanaa_boulahia@outlook.com,1998-10-22,female,Safi,0629932899,2023-09-27,TV
CLI02903,Idrissi,Sara,sara_idrissi@gmail.com,1958-10-21,female,Meknès,0740231342,2022-06-06,Influenceur
CLI03168,Tazi,Khadija,khadija.tazi71@outlook.com,1954-10-27,female,Taza,0695572903,2023-09-05,Recommandation
CLI01281,Hajji,Omar,omar-hajji@hotmail.com,2008-03-22,Homme,Kenitra,0704794719,2025-03-31,TV
CLI00286,Errami,Laila,laila-errami@gmail.com,2008-05-17,Femme,Fès,0607427990,2024-09-03,Direct
CLI04041,Hajji,Zineb,zinebhajji@gmail.com,1948-07-05,Femme,Kenitra,0791321475,2025-08-03,Facebook
CLI03068,Benhaddou,Laila,laila-benhaddou66@gmail.com,1946-10-11,F,Meknès,0681180319,2023-07-11,Influenceur
CLI01098,Errami,Nour,nour-errami@yahoo.fr,1990-07-31,female,agadir,0645073567,2022-11-30,Recommandation
CLI00588,Ksikes,Tarik,tarik_ksikes57@gmail.com,1994-10-30,M,Taza,0677633691,2025-02-28,Instagram
CLI01037,Drissi,Adil,adil-drissi@outlook.com,1958-08-09,Homme,Agadir,0718589900,2025-12-15,Facebook
CLI04211,El Ouafi,Hamid,hamid.elouafi@gmail.com,1947-03-12,H,Meknès,0779526890,2024-11-14,Affichage
CLI02349,El Amrani,Issam,issam_elamrani@yahoo.fr,1961-01-22,male,Tétouan,0682363725,2025-05-10,Instagram
CLI03695,Benomar,Mariam,mariam.benomar15@gmail.com,1971-09-11,f,meknes,0615403359,2024-09-02,Influenceur
CLI04595,El Khamlichi,Brahim,brahim.elkhamlichi@yahoo.fr,1986-05-29,M,taza,0677718130,2024-02-17,Influenceur
CLI03819,Ziani,Salma,salma-ziani@gmail.com,2001-03-05,female,TETOUAN,0669832144,2025-07-21,TikTok
CLI00094,Bouazza,Nabil,nabil.bouazza@outlook.com,2001-08-04,H,nador,0762265676,2023-09-08,Influenceur
CLI01143,Alaoui,Samir,samir_alaoui8@hotmail.com,1948-08-05,m,Casablanca,0686015711,2023-01-06,Direct
CLI01258,Alaoui,Najat,najat_alaoui@yahoo.fr,1982-06-26,Femme,Meknès,0631812335,2022-12-24,Direct
CLI01698,Berrada,Zakaria,zakariaberrada@menara.ma,1975-09-17,m,Nador,0677939801,2022-09-18,Facebook
CLI04467,Chraibi,Ayoub,ayoubchraibi@yahoo.fr,1985-04-30,M,Tétouan,0697555490,2025-12-30,Recommandation
CLI02986,El Ouafi,Ilham,ilham.elouafi@hotmail.com,1977-11-21,f,Tétouan,0626334570,2023-10-13,Affichage
CLI03955,Drissi,Meryem,meryem-drissi@menara.ma,1998-12-25,F,Béni Mellal,0658747441,2025-05-30,Facebook
CLI00641,Filali,Widad,widad-filali@menara.ma,1985-05-19,F,Nador,0732694968,2025-04-13,Recommandation
CLI01369,El Ouafi,Rania,rania_elouafi98@outlook.com,1990-09-19,Femme,Oujda,0703374499,2026-01-10,TV
CLI02826,Benali,Mariam,mariam.benali@outlook.com,1989-05-30,Femme,casablanca,0730748027,2024-09-26,TV
CLI00080,Benali,Rabha,rabha.benali@outlook.com,1980-01-24,Femme,Tétouan,0748016245,2023-07-23,Influenceur
CLI02032,Cherkaoui,Rim,rim_cherkaoui36@yahoo.fr,1977-08-12,0,Tanger,0615576941,2022-10-12,TikTok
CLI02040,Oulhaj,Bilal,bilaloulhaj8@gmail.com,1953-04-12,M,Taza,0799399451,2026-01-31,Google SEO
CLI01265,El Hamdouchi,Nassim,nassimelhamdouchi@menara.ma,2009-12-14,male,Safi,0782905256,2024-02-03,TikTok
CLI00009,Oulhaj,Simo,simo.oulhaj85@menara.ma,1970-01-03,M,Meknès,0647510799,2024-11-04,Instagram
CLI03546,El Ouafi,Hamid,hamid_elouafi@hotmail.com,1985-01-10,m,Casablanca,0686822672,2026-02-16,Email
CLI02446,Kettani,Hassan,hassan_kettani14@outlook.com,1954-05-18,male,Marrakech,0779372239,2025-04-12,Instagram
CLI00729,Boulahia,Amine,amine_boulahia97@menara.ma,2009-08-29,m,Casablanca,0689394065,2024-06-23,TikTok
CLI04428,Errami,Laila,laila.errami@yahoo.fr,1988-09-24,Femme,Nador,0756854206,2024-07-20,Influenceur
CLI03828,Drissi,Fatima,fatima-drissi@outlook.com,1991-08-26,Femme,Fès,0682485802,2024-04-28,TikTok
CLI04031,Chraibi,Abdellatif,abdellatifchraibi97@gmail.com,1953-12-10,M,Béni Mellal,0625368586,2022-11-22,Recommandation
CLI02496,Berrada,Ilyas,ilyasberrada65@hotmail.com,1997-01-29,1,El Jadida,0710376226,2023-08-17,TikTok
CLI00665,Fennich,Soufiane,soufiane_fennich@outlook.com,1997-01-14,M,Taza,0608172143,2022-06-10,Influenceur
CLI03573,Zeroual,Amine,amine.zeroual@menara.ma,1989-11-30,m,Kenitra,0752077486,2026-03-24,Google SEO
CLI02982,Alaoui,Nabil,nabil.alaoui@menara.ma,2002-02-01,M,Safi,0702082896,2022-10-19,Affichage
CLI03660,Cherkaoui,Hajar,hajarcherkaoui@gmail.com,1976-10-21,Femme,Kenitra,0607452548,2026-04-30,Influenceur
CLI03083,Ziani,Yasmine,yasmine-ziani89@hotmail.com,1982-02-26,female,Casablanca,0681230738,2026-02-07,Affichage
CLI02129,El Amrani,Simo,simoelamrani93@outlook.com,1989-06-03,1,Casablanca,0709507151,2026-03-01,TV
CLI02343,Berrada,Ali,ali.berrada@menara.ma,1986-07-29,H,Fès,0720643395,2023-03-11,TikTok
CLI03682,Benhaddou,Malika,malikabenhaddou@outlook.com,1996-12-28,female,tetouan,0689269481,2023-10-10,Email
CLI00344,Errami,Issam,issam.errami@hotmail.com,1968-03-07,H,Béni Mellal,0637548214,2024-01-01,TikTok
CLI00922,Ksikes,Ilyas,ilyasksikes52@outlook.com,1971-03-17,1,Safi,0619262213,2024-09-02,Facebook
CLI04511,Saidi,Houssam,houssam.saidi@gmail.com,2002-01-16,male,Oujda,0620501223,2022-04-28,Facebook
CLI01834,El Ghazi,Aicha,aichaelghazi@hotmail.com,1959-05-20,F,Nador,0720475983,2023-07-01,TikTok
CLI00384,Alaoui,Nabil,nabil_alaoui@outlook.com,1950-03-01,M,El Jadida,0743027169,2023-07-07,Email
CLI00281,Zeroual,Ilham,ilham_zeroual@menara.ma,1950-07-05,f,tanja,0677220054,2025-09-13,Email
CLI02070,Bouazza,Mehdi,mehdi-bouazza@yahoo.fr,1949-03-21,1,Casablanca,0614762073,2024-01-05,Recommandation
CLI02559,Bouyahia,Nour,nour-bouyahia@hotmail.com,1946-04-12,female,Casablanca,0771103402,2023-09-04,Google SEO
CLI03241,Belkadi,Malika,malika-belkadi@hotmail.com,2001-10-11,0,fès,0718562333,2022-10-30,Affichage
CLI00484,Tazi,Imane,imane.tazi@menara.ma,1890-01-01,f,Tétouan,0738822114,2026-03-27,TikTok
CLI03413,Benali,Manal,manalbenali1@outlook.com,1976-08-24,0,Meknès,0673382109,2022-08-19,Facebook
CLI01123,Filali,Tarik,tarik_filali@yahoo.fr,1999-10-30,m,Rabat,0711497887,2025-03-22,TV
CLI02934,Alaoui,Najat,najatalaoui@hotmail.com,1960-01-13,f,Oujda,0611214359,2024-08-09,Email
CLI00690,El Andaloussi,Amine,amine_elandaloussi23@outlook.com,1996-01-03,H,Meknès,0604787688,2025-12-15,Influenceur
CLI04134,Bouazza,Yasmine,yasmine-bouazza@yahoo.fr,1991-03-18,F,Rabat,0717185606,2022-05-18,Direct
CLI03771,Errami,Hanane,hanane.errami@hotmail.com,1971-07-31,Femme,Béni Mellal,0783401077,2026-01-09,Facebook
CLI02739,El Mansouri,Mustapha,mustapha.elmansouri@hotmail.com,1993-06-28,H,kénitra,0645740850,2025-02-27,Direct
CLI00816,Ksikes,Hajar,hajar-ksikes@yahoo.fr,1946-01-26,female,Meknès,0728799160,2024-11-18,TV
CLI01907,Boulahia,Loubna,loubnaboulahia@yahoo.fr,1890-01-01,0,Taza,0742607824,2022-09-08,Instagram
CLI04251,Ouazzani,Aicha,aicha-ouazzani@yahoo.fr,1965-03-13,F,safi,0772083888,2025-01-23,Recommandation
CLI02176,Bouazza,Houda,houdabouazza@hotmail.com,1991-12-13,Femme,Oujda,0773824382,2023-02-15,Instagram
CLI00732,El Fassi,Nabil,nabilelfassi@gmail.com,1988-12-26,m,Kenitra,0772989376,2022-07-15,Facebook
CLI02530,Hajji,Ali,ali.hajji19@menara.ma,1999-12-18,M,Marrakech,0755577343,2023-05-05,Facebook
CLI04037,Mernissi,Souad,souad-mernissi40@hotmail.com,2000-06-26,Femme,taza,0678537335,2025-07-04,Google SEO
CLI95435,Belkadi,Brahim,brahim_belkadi@hotmail.com,2009-07-08,male,Tétouan,0708030892,2023-08-07,Facebook
CLI00948,Bakkali,Latifa,latifa_bakkali3@outlook.com,1980-05-28,female,Kenitra,0784424648,2025-11-08,Affichage
CLI03379,Tahiri,Fatima,fatima-tahiri@hotmail.com,1982-10-21,F,Taza,0790474473,2023-07-30,Google SEO
CLI04048,Benjelloun,Youssef,youssef.benjelloun@outlook.com,1982-10-06,male,Safi,0713738872,2022-11-01,Recommandation
CLI90395,Alaoui,Ilham,ilham-alaoui@menara.ma,1951-12-11,Femme,Oujda,0637024469,2025-07-15,Affichage
CLI01746,El Ouafi,Samira,samira_elouafi@outlook.com,1987-09-05,Femme,El Jadida,0628678515,2023-07-07,Google SEO
CLI03490,Chraibi,Hassan,hassan_chraibi29@hotmail.com,1986-07-09,male,Tétouan,0682235963,2025-01-11,Recommandation
CLI02575,Ouazzani,Reda,redaouazzani@outlook.com,1998-01-23,H,Marrakech,0786491535,2025-06-29,Google SEO
CLI01204,Moussaoui,Ayoub,ayoubmoussaoui@gmail.com,2008-02-24,1,el jadida,0650186074,2022-03-26,Facebook
CLI03016,Bouazza,Issam,issam_bouazza@outlook.com,1966-06-12,H,Safi,0672912698,2023-09-30,Instagram
CLI03161,El Hajjaji,Houssam,houssam.elhajjaji@yahoo.fr,1981-04-03,male,Meknès,0653954328,2026-03-27,Recommandation
CLI03036,Lamrani,Walid,walid-lamrani@yahoo.fr,1976-05-28,H,Tanger,0773019952,2022-11-14,Influenceur
CLI01490,Saidi,Chaimae,chaimae_saidi@gmail.com,2007-03-03,Femme,Oujda,0706734767,2022-09-10,Instagram
CLI00812,Chakir,Adil,adilchakir@outlook.com,1999-02-06,H,Tétouan,0711287942,2024-08-26,TV
CLI00189,El Fassi,Rabha,rabha_elfassi@yahoo.fr,1989-05-09,female,Meknès,0752577754,2022-09-27,Direct
CLI04823,Guerrouj,Nassim,nassim.guerrouj@outlook.com,1961-06-03,M,Agadir,0762952305,2025-04-26,Email
CLI01934,Saidi,Yasmine,yasmine_saidi@menara.ma,1982-12-13,0,Rabat,0760489924,2024-05-13,Influenceur
CLI02260,Chraibi,Sara,sarachraibi@menara.ma,1958-11-01,0,Béni Mellal,0771188161,2023-04-24,Affichage
CLI97167,Rhazouani,Loubna,loubnarhazouani@outlook.com,1974-11-23,f,Meknès,0638220502,2025-01-13,TikTok
CLI03110,Errami,Amina,amina-errami@hotmail.com,1947-04-09,Femme,Tanger,0636689494,2024-04-12,TV
CLI00540,Belkadi,Zineb,zinebbelkadi@outlook.com,1968-12-13,F,Meknès,0775485819,2024-02-16,Email
CLI01168,Alaoui,Kawtar,kawtar_alaoui26@hotmail.com,1948-03-19,Femme,Meknès,0785637114,2025-07-23,Facebook
CLI04949,Mernissi,Driss,driss.mernissi@gmail.com,1957-06-10,Homme,Nador,0751505893,2022-10-12,TikTok
CLI02524,Filali,Oumaima,oumaimafilali@menara.ma,1964-04-01,F,Oujda,0651187786,2023-05-30,Email
CLI02589,Drissi,Hamid,hamid-drissi@yahoo.fr,1978-01-26,1,Tnja,0640807700,2025-05-02,Email
CLI03153,Cherkaoui,Mehdi,mehdicherkaoui48@yahoo.fr,1997-10-14,M,Béni Mellal,0728681591,2025-10-17,TikTok
CLI02348,Berrada,Ghita,ghita-berrada18@hotmail.com,1966-09-18,f,Fès,0768574397,2026-03-23,Email
CLI00563,Rhazouani,Karim,karim_rhazouani74@outlook.com,1999-06-20,male,Agadir,0745770299,2023-05-13,Facebook
CLI04453,Bakkali,Brahim,brahim-bakkali@gmail.com,1950-01-03,m,Marrakech,0668834842,2024-11-17,Influenceur
CLI01230,Benomar,Youssef,youssef-benomar@hotmail.com,1973-06-08,M,Taza,0727633041,2024-02-21,Instagram
CLI02999,Errami,Riad,riad_errami@outlook.com,2010-04-01,H,Meknès,0793992783,2022-08-20,Influenceur
CLI04932,Fennich,Mariam,mariam.fennich10@menara.ma,1986-09-29,Femme,Taza,0762760280,2025-08-31,Recommandation
CLI00074,Errami,Jamal,jamal-errami10@gmail.com,1953-02-21,male,Nador,0751884422,2022-07-05,TikTok
CLI04892,El Mansouri,Ayoub,ayoubelmansouri@outlook.com,1996-12-04,Homme,Agadir,0752112944,2023-06-22,Email
CLI00907,Kettani,Naima,naima-kettani@hotmail.com,1990-06-26,F,Agadir,0791330303,2025-07-30,Email
CLI00109,El Khamlichi,Riad,riadelkhamlichi50@gmail.com,1999-07-27,H,Safi,0722444721,2025-05-19,Facebook
CLI03429,Idrissi,Driss,drissidrissi@gmail.com,1981-02-01,male,Kenitra,0710214654,2024-05-08,Affichage
CLI03827,Lahlou,Issam,issam-lahlou13@outlook.com,1975-12-07,M,Agadir,0616049609,2024-12-04,Instagram
CLI02595,Berrada,Omar,omar.berrada@yahoo.fr,1996-03-13,Homme,Tétouan,0794919265,2023-07-12,TV
CLI04083,Belkadi,Rania,rania_belkadi99@gmail.com,1951-12-26,Femme,Kenitra,0776716344,2023-10-09,Direct
CLI03727,Bouyahia,Brahim,brahimbouyahia91@outlook.com,1954-10-23,m,Marrakech,0783485497,2025-02-27,TikTok
CLI00787,El Fassi,Youssef,youssef.elfassi@menara.ma,1951-11-07,1,Meknès,0682717217,2025-10-04,Email
CLI02087,Guerrouj,Malika,malikaguerrouj@hotmail.com,2001-05-03,Femme,Béni Mellal,0760557384,2026-04-25,Instagram
CLI00290,Drissi,Hassan,hassan.drissi@gmail.com,1987-12-16,M,Casablanca,0672380468,2024-10-13,Facebook
CLI01380,Benali,Omar,omar-benali@outlook.com,2010-04-12,1,Safi,0615616197,2025-09-16,Email
CLI02621,Cherkaoui,Soufiane,soufiane_cherkaoui@yahoo.fr,1999-05-16,H,Rabat,0642607133,2023-09-25,TV
CLI02906,El Fassi,Oumaima,oumaima_elfassi@menara.ma,1965-02-03,F,El Jadida,0732727206,2026-04-20,Influenceur
CLI00164,Kettani,Aicha,aicha_kettani@gmail.com,1986-05-03,female,El Jadida,0742168942,2025-01-23,Instagram
CLI04150,El Moussaoui,Hassan,hassan_elmoussaoui@yahoo.fr,1966-08-09,Homme,Agadir,0743311647,2023-03-20,Affichage
CLI02990,El Azzouzi,Nassim,nassimelazzouzi@hotmail.com,2004-01-15,H,Oujda,0746743340,2026-02-19,TV
CLI03641,Oulhaj,Salma,salma-oulhaj@yahoo.fr,1954-07-13,0,Tanger,0676999045,2023-01-05,Google SEO
CLI03206,El Hamdouchi,Latifa,latifaelhamdouchi@yahoo.fr,1986-10-14,0,Nador,0656284432,2026-02-13,TV
CLI01638,Cherkaoui,Laila,lailacherkaoui5@menara.ma,1964-03-13,F,Safi,0773538425,2025-05-31,Influenceur
CLI01184,Ziani,Salma,salmaziani@outlook.com,2005-04-03,F,Meknès,0793030285,2023-12-12,Email
CLI02354,Ziani,Tarik,tarikziani49@gmail.com,1967-01-17,m,Taza,0615424015,2025-04-17,Google SEO
CLI03678,Bensouda,Omar,omar-bensouda@menara.ma,1982-11-27,Homme,Tanger,0631868398,2023-01-30,TikTok
CLI02646,Moussaoui,Badr,badr_moussaoui@outlook.com,1890-01-01,M,Casablanca,0688169035,2025-05-18,Affichage
CLI01036,Ouazzani,Adil,adil.ouazzani@yahoo.fr,1958-04-01,male,Marrakech,0737066187,2023-05-27,TikTok
CLI01488,Chraibi,Nour,nourchraibi@menara.ma,1954-12-23,female,Nador,0739688593,2022-10-21,Recommandation
CLI03790,Bouazza,Samir,samirbouazza@gmail.com,1956-07-22,H,Meknès,0746487820,2023-12-28,Direct
CLI02887,El Ouafi,Widad,widad.elouafi@hotmail.com,1949-01-09,Femme,Marrakech,0652753177,2024-01-24,TV
CLI01863,El Hamdouchi,Badr,badr_elhamdouchi@outlook.com,1991-05-17,Homme,Fès,0697739836,2023-12-13,Influenceur
CLI02738,Benjelloun,Simo,simo.benjelloun@yahoo.fr,1952-08-05,H,Tanger,0623357937,2022-04-12,Direct
CLI00317,Mernissi,Manal,manal-mernissi4@gmail.com,1978-12-07,F,Safi,0632420448,2023-12-19,Facebook
CLI02206,El Ouafi,Manal,manal-elouafi86@menara.ma,1959-04-11,f,Rabat,0772610540,2022-06-19,Facebook
CLI01858,Hajji,Rim,rim_hajji@menara.ma,1971-08-30,Femme,Nador,0771319844,2022-08-30,Recommandation
CLI00558,Tahiri,Adil,adil_tahiri@gmail.com,1987-12-13,Homme,Safi,0691508632,2024-08-30,Instagram
CLI04124,Benomar,Mustapha,mustapha-benomar@gmail.com,1962-12-19,M,Nador,0725945838,2025-04-17,TikTok
CLI01088,El Khamlichi,Amina,aminaelkhamlichi67@menara.ma,1982-07-17,0,Nador,0791498609,2023-02-10,TV
CLI04845,Tazi,Widad,widadtazi@yahoo.fr,2005-07-18,f,Nador,0787372277,2024-10-20,Google SEO
CLI03562,Moussaoui,Nabil,nabil-moussaoui@yahoo.fr,1974-04-09,1,rabat,0717455637,2022-11-18,Affichage
CLI00887,Bakkali,Btissam,btissam-bakkali@gmail.com,1946-06-15,F,taza,0784673574,2022-05-14,Facebook
CLI02413,Zeroual,Abdellatif,abdellatifzeroual12@outlook.com,1974-11-17,m,TANGER,0786237857,2022-06-18,Direct
CLI02275,El Amrani,Mustapha,mustapha.elamrani@outlook.com,1960-01-19,m,Tétouan,0611785125,2023-08-12,TV
CLI01140,Berrada,Simo,simoberrada@hotmail.com,1975-07-20,m,Fès,0743767348,2025-01-23,Instagram
CLI04268,El Ouafi,Mustapha,mustapha.elouafi@yahoo.fr,1963-06-10,1,nador,0726465072,2024-08-16,Email
CLI04579,Belkadi,Samira,samira-belkadi@yahoo.fr,2006-11-25,f,Agadir,0620619417,2022-05-13,Email
CLI03008,Lahlou,Nadia,nadia-lahlou95@hotmail.com,1990-03-11,f,Taza,0781427350,2025-07-27,Facebook
CLI01930,El Ghazi,Ahmed,ahmed-elghazi@outlook.com,1953-07-05,1,Rabat,0695789035,2023-10-22,TikTok
CLI03968,El Hamdouchi,Nassim,nassim_elhamdouchi64@hotmail.com,1950-09-21,1,Taza,0671819624,2026-01-19,Direct
CLI03013,Bouazza,Reda,reda-bouazza@outlook.com,1970-12-29,Homme,Tétouan,0725332497,2024-05-18,Google SEO
CLI04156,Zeroual,Naima,naima.zeroual@hotmail.com,1948-05-04,female,Tanger,0641879878,2024-10-27,TikTok
CLI04865,El Azzouzi,Ahmed,ahmedelazzouzi@gmail.com,1990-09-25,male,Rabat,0641270229,2023-08-03,TikTok
CLI04505,Alaoui,Siham,siham_alaoui@menara.ma,1960-04-14,female,Casablanca,0703367691,2022-10-29,Facebook
CLI02614,Errami,Laila,laila.errami40@hotmail.com,1963-05-30,f,Oujda,0765923002,2022-10-15,Facebook
CLI04017,El Moussaoui,Chaimae,chaimae.elmoussaoui40@outlook.com,1989-05-12,f,Oujda,0662576229,2023-09-14,Direct
CLI00187,Chakir,Samir,samir.chakir@menara.ma,1999-12-04,m,OUJDA,0782223943,2024-05-27,Instagram
CLI02776,Rhazouani,Issam,issamrhazouani56@menara.ma,1992-09-17,male,Tétouan,0706300798,2024-12-16,Facebook
CLI04759,Bouazza,Jamal,jamal.bouazza@yahoo.fr,1951-03-28,male,El Jadida,0601127470,2025-01-10,TikTok
CLI03782,El Mansouri,Salma,salmaelmansouri@menara.ma,1977-07-18,f,Safi,0602730499,2022-04-22,Direct
CLI00567,Fennich,Ali,alifennich@gmail.com,1979-02-18,H,Tanger,0788327532,2024-04-03,Direct
CLI00556,Drissi,Brahim,brahim.drissi@outlook.com,1958-10-15,male,Casablanca,0785758512,2022-10-11,Influenceur
CLI04446,Idrissi,Samira,samira_idrissi@outlook.com,1972-10-20,F,Tétouan,0746699346,2022-07-19,Recommandation
CLI00398,El Fassi,Kawtar,kawtar-elfassi65@gmail.com,1962-09-09,F,Meknès,0749160169,2024-03-28,Facebook
CLI04838,Belkadi,Younes,younes.belkadi@gmail.com,1970-07-03,male,El Jadida,0710912676,2025-10-25,Instagram
CLI02927,Chakir,Nabil,nabil.chakir83@menara.ma,1950-05-21,Homme,Rabat,0738361449,2024-12-08,Instagram
CLI04520,Fennich,Soufiane,soufiane-fennich89@menara.ma,1986-12-13,M,Tétouan,0741352622,2023-03-07,Affichage
CLI02766,Filali,Rabha,rabha-filali@hotmail.com,1973-05-01,female,Tétouan,0645802331,2024-07-08,Google SEO
CLI92290,Ksikes,Naima,naima.ksikes21@outlook.com,1975-08-08,Femme,Rabat,0728727651,2022-06-24,Instagram
CLI01430,Lamrani,Hanane,hanane.lamrani@menara.ma,2000-08-08,f,Tétouan,0793213596,2023-06-19,Instagram
CLI00880,El Moussaoui,Ahmed,ahmed.elmoussaoui@outlook.com,1965-02-21,m,Kenitra,0718452354,2022-03-29,Facebook
CLI04850,Belkadi,Ghita,ghitabelkadi@hotmail.com,1965-04-04,F,Béni Mellal,0781326733,2025-12-12,Recommandation
CLI04375,El Azzouzi,Latifa,latifaelazzouzi77@menara.ma,2008-05-25,f,Agadir,0647957651,2022-11-10,Email
CLI01529,Boulahia,Zakaria,zakaria_boulahia34@outlook.com,1982-07-11,M,El Jadida,0796920666,2024-08-26,Google SEO
CLI01814,Ksikes,Meryem,meryem.ksikes@outlook.com,1954-10-25,F,Fès,0642169435,2024-07-06,Email
CLI04959,Drissi,Yasmine,yasminedrissi30@gmail.com,1981-06-09,Femme,Oujda,0639663326,2023-03-10,Influenceur
CLI01290,Moussaoui,Omar,omar.moussaoui27@yahoo.fr,1984-12-10,m,Nador,0673586671,2024-06-17,TikTok
CLI04851,El Moussaoui,Hanane,hanane-elmoussaoui@outlook.com,1991-10-21,Femme,Oujda,0713203133,2025-06-10,Instagram
CLI00684,El Fassi,Amina,aminaelfassi@menara.ma,2007-08-03,Femme,Meknès,0750789679,2023-07-30,Email
CLI01956,Lamrani,Bilal,bilal-lamrani24@outlook.com,1955-11-15,M,Meknès,0655019353,2022-11-08,Instagram
CLI01028,Oulhaj,Aziz,aziz_oulhaj9@outlook.com,1948-12-27,m,Casablanca,0619335389,2022-11-20,Facebook
CLI04981,Mernissi,Othmane,othmanemernissi80@yahoo.fr,2008-03-03,1,Fès,0638877693,2025-05-20,TV
CLI03878,El Khamlichi,Nassim,nassim_elkhamlichi53@yahoo.fr,1971-12-24,1,Tétouan,0688768838,2023-08-14,Recommandation
CLI03064,El Amrani,Anass,anasselamrani@yahoo.fr,1946-04-07,H,Agadir,0723937840,2023-05-15,Affichage
CLI03174,Ouazzani,Hamid,hamidouazzani@yahoo.fr,1986-09-12,Homme,Tétouan,0625529165,2023-05-26,Email
CLI02928,Hajji,Siham,sihamhajji70@yahoo.fr,1995-04-08,f,Kenitra,0726117370,2024-01-16,Facebook
CLI03895,Benjelloun,Samir,samir.benjelloun@yahoo.fr,1959-12-27,H,Tanger,0697097049,2022-08-27,Facebook
CLI95441,Alaoui,Manal,manal.alaoui@menara.ma,1969-05-14,0,Kenitra,0606820481,2022-08-10,Google SEO
CLI00790,Ksikes,Imane,imaneksikes@menara.ma,1996-02-07,female,Oujda,0629271205,2023-01-25,Email
CLI03018,Tahiri,Soufiane,soufiane.tahiri7@hotmail.com,1966-08-15,1,Nador,0719743950,2022-11-17,Recommandation
CLI04695,Benhaddou,Sanaa,sanaa_benhaddou80@gmail.com,2003-03-20,female,Rabat,0655906188,2026-01-15,Direct
CLI02132,Alaoui,Bilal,bilalalaoui@hotmail.com,2002-05-19,H,Safi,0647244167,2022-11-18,Influenceur
CLI01001,El Hamdouchi,Abdellatif,abdellatif.elhamdouchi@hotmail.com,2000-09-21,male,Fès,0797815542,2025-07-31,Influenceur
CLI01885,Alaoui,Widad,widadalaoui@menara.ma,1979-02-26,female,Safi,0727767469,2024-12-18,TikTok
CLI01196,Zeroual,Riad,riad.zeroual@menara.ma,2003-12-25,M,Safi,0666280812,2023-12-14,Facebook
CLI00190,El Bakkali,Hicham,hicham.elbakkali@yahoo.fr,1992-08-08,male,El Jadida,0608099693,2025-11-26,Google SEO
CLI04756,Ksikes,Abdellatif,abdellatif-ksikes23@menara.ma,1954-01-28,male,kenitra,0718049637,2023-03-09,Direct
CLI03854,Idrissi,Zakaria,zakaria_idrissi68@yahoo.fr,2009-04-13,Homme,fez,0694493099,2024-06-27,Affichage
CLI04152,Zeroual,Oumaima,oumaimazeroual17@gmail.com,2001-11-21,female,Kenitra,0601160641,2024-03-19,Influenceur
CLI01254,Zeroual,Sanaa,sanaazeroual@menara.ma,2007-12-16,0,Kénitra,0769375402,2024-06-14,Recommandation
CLI00429,El Hamdouchi,Meryem,meryemelhamdouchi@menara.ma,1961-03-12,0,Rabat,0780305690,2025-08-16,Influenceur
CLI03372,El Khamlichi,Latifa,latifa_elkhamlichi82@yahoo.fr,1951-03-14,0,Béni Mellal,0698792014,2024-05-23,Affichage
CLI03208,Berrada,Oumaima,oumaima-berrada@gmail.com,1961-04-30,F,Agadir,0715556239,2022-06-30,Recommandation
CLI02216,El Ouafi,Imane,imane.elouafi@yahoo.fr,1998-09-29,Femme,Meknès,0648243648,2023-11-19,TikTok
CLI00199,El Ghazi,Najat,najat.elghazi@menara.ma,2009-10-26,f,Agadir,0626944869,2024-01-15,TikTok
CLI04691,Bakkali,Mehdi,mehdi.bakkali@hotmail.com,1976-01-11,Homme,Tétouan,0697684849,2024-08-01,Google SEO
CLI92393,Alaoui,Ayoub,ayoub-alaoui@outlook.com,1990-07-29,1,Taza,0768079810,2023-06-03,TikTok
CLI04486,Bouyahia,Younes,younes.bouyahia@gmail.com,1965-02-05,H,Nador,0736435070,2022-10-31,Instagram
CLI01030,Alaoui,Soufiane,soufiane_alaoui42@gmail.com,1980-09-18,1,Nador,0723133610,2023-11-03,TV
CLI01603,El Ghazi,Tarik,tarik_elghazi@outlook.com,1989-02-27,1,Nador,0673434660,2023-08-02,TV
CLI03038,Bensouda,Samira,samira-bensouda@hotmail.com,1964-10-27,Femme,Agadir,0700150343,2022-10-10,Instagram
CLI00823,Lahlou,Simo,simo_lahlou@menara.ma,1978-02-12,1,Safi,0789667605,2024-03-24,Influenceur
CLI03781,Boulahia,Nassim,nassim-boulahia@yahoo.fr,1955-07-14,m,Tanger,0631937980,2025-09-12,Recommandation
CLI01213,El Fassi,Dounia,douniaelfassi@outlook.com,1966-03-22,0,Kenitra,0685545146,2025-01-29,Google SEO
CLI01972,Rhazouani,Hind,hindrhazouani@hotmail.com,2002-06-26,F,Taza,0669409787,2024-04-25,Email
CLI02335,El Ouafi,Laila,laila.elouafi@outlook.com,1961-10-09,F,Nador,0662921350,2022-08-03,Instagram
CLI01309,Rhazouani,Ali,ali-rhazouani10@hotmail.com,1976-06-10,1,TAZA,0612728360,2024-11-01,Email
CLI03460,Bensouda,Othmane,othmane.bensouda@yahoo.fr,1969-12-29,Homme,Taza,0611268186,2025-02-20,Affichage
CLI00629,Benhaddou,Tarik,tarik-benhaddou@outlook.com,1989-11-04,M,Tanger,0768362536,2025-07-11,Influenceur
CLI02576,Saidi,Adil,adil.saidi49@menara.ma,1983-07-11,M,Meknès,0713271004,2022-03-25,TV
CLI00016,Lahlou,Hafida,hafida-lahlou@outlook.com,1961-06-06,female,Meknès,0644369957,2024-08-23,Direct
CLI02395,Benkirane,Hind,hind.benkirane@gmail.com,1954-05-21,Femme,Rabat,0724915289,2025-08-18,Email
CLI01194,El Khamlichi,Ghita,ghita.elkhamlichi99@menara.ma,1966-12-25,f,Meknès,0603356369,2025-09-09,Email
CLI00478,El Amrani,Anass,anass_elamrani@yahoo.fr,1964-08-05,M,El Jadida,0617030376,2025-03-06,Email
CLI04269,Ziani,Loubna,loubna.ziani72@outlook.com,1971-12-27,0,Béni Mellal,0731480810,2023-08-04,Facebook
CLI00518,Chraibi,Issam,issam-chraibi53@menara.ma,1992-07-04,Homme,Casablanca,0768297327,2025-09-02,Google SEO
CLI01521,Bouyahia,Dounia,dounia-bouyahia6@menara.ma,1979-01-06,female,Rabat,0720476766,2023-05-18,Influenceur
CLI00685,Lamrani,Nadia,nadialamrani@hotmail.com,1984-01-22,female,Marrakech,0669709317,2022-04-28,Google SEO
CLI02933,Ksikes,Najat,najatksikes44@menara.ma,2009-09-03,0,Tanger,0729485636,2022-12-27,Influenceur
CLI01116,El Ouafi,Samira,samira.elouafi1@outlook.com,1967-05-11,Femme,Safi,0669814134,2023-06-15,Recommandation
CLI03303,Benali,Nadia,nadia.benali@gmail.com,2006-10-22,F,Kenitra,0723747611,2023-12-28,TikTok
CLI03358,Lahlou,Amina,aminalahlou85@yahoo.fr,1953-10-31,F,Oujda,0700184766,2024-03-06,TV
CLI02212,El Bakkali,Brahim,brahim.elbakkali33@menara.ma,1972-07-09,Homme,Meknès,0732831530,2022-05-06,Direct
CLI04194,Errami,Oumaima,oumaima.errami@menara.ma,1986-04-04,F,Marrakech,0644846611,2026-01-06,Direct
CLI03216,Bouyahia,Chaimae,chaimae-bouyahia@yahoo.fr,2001-03-23,F,Fès,0773174211,2022-05-22,TikTok
CLI02604,Filali,Khadija,khadija-filali@yahoo.fr,1957-12-09,f,kenitra,0784795196,2024-08-29,Instagram
CLI03668,El Bakkali,Widad,widad.elbakkali32@outlook.com,1987-04-16,F,Nador,0740934368,2024-07-08,Affichage
CLI01937,Boulahia,Dounia,dounia.boulahia@hotmail.com,1962-03-28,Femme,Meknès,0745892441,2024-10-09,Affichage
CLI03735,Hajji,Aicha,aicha-hajji@gmail.com,1972-12-02,0,SAFI,0647547691,2025-05-17,Direct
CLI92122,Benali,Hamid,hamid_benali@yahoo.fr,1947-12-20,Homme,Béni Mellal,0759587695,2023-05-09,TikTok
CLI04334,Benhaddou,Zakaria,zakaria.benhaddou@menara.ma,2001-04-03,m,Tanger,0681259542,2023-03-15,TikTok
CLI01356,Fennich,Kawtar,kawtar.fennich@outlook.com,1956-10-01,0,Taza,0616456059,2023-07-30,TikTok
CLI03116,Errami,Zakaria,zakaria-errami98@menara.ma,1960-01-14,1,Rabat,0685082261,2023-11-14,Influenceur
CLI01497,El Azzouzi,Oumaima,oumaima_elazzouzi@outlook.com,1998-07-30,f,El Jadida,0771988837,2024-08-19,Recommandation
CLI02086,El Mansouri,Houssam,houssamelmansouri27@menara.ma,2000-01-09,Homme,Oujda,0794250165,2022-07-17,Direct
CLI00216,El Mansouri,Rabha,rabha-elmansouri69@yahoo.fr,2008-05-19,f,Béni Mellal,0749308536,2026-04-13,Affichage
CLI01331,Benomar,Mohammed,mohammedbenomar35@yahoo.fr,2001-10-17,m,Nador,0604662750,2022-08-22,Instagram
CLI00831,El Ghazi,Anass,anass.elghazi9@menara.ma,1961-01-12,1,taza,0669358824,2022-10-08,TV
CLI01752,Kettani,Siham,siham.kettani54@outlook.com,1950-02-05,F,Meknès,0729841040,2024-03-27,Google SEO
CLI03137,Kettani,Khadija,khadijakettani85@hotmail.com,1969-09-12,Femme,Fès,0670138988,2024-01-27,Instagram
CLI03862,El Khamlichi,Siham,siham.elkhamlichi@outlook.com,2001-11-06,female,Casablanca,0603667580,2022-11-08,Affichage
CLI97813,Benjelloun,Othmane,othmanebenjelloun@menara.ma,1987-07-16,male,Béni Mellal,0647457374,2023-04-23,Recommandation
CLI00342,Benkirane,Nour,nourbenkirane72@yahoo.fr,2004-04-28,f,Rabat,0615619318,2025-06-11,Email
CLI00066,Idrissi,Ahmed,ahmedidrissi@menara.ma,1961-04-07,Homme,TAZA,0722047277,2025-10-11,TV
CLI02878,Bensouda,Laila,laila_bensouda@yahoo.fr,1986-09-20,female,EL JADIDA,0642950336,2022-07-16,TV
CLI92078,Bouyahia,Fatima,fatima.bouyahia@outlook.com,1971-08-10,female,Kenitra,0606661281,2025-04-01,Influenceur
CLI01832,Mernissi,Badr,badr.mernissi@gmail.com,1952-09-22,M,Safi,0634225393,2024-05-23,TV
CLI04217,Belkadi,Hind,hindbelkadi3@outlook.com,2004-05-13,female,Tanger,0664423701,2022-11-21,Recommandation
CLI01542,Bakkali,Rania,rania.bakkali@outlook.com,1963-01-21,0,Taza,0793291369,2024-03-31,Influenceur
CLI02672,Zeroual,Hajar,hajarzeroual66@yahoo.fr,1967-04-01,0,Kenitra,0759340107,2024-01-27,TikTok
CLI02613,El Mansouri,Najat,najat.elmansouri@outlook.com,2000-07-09,0,casablanca,0776696253,2022-05-10,Influenceur
CLI01322,Oulhaj,Ahmed,ahmed.oulhaj@menara.ma,1961-08-21,M,Meknès,0661382687,2023-11-25,Google SEO
CLI01364,El Amrani,Mehdi,mehdi_elamrani@hotmail.com,1968-08-07,Homme,KENITRA,0602248248,2024-08-19,Affichage
CLI01046,Moussaoui,Mohammed,mohammedmoussaoui@yahoo.fr,1995-11-16,Homme,Casablanca,0749281503,2026-01-15,Direct
CLI03246,Drissi,Omar,omardrissi@gmail.com,1947-08-16,M,MARRAKECH,0632345422,2023-06-16,Email
CLI01114,Belkadi,Tarik,tarikbelkadi@menara.ma,1983-05-15,m,Kenitra,0742332416,2024-06-22,TikTok
CLI03422,El Andaloussi,Bilal,bilalelandaloussi@yahoo.fr,1970-06-18,1,kénitra,0686952938,2025-11-28,Facebook
CLI00630,El Hajjaji,Walid,walidelhajjaji@outlook.com,1966-12-02,male,Fès,0639395786,2025-03-06,TikTok
CLI02243,Benkirane,Btissam,btissam_benkirane@menara.ma,2002-09-17,female,Béni Mellal,0640951405,2025-11-23,Google SEO
CLI00167,El Ouafi,Laila,laila-elouafi@outlook.com,1996-08-21,female,Oujda,0693483564,2025-09-26,Facebook
CLI02960,Bouazza,Ilham,ilhambouazza@yahoo.fr,1971-10-06,F,Tanger,0764143772,2026-05-01,Facebook
CLI00797,Naciri,Soufiane,soufiane-naciri@yahoo.fr,1969-03-09,male,Nador,0655610399,2026-03-27,TikTok
CLI03924,Errami,Omar,omarerrami@menara.ma,1960-10-29,m,Agadir,0730759257,2025-08-19,TV
CLI03745,El Azzouzi,Driss,driss-elazzouzi@outlook.com,1988-11-24,H,Rabat,0755267469,2022-10-03,Email
CLI03495,Cherkaoui,Badr,badr_cherkaoui51@menara.ma,1957-12-16,m,Oujda,0679230028,2024-06-22,Affichage
CLI00412,Bouazza,Soufiane,soufiane_bouazza@yahoo.fr,1985-05-19,Homme,Béni Mellal,0647292774,2024-07-08,Facebook
CLI01311,Errami,Hicham,hicham-errami68@gmail.com,1959-08-05,m,Nador,0603264564,2024-02-23,TV
CLI01869,Ziani,Souad,souadziani55@hotmail.com,1985-07-27,Femme,dar beida,0784836816,2025-02-14,Direct
CLI03256,El Azzouzi,Khalid,khalid-elazzouzi@yahoo.fr,1958-09-18,1,Casablanca,0797281885,2025-04-08,Affichage
CLI04738,Hajji,Aziz,aziz_hajji@gmail.com,1958-05-23,Homme,Meknès,0658435814,2023-04-24,TV
CLI04167,El Ouafi,Najat,najat_elouafi@gmail.com,1959-05-05,0,Béni Mellal,0748697121,2023-03-17,Google SEO
CLI04062,Zeroual,Brahim,brahim-zeroual41@outlook.com,2004-03-22,1,Meknès,0695873019,2026-04-09,Facebook
CLI02771,Boulahia,Najat,najat-boulahia26@outlook.com,1963-01-20,F,Fès,0670095830,2024-02-14,Recommandation
CLI02240,Fennich,Laila,laila-fennich@hotmail.com,2005-11-18,Femme,Béni Mellal,0711935391,2022-07-25,Google SEO
CLI00648,Oulhaj,Tarik,tarik-oulhaj@hotmail.com,1950-05-12,male,Tétouan,0718779417,2025-07-02,Influenceur
CLI03826,Moussaoui,Youssef,youssefmoussaoui87@hotmail.com,1986-06-29,H,Oujda,0626630562,2024-04-23,TikTok
CLI03357,Tazi,Driss,driss.tazi@outlook.com,1986-06-22,male,Tétouan,0634671844,2025-06-30,Influenceur
CLI01751,Lahlou,Fatima,fatimalahlou@yahoo.fr,2009-03-11,f,Casablanca,0737085536,2022-12-08,Google SEO
CLI03352,El Moussaoui,Loubna,loubna_elmoussaoui@hotmail.com,1945-12-13,f,Safi,0636810463,2026-02-11,Influenceur
CLI02474,Oulhaj,Oumaima,oumaima.oulhaj39@yahoo.fr,1890-01-01,female,Casablanca,0647429636,2022-08-08,Recommandation
CLI00085,Rhazouani,Anass,anass_rhazouani@hotmail.com,1966-08-11,H,Safi,0797334843,2022-07-07,Recommandation
CLI00083,Boulahia,Oumaima,oumaima.boulahia@yahoo.fr,1995-10-09,0,Safi,0697499309,2022-06-22,Direct
CLI04928,El Mansouri,Latifa,latifaelmansouri64@hotmail.com,1986-01-16,f,Marrakech,0727181100,2025-05-13,Direct
CLI00113,Mernissi,Anass,anassmernissi47@menara.ma,2000-03-14,H,Agadir,0696561014,2025-05-26,Email
CLI02936,El Ouafi,Khadija,khadija.elouafi64@hotmail.com,1989-06-29,Femme,Taza,0635068843,2024-09-27,TV
CLI01354,El Mansouri,Ilham,ilhamelmansouri@hotmail.com,1990-05-11,f,Nador,0772373564,2022-08-01,Google SEO
CLI04242,El Andaloussi,Nadia,nadiaelandaloussi71@hotmail.com,1985-10-03,Femme,Tanger,0628734036,2025-04-23,Facebook
CLI04436,Zeroual,Younes,younes.zeroual@menara.ma,1967-03-08,M,Nador,0795993869,2024-11-25,Email
CLI02027,Tahiri,Zakaria,zakaria.tahiri@menara.ma,1978-02-24,m,Safi,0692689009,2022-05-22,Affichage
CLI01487,Drissi,Mohammed,mohammed-drissi68@outlook.com,1962-06-01,1,Safi,0780645544,2023-02-16,Facebook
CLI02431,Chraibi,Mustapha,mustapha-chraibi@hotmail.com,1977-12-02,H,Rabat,0614894413,2025-02-21,TV
CLI01111,Bouazza,Nadia,nadia_bouazza@outlook.com,1997-02-20,0,Fès,0787156891,2026-01-21,Google SEO
CLI01789,El Mansouri,Sara,saraelmansouri@gmail.com,2008-05-20,0,Tanger,0630506671,2024-03-25,Recommandation
CLI02203,Bakkali,Latifa,latifabakkali@gmail.com,2003-01-19,F,Nador,0767535153,2023-11-08,Recommandation
CLI01732,El Amrani,Chaimae,chaimaeelamrani@yahoo.fr,1989-09-08,f,Nador,0752396749,2022-11-06,TV
CLI03772,Berrada,Fatima,fatima.berrada@menara.ma,1966-07-23,F,Nador,0738291353,2026-04-29,TV
CLI04549,Errami,Hanane,hanane_errami@gmail.com,2015-06-01,Femme,Casablanca,0708062729,2022-10-07,Direct
CLI02279,El Ouafi,Yasmine,yasmineelouafi@gmail.com,2006-01-07,f,Rabat,0637472793,2024-11-05,TV
CLI03076,El Moussaoui,Amine,amine.elmoussaoui@yahoo.fr,1947-07-15,m,Agadir,0659490603,2022-06-20,TikTok
CLI03109,El Khamlichi,Fouad,fouad_elkhamlichi@outlook.com,1993-03-09,m,Tétouan,0639683902,2022-06-07,Affichage
CLI00687,Idrissi,Brahim,brahim-idrissi@gmail.com,1990-03-25,1,Kenitra,0772426423,2025-11-20,Influenceur
CLI03347,Boulahia,Adil,adilboulahia60@hotmail.com,1965-09-03,M,casablanca,0658095316,2024-03-10,Recommandation
CLI02907,Hajji,Sara,sara.hajji@yahoo.fr,1947-02-02,female,Fès,0745088306,2022-08-06,Affichage
CLI02341,Saidi,Riad,riad-saidi87@outlook.com,2003-10-01,Homme,Kenitra,0773352108,2022-12-11,TikTok
CLI00397,Boulahia,Reda,reda.boulahia@outlook.com,1999-12-07,M,Marrakech,0774746897,2025-05-07,Instagram
CLI00155,El Ouafi,Rabha,rabhaelouafi@gmail.com,1981-03-06,0,Marrakech,0791373678,2024-07-13,TikTok
CLI02815,El Hajjaji,Khadija,khadija-elhajjaji@yahoo.fr,1959-11-02,f,kenitra,0613978374,2024-04-30,Direct
CLI03785,Belkadi,Soufiane,soufiane_belkadi@outlook.com,1967-01-07,m,Taza,0601612792,2023-03-29,Recommandation
CLI03540,Ziani,Widad,widad_ziani@outlook.com,1960-04-16,0,Rabat,0690441850,2023-10-08,Direct
CLI00609,Cherkaoui,Ghita,ghita_cherkaoui@menara.ma,1999-11-25,f,Kenitra,0640733337,2024-12-14,Email
CLI93450,Tahiri,Ahmed,ahmedtahiri@menara.ma,1979-06-22,Homme,El Jadida,0731916543,2022-06-01,Google SEO
CLI01998,Errami,Mehdi,mehdi-errami51@hotmail.com,1962-10-26,m,Tanger,0711713402,2023-10-28,TikTok
CLI04336,Rhazouani,Loubna,loubnarhazouani@outlook.com,1974-11-23,f,Meknès,0638220502,2025-01-13,TikTok
CLI02564,El Moussaoui,Houssam,houssam.elmoussaoui@hotmail.com,1957-06-04,Homme,Nador,0677086657,2023-02-11,Recommandation
CLI02565,El Bakkali,Reda,redaelbakkali@outlook.com,1969-07-13,1,Fès,0607506823,2023-08-18,Email
CLI00312,El Hamdouchi,Houssam,houssam_elhamdouchi45@outlook.com,1964-10-19,m,Safi,0791141520,2025-01-06,Affichage
CLI04015,El Ouafi,Siham,siham-elouafi68@yahoo.fr,1977-03-11,Femme,Tanger,0781485396,2022-04-15,Affichage
CLI02874,Moussaoui,Nour,nour-moussaoui@outlook.com,1945-10-07,f,Agadir,0652585355,2023-01-04,TV
CLI02367,El Amrani,Karim,karim-elamrani@yahoo.fr,1976-06-23,male,Tétouan,0702424263,2024-05-24,Email
CLI02317,Errami,Mariam,pasdearobase.com,1968-06-04,0,Meknès,0706799645,2023-03-10,Instagram
CLI04415,Zeroual,Ilham,ilham-zeroual@menara.ma,1947-05-04,0,Tanger,0603472331,2023-06-13,Facebook
CLI01966,Boulahia,Hind,hind-boulahia@hotmail.com,1950-11-02,female,Marrakech,0671500760,2024-07-30,Instagram
CLI00437,El Ouafi,Bilal,bilal.elouafi@hotmail.com,1983-08-13,M,Agadir,0718426945,2022-12-09,Google SEO
CLI03322,Chraibi,Zakaria,zakariachraibi@yahoo.fr,2003-01-02,H,Meknès,0799134680,2026-01-04,Influenceur
CLI02695,Alaoui,Ghita,ghita-alaoui83@menara.ma,1957-07-30,Femme,fès,0723583895,2024-03-14,Instagram
CLI02659,El Moussaoui,Oumaima,oumaimaelmoussaoui84@outlook.com,1961-05-26,0,Marrakech,0791185101,2024-11-22,TikTok
CLI00637,El Hajjaji,Fouad,fouadelhajjaji96@yahoo.fr,1951-06-18,1,Tanger,0646376604,2022-10-31,Influenceur
CLI04883,Lahlou,Hassan,hassanlahlou@yahoo.fr,1980-01-17,M,Tanger,0708440684,2025-08-30,Recommandation
CLI01889,Idrissi,Meryem,meryem.idrissi68@menara.ma,1964-02-08,female,Taza,0697815734,2022-08-02,Instagram
CLI00267,El Ouafi,Rim,rim_elouafi@gmail.com,1987-07-14,0,nador,0672805129,2025-05-07,Facebook
CLI01809,Drissi,Driss,driss-drissi@outlook.com,2002-05-15,H,Agadir,0667718536,2025-07-13,Google SEO
CLI02842,El Bakkali,Riad,riad-elbakkali5@gmail.com,1998-07-26,m,Oujda,0611876567,2025-06-08,Facebook
CLI03140,Benjelloun,Loubna,loubna.benjelloun@gmail.com,1979-07-03,0,El Jadida,0631696466,2025-03-18,Affichage
CLI00269,El Mansouri,Ilham,ilham_elmansouri@outlook.com,1969-08-18,Femme,Safi,0769454414,2023-05-09,TV
CLI01019,El Khamlichi,Riad,riad-elkhamlichi32@gmail.com,1946-10-29,Homme,Agadir,0721062941,2023-01-13,TV
CLI01257,Zeroual,Naima,naima-zeroual@gmail.com,1945-11-15,f,Oujda,0786703656,2023-08-03,Facebook
CLI02224,Tazi,Hicham,hicham_tazi@outlook.com,1997-03-13,Homme,Béni Mellal,0656162173,2023-08-22,Influenceur
CLI00995,Kettani,Siham,sihamkettani@yahoo.fr,1994-08-09,F,Oujda,0781024808,2026-02-08,TikTok
CLI02020,Moussaoui,Ilyas,ilyasmoussaoui@hotmail.com,2002-07-18,m,Oujda,0606616903,2026-01-06,Influenceur
CLI00099,Hajji,Sanaa,sanaa.hajji@outlook.com,1998-08-08,0,Safi,0613983735,2024-03-20,Recommandation
CLI00656,Kettani,Ghita,ghita_kettani34@yahoo.fr,1960-03-18,F,Safi,0732106133,2022-12-13,TV
CLI04079,Benjelloun,Nabil,nabil-benjelloun@menara.ma,1958-11-15,H,Rabat,0729284064,2025-02-21,TikTok
CLI00270,Ksikes,Loubna,pasdearobase.com,1986-12-03,female,Meknès,0681753443,2026-04-07,Google SEO
CLI01227,Ouazzani,Walid,walid-ouazzani@yahoo.fr,2006-06-07,m,Rabat,0670851191,2025-09-30,TV
CLI02364,Alaoui,Salma,salma.alaoui96@yahoo.fr,2006-03-06,female,Taza,0669349106,2023-04-09,Direct
CLI00158,Alaoui,Tarik,tarik_alaoui@outlook.com,2008-09-06,male,Oujda,0794466574,2026-04-14,Email
CLI02019,Benjelloun,Reda,reda.benjelloun@yahoo.fr,2007-10-05,male,Kénitra,0730534289,2024-06-16,Google SEO
CLI04672,Chakir,Abdellatif,abdellatif_chakir@hotmail.com,1955-01-17,M,béni mellal,0691469685,2025-02-11,Instagram
CLI01151,Chraibi,Houda,houda-chraibi23@menara.ma,2015-06-01,F,Kenitra,0659994004,2025-06-17,Instagram
CLI04118,Alaoui,Simo,simo-alaoui@hotmail.com,1971-08-03,m,Tanger,0659693541,2026-03-24,TV
CLI02681,Kettani,Rabha,rabha-kettani@gmail.com,1952-09-02,Femme,Taza,0770608558,2024-09-24,Affichage
CLI03618,Tahiri,Younes,younes-tahiri@menara.ma,1975-09-28,M,Agadir,0644450323,2024-02-03,Instagram
CLI04462,Naciri,Siham,siham-naciri@menara.ma,2002-09-13,F,Safi,0769943569,2022-12-24,TikTok
CLI01358,Kettani,Ahmed,ahmed.kettani@outlook.com,1949-03-27,male,meknes,0787201240,2025-09-23,Facebook
CLI02391,El Ghazi,Tarik,tarikelghazi59@hotmail.com,1964-09-22,M,Oujda,0625076660,2026-01-07,Influenceur
CLI02772,Alaoui,Latifa,latifa-alaoui23@hotmail.com,1958-11-17,Femme,Safi,0793667352,2024-11-06,Instagram
CLI04836,El Hamdouchi,Khadija,khadijaelhamdouchi28@menara.ma,2015-06-01,female,Rabat,0647548002,2023-12-25,TV
CLI04287,El Hamdouchi,Karim,karim.elhamdouchi@menara.ma,1982-01-29,1,Kenitra,0692273558,2023-09-21,Direct
CLI01841,El Hamdouchi,Adil,adil-elhamdouchi56@yahoo.fr,1950-11-11,M,Fès,0726587503,2023-11-04,Instagram
CLI01451,Bouazza,Malika,malika-bouazza48@gmail.com,1947-12-22,f,Tanger,0676947308,2025-03-09,Affichage
CLI03777,El Amrani,Zineb,zineb-elamrani@hotmail.com,1973-08-26,F,Agadir,0696718323,2025-06-15,TV
CLI00033,Drissi,Issam,issam_drissi@outlook.com,1945-08-19,m,El Jadida,0794013990,2023-11-29,Recommandation
CLI91668,Cherkaoui,Nour,nour_cherkaoui7@yahoo.fr,1974-02-14,F,Tétouan,0606754939,2023-07-27,Email
CLI00723,Drissi,Fatima,fatima-drissi@gmail.com,2002-09-16,Femme,Rabat,0742607819,2024-09-20,Direct
CLI02134,El Ghazi,Houda,houda.elghazi@menara.ma,1976-08-18,female,Taza,0631258128,2023-08-29,Direct
CLI03690,Chakir,Rachid,rachid.chakir@hotmail.com,1987-07-20,H,Rabat,0674801559,2024-11-18,Direct
CLI00046,Benkirane,Fouad,fouad.benkirane5@hotmail.com,1971-09-06,male,Meknès,0758692617,2025-07-28,TV
CLI02805,Chraibi,Samir,samir-chraibi@hotmail.com,1976-06-18,1,Meknès,0674221211,2025-11-21,TikTok
CLI00177,Mernissi,Amine,amine_mernissi@yahoo.fr,1993-03-01,1,Marrakech,0783339452,2023-06-17,Facebook
CLI03509,El Khamlichi,Karim,karimelkhamlichi30@hotmail.com,1948-03-09,1,Tétouan,0709960793,2025-02-09,TV
CLI00560,Moussaoui,Ali,ali_moussaoui@outlook.com,1987-01-01,1,Casablanca,0694498830,2023-11-26,TikTok
CLI02727,El Hamdouchi,Nadia,nadia_elhamdouchi@menara.ma,1969-06-14,female,Marrakech,0661422740,2023-08-20,Recommandation
CLI03453,El Amrani,Mustapha,mustapha.elamrani@menara.ma,1949-06-01,male,tanja,0783132975,2025-08-29,Direct
CLI00965,Benkirane,Adil,adil-benkirane11@hotmail.com,1946-12-21,H,Nador,0626118900,2024-11-05,Email
CLI01375,Fennich,Houda,houda.fennich@outlook.com,2007-01-19,F,eljadida,0649992665,2026-04-29,Email
CLI04898,Guerrouj,Houssam,houssam_guerrouj@yahoo.fr,1970-07-27,M,Kenitra,0625444086,2024-12-25,TV
CLI04427,Belkadi,Samir,samir-belkadi@menara.ma,1956-12-16,Homme,Marrakech,0680137425,2025-09-19,Affichage
CLI01340,El Andaloussi,Meryem,meryem_elandaloussi5@menara.ma,1981-10-14,F,OUJDA,0701527311,2025-11-09,Direct
CLI02242,Bouyahia,Youssef,youssef-bouyahia@yahoo.fr,1968-09-11,H,Tanger,0670377312,2023-04-13,Google SEO
CLI03452,Kettani,Soufiane,soufianekettani@gmail.com,2005-07-05,M,Tétouan,0622276158,2022-07-03,Recommandation
CLI04710,El Hajjaji,Rim,rim-elhajjaji@gmail.com,1998-05-28,F,Kenitra,0713085850,2023-09-15,Google SEO
CLI01494,Belkadi,Nabil,nabilbelkadi@yahoo.fr,2001-10-02,1,tétouan,0690488660,2023-01-29,Direct
CLI01357,Bensouda,Nabil,nabil.bensouda81@menara.ma,1954-02-02,1,Rabat,0785653377,2026-02-24,Direct
CLI02365,Bouazza,Ilham,ilham.bouazza40@gmail.com,2000-03-28,Femme,Nador,0682251964,2025-01-17,Facebook
CLI01637,Benali,Anass,anass_benali@hotmail.com,1970-03-31,1,Casablanca,0741119020,2025-08-22,Influenceur
CLI01052,Saidi,Rabha,rabha_saidi@hotmail.com,1956-01-10,f,Béni Mellal,0740364882,2023-11-13,Instagram
CLI00980,Ouazzani,Bilal,bilalouazzani@hotmail.com,1998-04-10,Homme,Tanger,0681822387,2022-04-16,TV
CLI02706,El Hamdouchi,Ilham,ilhamelhamdouchi72@gmail.com,2007-04-05,Femme,Tétouan,0701268315,2025-08-16,Influenceur
CLI02818,Ouazzani,Aicha,aichaouazzani67@hotmail.com,1959-09-04,female,Nador,0647165693,2024-03-17,Affichage
CLI02741,Bakkali,Nabil,nabil-bakkali@hotmail.com,1952-02-09,M,Tanger,0776194561,2022-04-19,TikTok
CLI00610,Benali,Hafida,hafidabenali@outlook.com,1985-10-13,F,Tétouan,0745465535,2022-10-25,Affichage
CLI02545,Fennich,Omar,omar.fennich@yahoo.fr,2000-09-22,H,Marrakech,0782475991,2025-10-25,Instagram
CLI01936,Benali,Naima,naima_benali3@hotmail.com,1954-04-14,female,Safi,0777631032,2023-11-27,Email
CLI03141,El Azzouzi,Siham,sihamelazzouzi@yahoo.fr,1966-03-22,Femme,Safi,0712476859,2023-12-15,Direct
CLI00915,Kettani,Brahim,brahim.kettani@menara.ma,1984-12-15,M,Marrakech,0789950470,2026-03-25,Facebook
CLI02831,El Amrani,Rania,raniaelamrani@yahoo.fr,1982-12-20,f,Casablanca,0691626969,2025-06-23,Influenceur
CLI02744,Alaoui,Hajar,hajar_alaoui44@yahoo.fr,1978-09-08,female,Casablanca,0785847702,2024-08-25,Email
CLI00840,Ksikes,Houssam,houssamksikes@gmail.com,2008-10-30,1,Kenitra,0648268999,2023-12-24,Influenceur
CLI00237,El Fassi,Bilal,bilal_elfassi@outlook.com,1998-10-26,M,Safi,0663926495,2022-10-28,Direct
CLI00675,El Hajjaji,Hind,hind-elhajjaji@hotmail.com,1957-06-23,Femme,Kenitra,0771690618,2022-12-22,Instagram
CLI04471,Tahiri,Youssef,youssef_tahiri@hotmail.com,1964-06-01,M,Nador,0632644739,2026-02-11,Affichage
CLI01590,Saidi,Ilyas,ilyassaidi@outlook.com,1947-04-27,m,casablanca,0782119569,2025-07-31,Influenceur
CLI00669,El Hajjaji,Ahmed,ahmed.elhajjaji36@menara.ma,1960-08-17,H,El Jadida,0727420495,2025-09-03,Influenceur
CLI02580,Berrada,Malika,malika-berrada@hotmail.com,1999-10-30,female,Nador,0724504094,2023-04-15,Instagram
CLI00232,Boulahia,Hamid,hamid-boulahia@outlook.com,1984-07-29,M,Casablanca,0765911665,2024-12-21,TikTok
CLI00695,Saidi,Rim,rim_saidi@yahoo.fr,1994-09-28,Femme,Safi,0626574223,2026-02-16,Instagram
CLI03171,Drissi,Ilyas,ilyasdrissi76@gmail.com,1999-02-13,m,Nador,0687959638,2024-06-01,Recommandation
CLI01652,El Hajjaji,Tarik,tarik-elhajjaji@gmail.com,1950-02-12,Homme,Kenitra,0702759082,2024-08-02,Influenceur
CLI02860,Guerrouj,Manal,manal_guerrouj@yahoo.fr,1971-05-16,Femme,El Jadida,0725328369,2023-01-06,Email
CLI02463,El Moussaoui,Khadija,khadija-elmoussaoui@yahoo.fr,1964-09-16,Femme,Kenitra,0610302212,2026-03-27,Email
CLI02131,Ouazzani,Chaimae,chaimae-ouazzani@menara.ma,1998-11-26,f,Safi,0609805183,2026-01-12,Recommandation
CLI01631,El Moussaoui,Hajar,hajar-elmoussaoui@hotmail.com,1997-04-23,female,Safi,0640947112,2022-07-11,Recommandation
CLI04939,Chakir,Yasmine,yasmine_chakir@hotmail.com,1998-01-21,Femme,BENI MELLAL,0776581799,2022-06-01,Recommandation
CLI03187,Drissi,Soufiane,soufiane-drissi@gmail.com,1950-02-06,M,Nador,0726786178,2023-03-24,Recommandation
CLI04899,El Hajjaji,Riad,riad_elhajjaji@yahoo.fr,1969-11-04,Homme,Rabat,0649090959,2024-11-29,Recommandation
CLI03442,Drissi,Malika,malika.drissi@yahoo.fr,1979-06-30,0,Safi,0642580742,2024-04-19,Facebook
CLI01034,El Hamdouchi,Issam,issam.elhamdouchi@hotmail.com,1972-08-14,H,Meknès,0647238641,2025-07-25,Google SEO
CLI02223,El Ouafi,Sara,sara.elouafi@hotmail.com,1976-08-13,F,Kenitra,0798908763,2023-06-11,Recommandation
CLI03890,El Moussaoui,Othmane,othmane.elmoussaoui42@hotmail.com,1948-06-11,M,Rabat,0783751606,2023-03-30,Instagram
CLI02615,Chraibi,Widad,widadchraibi@gmail.com,1960-12-10,F,El Jadida,0719997211,2025-04-02,Instagram
CLI00534,Boulahia,Salma,salma-boulahia@gmail.com,1977-10-16,female,Agadir,0704387875,2026-02-16,Email
CLI03920,Benkirane,Salma,salma_benkirane67@yahoo.fr,1964-01-24,Femme,Nador,0730400095,2023-12-08,Email
CLI00387,Alaoui,Houda,houda.alaoui82@outlook.com,1950-11-07,0,Tanger,0641257771,2024-02-09,Instagram
CLI01812,Chakir,Houda,houda-chakir@yahoo.fr,2000-10-18,Femme,Kenitra,0764725604,2024-07-18,Influenceur
CLI03990,Filali,Zineb,zineb_filali@hotmail.com,1994-01-01,0,Taza,0779422058,2023-03-30,TikTok
CLI04918,El Andaloussi,Houda,houda-elandaloussi95@outlook.com,1988-07-28,0,Oujda,0605872542,2025-11-13,TV
CLI03811,Oulhaj,Issam,issamoulhaj@menara.ma,1982-02-22,M,El Jadida,0796170885,2023-02-11,Recommandation
CLI01050,El Bakkali,Sanaa,sanaaelbakkali@hotmail.com,1967-08-23,0,Casablanca,0604242536,2026-04-19,TV
CLI02481,El Amrani,Mariam,mariam_elamrani@yahoo.fr,2007-07-08,F,Safi,0791315653,2025-03-05,Influenceur
CLI00586,Naciri,Aziz,aziznaciri@gmail.com,1973-05-12,Homme,Tnja,0724395873,2025-01-25,TV
CLI03976,Zeroual,Riad,riad_zeroual@hotmail.com,1955-08-31,male,Tanger,0694122954,2024-09-12,Direct
CLI03874,Boulahia,Nadia,nadiaboulahia@menara.ma,1993-11-04,Femme,Agadir,0787119674,2023-11-27,Direct
CLI04521,Benali,Nassim,nassim_benali@gmail.com,2006-04-21,m,Tétouan,0765794105,2022-04-02,Google SEO
CLI03623,Bensouda,Ilham,ilhambensouda75@menara.ma,1986-01-26,0,Casablanca,0783003056,2023-11-10,Recommandation
CLI03320,Ksikes,Rania,raniaksikes@outlook.com,1982-03-02,f,Nador,0690313464,2023-10-22,Recommandation
CLI02962,Bensouda,Kawtar,kawtar.bensouda22@gmail.com,1969-05-28,Femme,Agadir,0635851514,2022-08-20,TV
CLI01651,Tahiri,Oumaima,oumaima-tahiri46@outlook.com,1950-01-14,Femme,Kenitra,0618730950,2026-04-23,Direct
CLI00579,Fennich,Younes,younes-fennich99@yahoo.fr,1960-02-21,M,Kenitra,0796434745,2024-07-04,Facebook
CLI02876,Bouyahia,Zineb,zinebbouyahia64@menara.ma,1967-05-24,female,Agadir,0688063958,2024-07-02,Recommandation
CLI01582,Moussaoui,Tarik,tarik_moussaoui@yahoo.fr,1970-04-05,m,Taza,0794321830,2026-01-07,Facebook
CLI01522,El Moussaoui,Zakaria,zakariaelmoussaoui@yahoo.fr,1945-10-06,M,Oujda,0731368593,2022-10-28,Instagram
CLI02259,El Azzouzi,Khadija,khadija.elazzouzi@yahoo.fr,1951-07-04,female,Kenitra,0744002748,2023-07-17,TV
CLI03255,Idrissi,Imane,imane-idrissi37@outlook.com,2015-06-01,F,Kenitra,0601897332,2025-03-03,Recommandation
CLI04127,Idrissi,Soufiane,soufianeidrissi@yahoo.fr,1986-07-26,male,Marrakech,0628392472,2024-06-17,Google SEO
CLI03844,Hajji,Amina,amina.hajji@gmail.com,1965-10-15,f,Safi,0757644932,2026-02-06,Facebook
CLI03282,Moussaoui,Nadia,nadia.moussaoui@yahoo.fr,1955-10-13,Femme,El Jadida,0780120039,2022-12-01,Google SEO
CLI00456,Rhazouani,Laila,laila-rhazouani@menara.ma,2001-01-14,0,Oujda,0787112166,2024-05-17,Email
CLI02863,Benhaddou,Fouad,fouadbenhaddou5@outlook.com,1980-03-13,m,Nador,0716322855,2023-10-02,Influenceur
CLI01611,Lahlou,Mohammed,mohammed-lahlou@yahoo.fr,1959-09-17,male,Tanger,0653423867,2025-06-12,Google SEO
CLI01671,Idrissi,Bilal,bilalidrissi54@outlook.com,1955-02-06,m,Marrakech,0603183933,2025-11-03,Google SEO
CLI00671,Lamrani,Nour,nourlamrani@gmail.com,1962-06-27,0,Meknès,0711145768,2024-10-07,Email
CLI00388,El Hajjaji,Amine,amine-elhajjaji@outlook.com,1990-02-13,male,Casablanca,0721042752,2024-09-06,Email
CLI04857,Alaoui,Mariam,mariam.alaoui@gmail.com,1981-08-24,f,Tétouan,0679242898,2022-11-20,Instagram
CLI03750,Hajji,Naima,naima.hajji@outlook.com,1996-08-24,female,Nador,0749566566,2024-10-12,Google SEO
CLI04409,Oulhaj,Fatima,fatimaoulhaj65@menara.ma,1978-10-17,female,Tétouan,0698216119,2024-02-18,TV
CLI02882,Ksikes,Soufiane,soufianeksikes@gmail.com,1956-11-03,H,Taza,0631650983,2024-08-28,Email
CLI04972,Berrada,Walid,walid.berrada@hotmail.com,1979-08-24,m,Fès,0710180196,2023-09-01,Facebook
CLI00653,El Hamdouchi,Amine,amine_elhamdouchi@yahoo.fr,1957-11-25,m,Kenitra,0762813721,2025-12-25,Recommandation
CLI00825,Lahlou,Salma,salma-lahlou@outlook.com,1973-04-18,Femme,safi,0600622122,2022-12-03,Recommandation
CLI03626,Naciri,Omar,omar.naciri25@outlook.com,1978-10-07,1,Oujda,0615896719,2024-04-05,Influenceur
CLI03043,Chraibi,Hafida,hafida.chraibi77@menara.ma,2005-01-26,Femme,AGADIR,0662895804,2024-10-22,Facebook
CLI03120,Rhazouani,Sanaa,sanaarhazouani@hotmail.com,1975-03-02,0,Rabat,0747283334,2025-07-22,Email
CLI02979,El Khamlichi,Adil,adil_elkhamlichi@hotmail.com,1992-10-31,male,Béni Mellal,0628514136,2024-11-24,Email
CLI03779,Boulahia,Kawtar,kawtar-boulahia@hotmail.com,1998-04-14,female,Kenitra,0708985000,2022-06-10,Email
CLI01279,El Mansouri,Hicham,hichamelmansouri@yahoo.fr,1949-01-07,1,Agadir,0690418985,2022-12-05,Influenceur
CLI04969,Tazi,Simo,simo-tazi@outlook.com,1978-12-13,m,Kenitra,0718851363,2024-08-20,Influenceur
CLI01374,Chakir,Reda,reda_chakir12@menara.ma,1975-12-20,m,Meknès,0743338496,2023-01-05,TikTok
CLI00776,Tazi,Aziz,aziz-tazi@outlook.com,1981-05-23,Homme,Agadir,0638186550,2022-06-26,Direct
CLI02514,Guerrouj,Simo,simo-guerrouj@outlook.com,1964-12-29,male,Kenitra,0641245277,2023-04-22,Google SEO
CLI00994,Tazi,Ahmed,ahmedtazi@menara.ma,1950-03-12,Homme,Fès,0716160881,2022-04-28,TV
CLI02765,Berrada,Siham,siham_berrada44@outlook.com,1973-03-04,Femme,Fès,0720323832,2024-01-04,Facebook
CLI04374,Benomar,Mariam,mariambenomar@gmail.com,1976-04-12,Femme,Marrakech,0614468204,2025-04-29,Google SEO
CLI04231,El Azzouzi,Khalid,khalid-elazzouzi35@yahoo.fr,2008-12-17,m,Nador,0721112596,2026-05-01,Influenceur
CLI01352,Benhaddou,Aicha,aichabenhaddou@gmail.com,1982-07-10,f,Kenitra,0689304616,2023-07-11,Email
CLI01060,Zeroual,Mohammed,mohammedzeroual68@outlook.com,1954-08-01,Homme,Taza,0704347412,2022-09-05,TikTok
CLI03261,Ouazzani,Mustapha,mustapha_ouazzani@yahoo.fr,1953-11-28,M,CASABLANCA,0620056555,2023-06-14,Email
CLI02377,Chraibi,Adil,adil.chraibi63@gmail.com,1982-03-04,1,Tétouan,0727638082,2024-02-08,Influenceur
CLI02762,Belkadi,Oumaima,oumaima-belkadi@outlook.com,1972-12-17,female,Casablanca,0702903008,2025-03-05,Instagram
CLI00698,El Ouafi,Reda,reda_elouafi@menara.ma,1959-04-23,Homme,Casablanca,0683337218,2024-11-20,Affichage
CLI03321,Lamrani,Riad,riad.lamrani@yahoo.fr,1981-01-20,m,BENI MELLAL,0665090128,2025-04-09,Instagram
CLI03400,Chraibi,Ilyas,ilyaschraibi@gmail.com,1981-10-21,m,Tanger,0682074959,2025-08-01,Influenceur
CLI04800,El Hajjaji,Meryem,meryemelhajjaji@outlook.com,1952-07-30,F,Casablanca,0631794623,2024-11-21,Affichage
CLI03500,El Ouafi,Oumaima,oumaima.elouafi1@gmail.com,1982-02-16,female,Béni Mellal,0678961783,2022-09-22,Facebook
CLI02716,Benali,Tarik,tarik-benali@hotmail.com,1953-01-07,1,Fès,0771370587,2025-04-02,Direct
CLI01684,Bensouda,Mustapha,mustapha_bensouda@yahoo.fr,1998-12-13,H,Meknès,0620659100,2025-10-30,Recommandation
CLI00124,Tahiri,Malika,malika-tahiri@menara.ma,1966-06-02,0,Tanger,0627706324,2023-10-03,Facebook
CLI03437,El Fassi,Issam,issam-elfassi@hotmail.com,2000-04-22,1,Meknès,0605025513,2023-05-23,Google SEO
CLI00750,Chakir,Othmane,othmane_chakir@gmail.com,1967-01-16,male,Kenitra,0612600308,2026-01-27,Email
CLI03899,Ouazzani,Laila,laila.ouazzani@hotmail.com,1978-05-10,Femme,Agadir,0788795529,2022-06-13,TV
CLI03514,Rhazouani,Samira,samirarhazouani83@menara.ma,1986-09-30,F,Tétouan,0790866022,2025-09-13,TV
CLI95049,Alaoui,Othmane,othmane-alaoui@outlook.com,2003-12-17,male,Meknès,0689170052,2026-04-28,Facebook
CLI03305,El Moussaoui,Laila,lailaelmoussaoui26@outlook.com,1978-08-23,female,Béni Mellal,0747603107,2026-01-28,Direct
CLI02353,Chakir,Karim,karim_chakir@menara.ma,1977-02-28,male,Meknès,0737196034,2026-01-14,Affichage
CLI03841,Berrada,Ali,ali.berrada@menara.ma,1987-06-18,m,Tanger,0782734599,2024-08-17,Affichage
CLI00784,Errami,Ayoub,ayoub-errami@outlook.com,1953-12-22,M,Agadir,0654318328,2025-08-09,Instagram
CLI03237,El Moussaoui,Mehdi,mehdielmoussaoui@hotmail.com,1949-10-24,m,Oujda,0633215836,2023-06-05,Email
CLI02300,Chraibi,Younes,younes.chraibi@yahoo.fr,1994-12-27,1,El Jadida,0696762428,2024-08-05,TikTok
CLI01110,Bouyahia,Naima,naima_bouyahia@outlook.com,2005-11-05,f,Tétouan,0684440458,2022-11-13,Affichage
CLI01449,Rhazouani,Hassan,hassan_rhazouani@menara.ma,1962-09-24,1,Agadir,0759599550,2024-09-03,TikTok
CLI00964,El Ouafi,Sanaa,sanaa_elouafi@hotmail.com,2001-04-08,F,Safi,0624870987,2025-10-11,Facebook
CLI01768,Lahlou,Mustapha,mustapha_lahlou@hotmail.com,2002-03-16,1,Fès,0794094294,2026-02-05,Instagram
CLI00909,Cherkaoui,Hicham,hicham_cherkaoui4@outlook.com,1982-12-26,M,Kenitra,0771901722,2025-08-14,Facebook
CLI02075,Filali,Nour,nour-filali89@outlook.com,1957-08-08,Femme,Oujda,0627818155,2022-04-01,Email
CLI00161,Bakkali,Karim,karim-bakkali17@yahoo.fr,1976-08-01,male,Safi,0635346554,2024-06-13,TV
CLI04657,Saidi,Latifa,latifa_saidi@hotmail.com,1987-01-23,female,Fès,0624284973,2023-05-31,Affichage
CLI02011,El Moussaoui,Hafida,hafidaelmoussaoui@gmail.com,1968-01-23,Femme,Oujda,0613475619,2022-09-13,Influenceur
CLI03624,El Bakkali,Malika,malikaelbakkali@menara.ma,1947-12-17,female,Agadir,0631839021,2023-10-16,TikTok
CLI03493,El Hamdouchi,Nour,nour-elhamdouchi@hotmail.com,1994-01-26,0,Marrakech,0714930015,2023-11-22,TV
CLI01206,El Ghazi,Brahim,brahimelghazi74@hotmail.com,1952-11-15,male,Tanger,0771446956,2024-09-18,Direct
CLI02532,Alaoui,Ilham,ilham-alaoui@menara.ma,1951-12-11,Femme,Oujda,0637024469,2025-07-15,Affichage
CLI01434,Drissi,Latifa,latifadrissi43@yahoo.fr,1976-09-25,female,Tnja,0693605962,2026-04-23,Direct
CLI00642,Cherkaoui,Imane,imane-cherkaoui88@menara.ma,1977-12-21,0,Agadir,0696170159,2023-07-25,TikTok
CLI02809,Mernissi,Ghita,ghita-mernissi98@outlook.com,1991-04-24,0,TETOUAN,0731999087,2024-01-20,Google SEO
CLI01238,Bouazza,Hanane,hananebouazza@menara.ma,1967-12-31,F,El Jadida,0637295458,2024-08-04,TikTok
CLI02244,Bensouda,Badr,badrbensouda@gmail.com,2006-05-06,m,fès,0623481094,2024-04-29,TikTok
CLI03558,Rhazouani,Latifa,latifa-rhazouani@menara.ma,1992-12-28,f,Nador,0697131158,2022-10-06,Facebook
CLI03843,Drissi,Zakaria,zakaria_drissi92@gmail.com,1987-11-15,1,Taza,0782824104,2023-01-17,Facebook
CLI01045,El Hajjaji,Naima,naima-elhajjaji@gmail.com,1989-12-23,female,Safi,0602178167,2024-10-09,Affichage
